/*
  This file was autogenerated by raw2c.
Visit http://www.devkitpro.org
*/

const unsigned char PressStart2P[] = {
	0x00, 0x01, 0x00, 0x00, 0x00, 0x11, 0x01, 0x00, 0x00, 0x04, 0x00, 0x10, 0x44, 0x53, 0x49, 0x47, 
	0x00, 0x00, 0x00, 0x01, 0x00, 0x01, 0xcd, 0xb4, 0x00, 0x00, 0x00, 0x08, 0x47, 0x44, 0x45, 0x46, 
	0x05, 0x19, 0x05, 0x0f, 0x00, 0x00, 0x01, 0x1c, 0x00, 0x00, 0x00, 0x1c, 0x47, 0x53, 0x55, 0x42, 
	0x25, 0x5f, 0x12, 0xbb, 0x00, 0x00, 0x01, 0x38, 0x00, 0x00, 0x03, 0x64, 0x4f, 0x53, 0x2f, 0x32, 
	0x68, 0x81, 0x74, 0x27, 0x00, 0x00, 0x04, 0x9c, 0x00, 0x00, 0x00, 0x60, 0x63, 0x6d, 0x61, 0x70, 
	0xcc, 0x3b, 0xf4, 0x5d, 0x00, 0x00, 0x04, 0xfc, 0x00, 0x00, 0x09, 0x82, 0x63, 0x76, 0x74, 0x20, 
	0x1f, 0xc1, 0x68, 0xfc, 0x00, 0x01, 0xbf, 0x04, 0x00, 0x00, 0x00, 0xe2, 0x66, 0x70, 0x67, 0x6d, 
	0x76, 0x64, 0x80, 0x7c, 0x00, 0x01, 0xbf, 0xe8, 0x00, 0x00, 0x0d, 0x16, 0x67, 0x61, 0x73, 0x70, 
	0x00, 0x00, 0x00, 0x10, 0x00, 0x01, 0xbe, 0xfc, 0x00, 0x00, 0x00, 0x08, 0x67, 0x6c, 0x79, 0x66, 
	0x77, 0xfe, 0x8d, 0x14, 0x00, 0x00, 0x0e, 0x80, 0x00, 0x01, 0x87, 0xae, 0x68, 0x65, 0x61, 0x64, 
	0x08, 0x75, 0x47, 0xde, 0x00, 0x01, 0x96, 0x30, 0x00, 0x00, 0x00, 0x36, 0x68, 0x68, 0x65, 0x61, 
	0x04, 0xa7, 0x06, 0x7a, 0x00, 0x01, 0x96, 0x68, 0x00, 0x00, 0x00, 0x24, 0x68, 0x6d, 0x74, 0x78, 
	0xef, 0x7a, 0x59, 0x60, 0x00, 0x01, 0x96, 0x8c, 0x00, 0x00, 0x0a, 0x46, 0x6c, 0x6f, 0x63, 0x61, 
	0x1f, 0xa1, 0xbd, 0x64, 0x00, 0x01, 0xa0, 0xd4, 0x00, 0x00, 0x05, 0x26, 0x6d, 0x61, 0x78, 0x70, 
	0x04, 0x2a, 0x0d, 0xc6, 0x00, 0x01, 0xa5, 0xfc, 0x00, 0x00, 0x00, 0x20, 0x6e, 0x61, 0x6d, 0x65, 
	0x41, 0xc0, 0x13, 0xda, 0x00, 0x01, 0xa6, 0x1c, 0x00, 0x00, 0x06, 0x7e, 0x70, 0x6f, 0x73, 0x74, 
	0xe4, 0x9c, 0x7b, 0x75, 0x00, 0x01, 0xac, 0x9c, 0x00, 0x00, 0x12, 0x5d, 0x70, 0x72, 0x65, 0x70, 
	0xd7, 0x19, 0xd6, 0xea, 0x00, 0x01, 0xcd, 0x00, 0x00, 0x00, 0x00, 0xb1, 0x00, 0x01, 0x00, 0x00, 
	0x00, 0x0c, 0x00, 0x00, 0x00, 0x00, 0x00, 0x00, 0x00, 0x02, 0x00, 0x02, 0x02, 0x78, 0x02, 0x7b, 
	0x00, 0x03, 0x02, 0x8f, 0x02, 0x8f, 0x00, 0x03, 0x00, 0x01, 0x00, 0x00, 0x00, 0x0a, 0x00, 0x5e, 
	0x01, 0x4a, 0x00, 0x02, 0x44, 0x46, 0x4c, 0x54, 0x00, 0x0e, 0x6c, 0x61, 0x74, 0x6e, 0x00, 0x24, 
	0x00, 0x04, 0x00, 0x00, 0x00, 0x00, 0xff, 0xff, 0x00, 0x06, 0x00, 0x00, 0x00, 0x03, 0x00, 0x06, 
	0x00, 0x09, 0x00, 0x0d, 0x00, 0x10, 0x00, 0x0a, 0x00, 0x01, 0x43, 0x41, 0x54, 0x20, 0x00, 0x1c, 
	0x00, 0x00, 0xff, 0xff, 0x00, 0x06, 0x00, 0x01, 0x00, 0x04, 0x00, 0x07, 0x00, 0x0a, 0x00, 0x0e, 
	0x00, 0x11, 0x00, 0x00, 0xff, 0xff, 0x00, 0x07, 0x00, 0x02, 0x00, 0x05, 0x00, 0x08, 0x00, 0x0b, 
	0x00, 0x0c, 0x00, 0x0f, 0x00, 0x12, 0x00, 0x13, 0x61, 0x61, 0x6c, 0x74, 0x00, 0x74, 0x61, 0x61, 
	0x6c, 0x74, 0x00, 0x7a, 0x61, 0x61, 0x6c, 0x74, 0x00, 0x80, 0x63, 0x63, 0x6d, 0x70, 0x00, 0x86, 
	0x63, 0x63, 0x6d, 0x70, 0x00, 0x8c, 0x63, 0x63, 0x6d, 0x70, 0x00, 0x92, 0x66, 0x72, 0x61, 0x63, 
	0x00, 0x98, 0x66, 0x72, 0x61, 0x63, 0x00, 0x9e, 0x66, 0x72, 0x61, 0x63, 0x00, 0xa4, 0x6c, 0x69, 
	0x67, 0x61, 0x00, 0xaa, 0x6c, 0x69, 0x67, 0x61, 0x00, 0xb0, 0x6c, 0x69, 0x67, 0x61, 0x00, 0xb6, 
	0x6c, 0x6f, 0x63, 0x6c, 0x00, 0xbc, 0x6f, 0x72, 0x64, 0x6e, 0x00, 0xc2, 0x6f, 0x72, 0x64, 0x6e, 
	0x00, 0xca, 0x6f, 0x72, 0x64, 0x6e, 0x00, 0xd2, 0x73, 0x75, 0x70, 0x73, 0x00, 0xda, 0x73, 0x75, 
	0x70, 0x73, 0x00, 0xe0, 0x73, 0x75, 0x70, 0x73, 0x00, 0xe6, 0x00, 0x00, 0x00, 0x01, 0x00, 0x00, 
	0x00, 0x00, 0x00, 0x01, 0x00, 0x00, 0x00, 0x00, 0x00, 0x01, 0x00, 0x00, 0x00, 0x00, 0x00, 0x01, 
	0x00, 0x01, 0x00, 0x00, 0x00, 0x01, 0x00, 0x01, 0x00, 0x00, 0x00, 0x01, 0x00, 0x01, 0x00, 0x00, 
	0x00, 0x01, 0x00, 0x04, 0x00, 0x00, 0x00, 0x01, 0x00, 0x04, 0x00, 0x00, 0x00, 0x01, 0x00, 0x04, 
	0x00, 0x00, 0x00, 0x01, 0x00, 0x07, 0x00, 0x00, 0x00, 0x01, 0x00, 0x07, 0x00, 0x00, 0x00, 0x01, 
	0x00, 0x07, 0x00, 0x00, 0x00, 0x01, 0x00, 0x02, 0x00, 0x00, 0x00, 0x02, 0x00, 0x05, 0x00, 0x06, 
	0x00, 0x00, 0x00, 0x02, 0x00, 0x05, 0x00, 0x06, 0x00, 0x00, 0x00, 0x02, 0x00, 0x05, 0x00, 0x06, 
	0x00, 0x00, 0x00, 0x01, 0x00, 0x03, 0x00, 0x00, 0x00, 0x01, 0x00, 0x03, 0x00, 0x00, 0x00, 0x01, 
	0x00, 0x03, 0x00, 0x0b, 0x00, 0x18, 0x00, 0x20, 0x00, 0x2a, 0x00, 0x34, 0x00, 0x3c, 0x00, 0x44, 
	0x00, 0x4e, 0x00, 0x56, 0x00, 0x5e, 0x00, 0x66, 0x00, 0x6e, 0x00, 0x01, 0x00, 0x00, 0x00, 0x01, 
	0x01, 0x30, 0x00, 0x06, 0x00, 0x00, 0x00, 0x02, 0x00, 0x56, 0x00, 0x68, 0x00, 0x06, 0x00, 0x00, 
	0x00, 0x02, 0x00, 0x72, 0x00, 0x86, 0x00, 0x01, 0x00, 0x00, 0x00, 0x01, 0x00, 0x90, 0x00, 0x04, 
	0x00, 0x00, 0x00, 0x01, 0x00, 0x8e, 0x00, 0x06, 0x00, 0x00, 0x00, 0x02, 0x00, 0xb2, 0x00, 0xc4, 
	0x00, 0x04, 0x00, 0x00, 0x00, 0x01, 0x00, 0xcc, 0x00, 0x04, 0x00, 0x00, 0x00, 0x01, 0x00, 0xd8, 
	0x00, 0x01, 0x00, 0x00, 0x00, 0x01, 0x01, 0x02, 0x00, 0x04, 0x00, 0x00, 0x00, 0x01, 0x01, 0x00, 
	0x00, 0x01, 0x00, 0x00, 0x00, 0x01, 0x01, 0x16, 0x00, 0x03, 0x00, 0x00, 0x00, 0x01, 0x01, 0x1c, 
	0x00, 0x01, 0x01, 0x22, 0x00, 0x01, 0x00, 0x00, 0x00, 0x08, 0x00, 0x03, 0x00, 0x00, 0x00, 0x01, 
	0x01, 0x0a, 0x00, 0x02, 0x01, 0x18, 0x01, 0x10, 0x00, 0x01, 0x00, 0x00, 0x00, 0x08, 0x00, 0x03, 
	0x00, 0x00, 0x00, 0x02, 0x01, 0x0a, 0x01, 0x10, 0x00, 0x01, 0x01, 0x0a, 0x00, 0x01, 0x00, 0x00, 
	0x00, 0x09, 0x00, 0x03, 0x00, 0x00, 0x00, 0x02, 0x01, 0x02, 0x00, 0xfc, 0x00, 0x01, 0x01, 0x02, 
	0x00, 0x01, 0x00, 0x00, 0x00, 0x09, 0x00, 0x01, 0x00, 0xf4, 0x00, 0x09, 0x00, 0x01, 0x00, 0xf8, 
	0x00, 0x02, 0x00, 0x0a, 0x00, 0x20, 0x00, 0x02, 0x00, 0x06, 0x00, 0x0e, 0x02, 0x06, 0x00, 0x03, 
	0x02, 0x19, 0x01, 0xf9, 0x02, 0x07, 0x00, 0x03, 0x02, 0x19, 0x01, 0xfb, 0x00, 0x01, 0x00, 0x04, 
	0x02, 0x08, 0x00, 0x03, 0x02, 0x19, 0x01, 0xfb, 0x00, 0x03, 0x00, 0x01, 0x00, 0xd4, 0x00, 0x01, 
	0x00, 0xde, 0x00, 0x00, 0x00, 0x01, 0x00, 0x00, 0x00, 0x0a, 0x00, 0x03, 0x00, 0x01, 0x00, 0xc2, 
	0x00, 0x01, 0x00, 0xd4, 0x00, 0x00, 0x00, 0x01, 0x00, 0x00, 0x00, 0x0a, 0x00, 0x01, 0x00, 0xca, 
	0x00, 0x01, 0x00, 0x08, 0x00, 0x01, 0x00, 0x04, 0x02, 0x75, 0x00, 0x03, 0x00, 0xc1, 0x02, 0x13, 
	0x00, 0x01, 0x00, 0xbc, 0x00, 0x01, 0x00, 0x08, 0x00, 0x02, 0x00, 0x06, 0x00, 0x0c, 0x00, 0xf5, 
	0x00, 0x02, 0x00, 0xa4, 0x00, 0xf6, 0x00, 0x02, 0x00, 0xb4, 0x00, 0x02, 0x00, 0xa8, 0x00, 0x09, 
	0x00, 0xf7, 0x00, 0xf8, 0x00, 0xf7, 0x00, 0xa5, 0x00, 0xf8, 0x02, 0x01, 0x02, 0x02, 0x02, 0x03, 
	0x02, 0x04, 0x00, 0x01, 0x00, 0x32, 0x00, 0x01, 0x00, 0x01, 0x00, 0xa0, 0x00, 0x02, 0x00, 0x0a, 
	0x00, 0x14, 0x00, 0x01, 0x00, 0x04, 0x00, 0x40, 0x00, 0x02, 0x02, 0x0b, 0x00, 0x01, 0x00, 0x04, 
	0x00, 0xb8, 0x00, 0x02, 0x02, 0x0b, 0x00, 0x02, 0x00, 0x8a, 0x00, 0x04, 0x00, 0xf7, 0x00, 0xf8, 
	0x00, 0xf7, 0x00, 0xf8, 0x00, 0x01, 0x00, 0x01, 0x00, 0xa4, 0x00, 0x01, 0x00, 0x02, 0x02, 0x78, 
	0x02, 0x79, 0x00, 0x01, 0x00, 0x01, 0x02, 0x7b, 0x00, 0x01, 0x00, 0x01, 0x00, 0xb4, 0x00, 0x01, 
	0x00, 0x01, 0x02, 0x0b, 0x00, 0x01, 0x00, 0x01, 0x00, 0x3c, 0x00, 0x02, 0x00, 0x01, 0x01, 0xf8, 
	0x01, 0xfb, 0x00, 0x00, 0x00, 0x01, 0x00, 0x02, 0x01, 0xf8, 0x01, 0xfa, 0x00, 0x02, 0x00, 0x01, 
	0x01, 0xf7, 0x02, 0x00, 0x00, 0x00, 0x00, 0x01, 0x00, 0x02, 0x00, 0x04, 0x00, 0x7b, 0x00, 0x01, 
	0x00, 0x02, 0x00, 0x49, 0x00, 0xc1, 0x00, 0x01, 0x00, 0x01, 0x00, 0x43, 0x00, 0x01, 0x00, 0x01, 
	0x00, 0x9b, 0x00, 0x01, 0x00, 0x09, 0x00, 0x04, 0x00, 0x49, 0x00, 0x7b, 0x00, 0xa4, 0x00, 0xc1, 
	0x01, 0xf8, 0x01, 0xf9, 0x01, 0xfa, 0x01, 0xfb, 0x00, 0x01, 0x00, 0x02, 0x00, 0x3c, 0x00, 0xb4, 
	0x00, 0x01, 0x00, 0x04, 0x00, 0x04, 0x00, 0x49, 0x00, 0x7b, 0x00, 0xc1, 0x00, 0x04, 0x03, 0xe8, 
	0x01, 0x90, 0x00, 0x05, 0x00, 0x00, 0x02, 0x8a, 0x02, 0x58, 0x00, 0x00, 0x00, 0x4b, 0x02, 0x8a, 
	0x02, 0x58, 0x00, 0x00, 0x01, 0x5e, 0x00, 0x32, 0x01, 0xc2, 0x00, 0x00, 0x00, 0x00, 0x05, 0x00, 
	0x00, 0x00, 0x00, 0x00, 0x00, 0x00, 0x00, 0x00, 0x02, 0x87, 0x00, 0x00, 0x00, 0x00, 0x00, 0x00, 
	0x00, 0x00, 0x00, 0x00, 0x00, 0x00, 0x43, 0x59, 0x52, 0x45, 0x00, 0xc0, 0x00, 0x00, 0xfb, 0x02, 
	0x03, 0xe8, 0x00, 0x00, 0x00, 0x00, 0x03, 0xe8, 0x01, 0x76, 0x20, 0x00, 0x00, 0x9f, 0x00, 0x00, 
	0x00, 0x00, 0x02, 0xee, 0x03, 0xe8, 0x00, 0x00, 0x00, 0x20, 0x00, 0x03, 0x00, 0x00, 0x00, 0x03, 
	0x00, 0x00, 0x00, 0x03, 0x00, 0x00, 0x02, 0x14, 0x00, 0x01, 0x00, 0x00, 0x00, 0x00, 0x00, 0x1c, 
	0x00, 0x03, 0x00, 0x01, 0x00, 0x00, 0x02, 0x14, 0x00, 0x06, 0x01, 0xf8, 0x00, 0x00, 0x00, 0x09, 
	0x00, 0xf7, 0x00, 0x03, 0x00, 0x00, 0x00, 0x00, 0x00, 0x00, 0x00, 0x03, 0x00, 0x00, 0x00, 0x00, 
	0x00, 0x00, 0x00, 0x00, 0x00, 0x00, 0x00, 0x00, 0x00, 0x00, 0x00, 0x00, 0x00, 0x00, 0x00, 0x00, 
	0x00, 0x00, 0x00, 0x00, 0x00, 0x00, 0x00, 0x00, 0x00, 0x00, 0x00, 0x00, 0x00, 0x00, 0x00, 0x00, 
	0x00, 0x03, 0x02, 0x10, 0x02, 0x16, 0x02, 0x12, 0x02, 0x36, 0x02, 0x56, 0x02, 0x6a, 0x02, 0x17, 
	0x02, 0x1f, 0x02, 0x20, 0x02, 0x09, 0x02, 0x41, 0x02, 0x0e, 0x02, 0x24, 0x02, 0x13, 0x02, 0x19, 
	0x01, 0xf7, 0x01, 0xf8, 0x01, 0xf9, 0x01, 0xfa, 0x01, 0xfb, 0x01, 0xfc, 0x01, 0xfd, 0x01, 0xfe, 
	0x01, 0xff, 0x02, 0x00, 0x02, 0x0d, 0x02, 0x18, 0x02, 0x47, 0x02, 0x44, 0x02, 0x46, 0x02, 0x14, 
	0x02, 0x69, 0x00, 0x04, 0x00, 0x0f, 0x00, 0x10, 0x00, 0x16, 0x00, 0x1a, 0x00, 0x24, 0x00, 0x25, 
	0x00, 0x2a, 0x00, 0x2d, 0x00, 0x38, 0x00, 0x3a, 0x00, 0x3c, 0x00, 0x42, 0x00, 0x43, 0x00, 0x49, 
	0x00, 0x54, 0x00, 0x56, 0x00, 0x57, 0x00, 0x5b, 0x00, 0x60, 0x00, 0x64, 0x00, 0x6f, 0x00, 0x70, 
	0x00, 0x72, 0x00, 0x73, 0x00, 0x77, 0x02, 0x1d, 0x02, 0x0a, 0x02, 0x1e, 0x02, 0x76, 0x02, 0x1a, 
	0x02, 0x87, 0x00, 0x7b, 0x00, 0x86, 0x00, 0x87, 0x00, 0x8d, 0x00, 0x91, 0x00, 0x9b, 0x00, 0x9c, 
	0x00, 0xa1, 0x00, 0xa4, 0x00, 0xaf, 0x00, 0xb1, 0x00, 0xb4, 0x00, 0xba, 0x00, 0xbb, 0x00, 0xc1, 
	0x00, 0xcc, 0x00, 0xce, 0x00, 0xcf, 0x00, 0xd3, 0x00, 0xda, 0x00, 0xde, 0x00, 0xe9, 0x00, 0xea, 
	0x00, 0xec, 0x00, 0xed, 0x00, 0xf1, 0x02, 0x1b, 0x02, 0x71, 0x02, 0x1c, 0x02, 0x4c, 0x00, 0x00, 
	0x00, 0x08, 0x00, 0x0c, 0x00, 0x13, 0x00, 0x1b, 0x00, 0x48, 0x00, 0x4d, 0x00, 0x68, 0x00, 0x7c, 
	0x00, 0x80, 0x00, 0x7e, 0x00, 0x7f, 0x00, 0x84, 0x00, 0x83, 0x00, 0x8a, 0x00, 0x92, 0x00, 0x98, 
	0x00, 0x95, 0x00, 0x96, 0x00, 0xa6, 0x00, 0xaa, 0x00, 0xa8, 0x00, 0xa9, 0x00, 0xc0, 0x00, 0xc2, 
	0x00, 0xc6, 0x00, 0xc4, 0x00, 0xc5, 0x00, 0xca, 0x00, 0xdf, 0x00, 0xe3, 0x00, 0xe1, 0x00, 0xe2, 
	0x02, 0x73, 0x02, 0x70, 0x02, 0x34, 0x02, 0x3c, 0x02, 0x6c, 0x02, 0x0c, 0x02, 0x6b, 0x00, 0xd8, 
	0x02, 0x6e, 0x02, 0x6d, 0x02, 0x6f, 0x02, 0x80, 0x02, 0x85, 0x02, 0x45, 0x00, 0x0e, 0x00, 0x51, 
	0x02, 0x4e, 0x02, 0x4a, 0x02, 0x49, 0x02, 0x48, 0x02, 0x3f, 0x02, 0x54, 0x02, 0x55, 0x02, 0x52, 
	0x02, 0x51, 0x01, 0xe1, 0x02, 0x4f, 0x00, 0xf7, 0x00, 0xf8, 0x01, 0xc8, 0x00, 0x85, 0x00, 0xc9, 
	0x02, 0x15, 0x02, 0x11, 0x02, 0x4d, 0x02, 0x53, 0x02, 0x39, 0x02, 0x4b, 0x02, 0x50, 0x02, 0x26, 
	0x02, 0x27, 0x02, 0x0f, 0x02, 0x32, 0x00, 0x09, 0x00, 0x0d, 0x00, 0x52, 0x00, 0x53, 0x00, 0xcb, 
	0x02, 0x22, 0x02, 0x21, 0x02, 0x2b, 0x02, 0x2c, 0x02, 0x2d, 0x02, 0x2e, 0x02, 0x43, 0x02, 0x5c, 
	0x00, 0xf0, 0x00, 0x76, 0x02, 0x05, 0x02, 0x38, 0x02, 0x28, 0x02, 0x29, 0x00, 0xf5, 0x00, 0xf6, 
	0x02, 0x74, 0x02, 0x0b, 0x02, 0x2f, 0x02, 0x2a, 0x02, 0x57, 0x00, 0x07, 0x00, 0x1e, 0x00, 0x05, 
	0x00, 0x1f, 0x00, 0x21, 0x00, 0x2f, 0x00, 0x31, 0x00, 0x32, 0x00, 0x34, 0x00, 0x4a, 0x00, 0x4c, 
	0x02, 0x68, 0x00, 0x4e, 0x00, 0x65, 0x00, 0x67, 0x00, 0x69, 0x00, 0xa5, 0x02, 0x84, 0x02, 0x8c, 
	0x02, 0x89, 0x02, 0x81, 0x02, 0x86, 0x02, 0x8b, 0x02, 0x83, 0x02, 0x88, 0x02, 0x8a, 0x02, 0x82, 
	0x00, 0x04, 0x07, 0x6e, 0x00, 0x00, 0x00, 0xb2, 0x00, 0x80, 0x00, 0x06, 0x00, 0x32, 0x00, 0x00, 
	0x00, 0x0d, 0x00, 0x2f, 0x00, 0x7f, 0x01, 0x48, 0x01, 0x61, 0x01, 0x7f, 0x01, 0x92, 0x02, 0x1b, 
	0x02, 0xbc, 0x02, 0xc7, 0x02, 0xcb, 0x02, 0xdd, 0x03, 0x01, 0x03, 0x26, 0x03, 0x35, 0x03, 0x7a, 
	0x03, 0x7e, 0x03, 0x8a, 0x03, 0x8c, 0x03, 0x90, 0x03, 0xa1, 0x03, 0xb0, 0x03, 0xce, 0x04, 0x0f, 
	0x04, 0x15, 0x04, 0x1a, 0x04, 0x2f, 0x04, 0x35, 0x04, 0x3a, 0x04, 0x5f, 0x04, 0x63, 0x04, 0x6b, 
	0x04, 0x75, 0x04, 0x9d, 0x04, 0xa5, 0x04, 0xb1, 0x04, 0xbb, 0x04, 0xc2, 0x04, 0xcc, 0x04, 0xd9, 
	0x04, 0xdf, 0x04, 0xe9, 0x04, 0xf9, 0x05, 0x1d, 0x05, 0x25, 0x20, 0x15, 0x20, 0x1a, 0x20, 0x1e, 
	0x20, 0x22, 0x20, 0x26, 0x20, 0x30, 0x20, 0x3a, 0x20, 0x44, 0x20, 0x74, 0x20, 0xac, 0x20, 0xaf, 
	0x20, 0xb4, 0x20, 0xb8, 0x20, 0xbd, 0x21, 0x16, 0x21, 0x22, 0x21, 0x90, 0x21, 0x93, 0x22, 0x02, 
	0x22, 0x06, 0x22, 0x0f, 0x22, 0x11, 0x22, 0x15, 0x22, 0x1a, 0x22, 0x1e, 0x22, 0x2b, 0x22, 0x48, 
	0x22, 0x60, 0x22, 0x65, 0x25, 0xb2, 0x25, 0xb6, 0x25, 0xbc, 0x25, 0xc0, 0x25, 0xca, 0x26, 0x06, 
	0x26, 0x60, 0x26, 0x63, 0x26, 0x66, 0x26, 0x6a, 0xf1, 0x01, 0xf8, 0xff, 0xfb, 0x02, 0xff, 0xff, 
	0x00, 0x00, 0x00, 0x00, 0x00, 0x0d, 0x00, 0x20, 0x00, 0x30, 0x00, 0xa0, 0x01, 0x4a, 0x01, 0x64, 
	0x01, 0x92, 0x02, 0x1a, 0x02, 0xbc, 0x02, 0xc6, 0x02, 0xc9, 0x02, 0xd7, 0x03, 0x00, 0x03, 0x26, 
	0x03, 0x35, 0x03, 0x7a, 0x03, 0x7e, 0x03, 0x84, 0x03, 0x8c, 0x03, 0x8e, 0x03, 0x91, 0x03, 0xa3, 
	0x03, 0xb1, 0x04, 0x00, 0x04, 0x10, 0x04, 0x16, 0x04, 0x1b, 0x04, 0x30, 0x04, 0x36, 0x04, 0x3b, 
	0x04, 0x62, 0x04, 0x6a, 0x04, 0x72, 0x04, 0x90, 0x04, 0xa0, 0x04, 0xaa, 0x04, 0xb6, 0x04, 0xc0, 
	0x04, 0xcb, 0x04, 0xcf, 0x04, 0xdc, 0x04, 0xe2, 0x04, 0xee, 0x05, 0x1a, 0x05, 0x24, 0x20, 0x13, 
	0x20, 0x18, 0x20, 0x1c, 0x20, 0x20, 0x20, 0x26, 0x20, 0x30, 0x20, 0x39, 0x20, 0x44, 0x20, 0x74, 
	0x20, 0xac, 0x20, 0xae, 0x20, 0xb4, 0x20, 0xb8, 0x20, 0xbd, 0x21, 0x16, 0x21, 0x22, 0x21, 0x90, 
	0x21, 0x91, 0x22, 0x02, 0x22, 0x06, 0x22, 0x0f, 0x22, 0x11, 0x22, 0x15, 0x22, 0x1a, 0x22, 0x1e, 
	0x22, 0x2b, 0x22, 0x48, 0x22, 0x60, 0x22, 0x64, 0x25, 0xb2, 0x25, 0xb6, 0x25, 0xbc, 0x25, 0xc0, 
	0x25, 0xca, 0x26, 0x05, 0x26, 0x60, 0x26, 0x63, 0x26, 0x65, 0x26, 0x6a, 0xf1, 0x00, 0xf8, 0xff, 
	0xfb, 0x01, 0xff, 0xff, 0x00, 0x01, 0xff, 0xf5, 0x00, 0x00, 0x00, 0x00, 0x00, 0x00, 0x00, 0x00, 
	0x00, 0x00, 0x00, 0xa7, 0x00, 0x00, 0xff, 0xc0, 0x00, 0x00, 0x00, 0x00, 0x00, 0x00, 0xff, 0x78, 
	0xff, 0x54, 0xff, 0x46, 0xfe, 0x7c, 0xfe, 0xb3, 0x00, 0x00, 0xfe, 0x41, 0x00, 0x00, 0xfe, 0x20, 
	0x00, 0x00, 0x00, 0x00, 0x00, 0x00, 0x00, 0x00, 0x00, 0x00, 0x00, 0x00, 0x00, 0x00, 0x00, 0x00, 
	0x00, 0x00, 0x00, 0x00, 0x00, 0x00, 0x00, 0x00, 0x00, 0x00, 0x00, 0x00, 0x00, 0x00, 0x00, 0x00, 
	0x00, 0x00, 0x00, 0x00, 0x00, 0x00, 0x00, 0x00, 0x00, 0x00, 0x00, 0x00, 0x00, 0x00, 0x00, 0x00, 
	0x00, 0x00, 0xe2, 0x15, 0x00, 0x00, 0x00, 0x00, 0xe1, 0xe9, 0xe2, 0x27, 0xe1, 0xef, 0xe1, 0xc1, 
	0xe1, 0x90, 0xe1, 0x8c, 0x00, 0x00, 0xe1, 0x86, 0xe1, 0x85, 0xe1, 0x7e, 0xe1, 0x5f, 0xe1, 0x4d, 
	0xe0, 0xcb, 0xe0, 0xc7, 0xe0, 0x53, 0xe0, 0x4a, 0xe0, 0x42, 0xe0, 0x41, 0xe0, 0x2b, 0xe0, 0x39, 
	0xe0, 0x30, 0xe0, 0x24, 0xe0, 0x03, 0xdf, 0xe5, 0x00, 0x00, 0xdc, 0xab, 0xdc, 0xa8, 0xdc, 0xa3, 
	0xdc, 0xa0, 0xdc, 0x92, 0xdc, 0x5c, 0xdc, 0x03, 0xdc, 0x01, 0xdc, 0x00, 0xdb, 0xfd, 0x00, 0x00, 
	0x00, 0x00, 0x00, 0x00, 0x00, 0x01, 0x00, 0x00, 0x00, 0x00, 0x00, 0xae, 0x00, 0xcc, 0x01, 0x6a, 
	0x02, 0xba, 0x02, 0xe8, 0x00, 0x00, 0x03, 0x1c, 0x00, 0x00, 0x03, 0x1c, 0x03, 0x1e, 0x03, 0x22, 
	0x00, 0x00, 0x00, 0x00, 0x00, 0x00, 0x00, 0x00, 0x00, 0x00, 0x03, 0x24, 0x00, 0x00, 0x03, 0x2e, 
	0x00, 0x00, 0x03, 0x30, 0x03, 0x4a, 0x03, 0x84, 0x03, 0xa2, 0x03, 0xac, 0x03, 0xb4, 0x03, 0xdc, 
	0x03, 0xe6, 0x03, 0xee, 0x04, 0x36, 0x04, 0x38, 0x04, 0x3a, 0x04, 0x40, 0x04, 0x5a, 0x04, 0x64, 
	0x04, 0x72, 0x04, 0x7c, 0x04, 0x80, 0x04, 0x82, 0x04, 0x96, 0x04, 0x9c, 0x04, 0xaa, 0x04, 0xc0, 
	0x04, 0xc6, 0x04, 0xc8, 0x00, 0x00, 0x04, 0xca, 0x04, 0xce, 0x00, 0x00, 0x00, 0x00, 0x00, 0x00, 
	0x00, 0x00, 0x00, 0x00, 0x00, 0x00, 0x04, 0xc6, 0x00, 0x00, 0x00, 0x00, 0x00, 0x00, 0x00, 0x00, 
	0x00, 0x00, 0x00, 0x00, 0x00, 0x00, 0x00, 0x00, 0x00, 0x00, 0x00, 0x00, 0x00, 0x00, 0x00, 0x00, 
	0x00, 0x00, 0x00, 0x00, 0x00, 0x00, 0x00, 0x00, 0x00, 0x00, 0x04, 0xa6, 0x00, 0x00, 0x00, 0x00, 
	0x00, 0x00, 0x00, 0x00, 0x00, 0x00, 0x00, 0x00, 0x00, 0x00, 0x00, 0x00, 0x00, 0x00, 0x00, 0x00, 
	0x04, 0x94, 0x04, 0x96, 0x04, 0x96, 0x00, 0x00, 0x00, 0x03, 0x02, 0x10, 0x02, 0x16, 0x02, 0x12, 
	0x02, 0x36, 0x02, 0x56, 0x02, 0x6a, 0x02, 0x17, 0x02, 0x1f, 0x02, 0x20, 0x02, 0x09, 0x02, 0x41, 
	0x02, 0x0e, 0x02, 0x24, 0x02, 0x13, 0x02, 0x19, 0x01, 0xf7, 0x01, 0xf8, 0x01, 0xf9, 0x01, 0xfa, 
	0x01, 0xfb, 0x01, 0xfc, 0x01, 0xfd, 0x01, 0xfe, 0x01, 0xff, 0x02, 0x00, 0x02, 0x0d, 0x02, 0x18, 
	0x02, 0x47, 0x02, 0x44, 0x02, 0x46, 0x02, 0x14, 0x02, 0x69, 0x00, 0x04, 0x00, 0x0f, 0x00, 0x10, 
	0x00, 0x16, 0x00, 0x1a, 0x00, 0x24, 0x00, 0x25, 0x00, 0x2a, 0x00, 0x2d, 0x00, 0x38, 0x00, 0x3a, 
	0x00, 0x3c, 0x00, 0x42, 0x00, 0x43, 0x00, 0x49, 0x00, 0x54, 0x00, 0x56, 0x00, 0x57, 0x00, 0x5b, 
	0x00, 0x60, 0x00, 0x64, 0x00, 0x6f, 0x00, 0x70, 0x00, 0x72, 0x00, 0x73, 0x00, 0x77, 0x02, 0x1d, 
	0x02, 0x0a, 0x02, 0x1e, 0x02, 0x76, 0x02, 0x1a, 0x02, 0x87, 0x00, 0x7b, 0x00, 0x86, 0x00, 0x87, 
	0x00, 0x8d, 0x00, 0x91, 0x00, 0x9b, 0x00, 0x9c, 0x00, 0xa1, 0x00, 0xa4, 0x00, 0xaf, 0x00, 0xb1, 
	0x00, 0xb4, 0x00, 0xba, 0x00, 0xbb, 0x00, 0xc1, 0x00, 0xcc, 0x00, 0xce, 0x00, 0xcf, 0x00, 0xd3, 
	0x00, 0xda, 0x00, 0xde, 0x00, 0xe9, 0x00, 0xea, 0x00, 0xec, 0x00, 0xed, 0x00, 0xf1, 0x02, 0x1b, 
	0x02, 0x71, 0x02, 0x1c, 0x02, 0x4c, 0x02, 0x33, 0x02, 0x32, 0x02, 0x11, 0x02, 0x34, 0x02, 0x3c, 
	0x02, 0x35, 0x02, 0x3f, 0x02, 0x72, 0x02, 0x6c, 0x02, 0x85, 0x02, 0x6d, 0x00, 0xf7, 0x02, 0x26, 
	0x02, 0x4d, 0x02, 0x25, 0x02, 0x6e, 0x02, 0x89, 0x02, 0x70, 0x02, 0x4a, 0x02, 0x02, 0x02, 0x03, 
	0x02, 0x80, 0x02, 0x54, 0x02, 0x6b, 0x02, 0x0b, 0x02, 0x83, 0x02, 0x01, 0x00, 0xf8, 0x02, 0x27, 
	0x02, 0x07, 0x02, 0x06, 0x02, 0x08, 0x02, 0x15, 0x00, 0x09, 0x00, 0x05, 0x00, 0x07, 0x00, 0x0d, 
	0x00, 0x08, 0x00, 0x0c, 0x00, 0x0e, 0x00, 0x13, 0x00, 0x21, 0x00, 0x1b, 0x00, 0x1e, 0x00, 0x1f, 
	0x00, 0x34, 0x00, 0x2f, 0x00, 0x31, 0x00, 0x32, 0x00, 0x17, 0x00, 0x48, 0x00, 0x4e, 0x00, 0x4a, 
	0x00, 0x4c, 0x00, 0x52, 0x00, 0x4d, 0x02, 0x42, 0x00, 0x51, 0x00, 0x69, 0x00, 0x65, 0x00, 0x67, 
	0x00, 0x68, 0x00, 0x74, 0x00, 0x55, 0x00, 0xd8, 0x00, 0x80, 0x00, 0x7c, 0x00, 0x7e, 0x00, 0x84, 
	0x00, 0x7f, 0x00, 0x83, 0x00, 0x85, 0x00, 0x8a, 0x00, 0x98, 0x00, 0x92, 0x00, 0x95, 0x00, 0x96, 
	0x00, 0xaa, 0x00, 0xa6, 0x00, 0xa8, 0x00, 0xa9, 0x00, 0x8e, 0x00, 0xc0, 0x00, 0xc6, 0x00, 0xc2, 
	0x00, 0xc4, 0x00, 0xca, 0x00, 0xc5, 0x02, 0x43, 0x00, 0xc9, 0x00, 0xe3, 0x00, 0xdf, 0x00, 0xe1, 
	0x00, 0xe2, 0x00, 0xee, 0x00, 0xcd, 0x00, 0xf0, 0x00, 0x0a, 0x00, 0x81, 0x00, 0x06, 0x00, 0x7d, 
	0x00, 0x0b, 0x00, 0x82, 0x00, 0x11, 0x00, 0x88, 0x00, 0x14, 0x00, 0x8b, 0x00, 0x15, 0x00, 0x8c, 
	0x00, 0x12, 0x00, 0x89, 0x00, 0x18, 0x00, 0x8f, 0x00, 0x19, 0x00, 0x90, 0x00, 0x22, 0x00, 0x99, 
	0x00, 0x1c, 0x00, 0x93, 0x00, 0x20, 0x00, 0x97, 0x00, 0x23, 0x00, 0x9a, 0x00, 0x1d, 0x00, 0x94, 
	0x00, 0x27, 0x00, 0x9e, 0x00, 0x26, 0x00, 0x9d, 0x00, 0x29, 0x00, 0xa0, 0x00, 0x28, 0x00, 0x9f, 
	0x00, 0x2c, 0x00, 0xa3, 0x00, 0x2b, 0x00, 0xa2, 0x00, 0x37, 0x00, 0xae, 0x00, 0x35, 0x00, 0xac, 
	0x00, 0x30, 0x00, 0xa7, 0x00, 0x36, 0x00, 0xad, 0x00, 0x33, 0x00, 0xa5, 0x00, 0x2e, 0x00, 0xab, 
	0x00, 0x39, 0x00, 0xb0, 0x00, 0x3b, 0x00, 0xb2, 0x00, 0xb3, 0x00, 0x3d, 0x00, 0xb5, 0x00, 0x3f, 
	0x00, 0xb7, 0x00, 0x3e, 0x00, 0xb6, 0x00, 0x40, 0x00, 0xb8, 0x00, 0x41, 0x00, 0xb9, 0x00, 0x44, 
	0x00, 0xbc, 0x00, 0x46, 0x00, 0xbe, 0x00, 0x45, 0x00, 0xbd, 0x00, 0x47, 0x00, 0xbf, 0x00, 0x50, 
	0x00, 0xc8, 0x00, 0x4b, 0x00, 0xc3, 0x00, 0x4f, 0x00, 0xc7, 0x00, 0x53, 0x00, 0xcb, 0x00, 0x58, 
	0x00, 0xd0, 0x00, 0x5a, 0x00, 0xd2, 0x00, 0x59, 0x00, 0xd1, 0x00, 0x5c, 0x00, 0xd4, 0x00, 0x5f, 
	0x00, 0xd7, 0x00, 0x5e, 0x00, 0xd6, 0x00, 0x5d, 0x00, 0xd5, 0x00, 0x62, 0x00, 0xdc, 0x00, 0x61, 
	0x00, 0xdb, 0x00, 0x6e, 0x00, 0xe8, 0x00, 0x6b, 0x00, 0xe5, 0x00, 0x66, 0x00, 0xe0, 0x00, 0x6d, 
	0x00, 0xe7, 0x00, 0x6a, 0x00, 0xe4, 0x00, 0x6c, 0x00, 0xe6, 0x00, 0x71, 0x00, 0xeb, 0x00, 0x75, 
	0x00, 0xef, 0x00, 0x76, 0x00, 0x78, 0x00, 0xf2, 0x00, 0x7a, 0x00, 0xf4, 0x00, 0x79, 0x00, 0xf3, 
	0x00, 0xd9, 0x00, 0x63, 0x00, 0xdd, 0x02, 0x84, 0x02, 0x82, 0x02, 0x7d, 0x02, 0x7f, 0x02, 0x7e, 
	0x02, 0x77, 0x02, 0x81, 0x02, 0x86, 0x02, 0x8b, 0x02, 0x8a, 0x02, 0x8c, 0x02, 0x88, 0x02, 0x8d, 
	0x02, 0x8e, 0x01, 0xc9, 0x02, 0x30, 0x01, 0xca, 0x01, 0xcb, 0x01, 0xcc, 0x01, 0xce, 0x01, 0xcf, 
	0x01, 0xed, 0x01, 0xc2, 0x01, 0xc3, 0x01, 0xc4, 0x01, 0xc5, 0x01, 0xc6, 0x01, 0xc7, 0x01, 0xc8, 
	0x01, 0xd0, 0x01, 0xd1, 0x01, 0xf3, 0x01, 0xf4, 0x01, 0xf5, 0x01, 0xeb, 0x01, 0xf0, 0x01, 0xd2, 
	0x01, 0xd3, 0x01, 0xd4, 0x01, 0xd5, 0x01, 0xd6, 0x01, 0xd7, 0x01, 0xd8, 0x01, 0xd9, 0x01, 0xda, 
	0x01, 0xdb, 0x01, 0xdc, 0x01, 0xdd, 0x01, 0xde, 0x01, 0xdf, 0x01, 0xe0, 0x01, 0xe1, 0x01, 0xe2, 
	0x01, 0xe3, 0x01, 0xe4, 0x01, 0xe5, 0x01, 0xe6, 0x01, 0xe7, 0x01, 0xe8, 0x01, 0xe9, 0x01, 0xea, 
	0x01, 0xec, 0x01, 0xef, 0x01, 0xf1, 0x01, 0xee, 0x01, 0xf2, 0x01, 0x01, 0x01, 0x02, 0x01, 0x29, 
	0x00, 0xfd, 0x01, 0x21, 0x01, 0x20, 0x01, 0x23, 0x01, 0x24, 0x01, 0x25, 0x01, 0x1e, 0x01, 0x1f, 
	0x01, 0x26, 0x01, 0x09, 0x01, 0x07, 0x01, 0x13, 0x01, 0x1a, 0x00, 0xf9, 0x00, 0xfa, 0x00, 0xfb, 
	0x00, 0xfc, 0x00, 0xff, 0x01, 0x00, 0x01, 0x03, 0x01, 0x04, 0x01, 0x05, 0x01, 0x06, 0x01, 0x08, 
	0x01, 0x0a, 0x01, 0x0b, 0x01, 0x0c, 0x01, 0x0d, 0x01, 0x0e, 0x01, 0x0f, 0x01, 0x10, 0x01, 0x11, 
	0x01, 0x12, 0x01, 0x14, 0x01, 0x15, 0x01, 0x17, 0x01, 0x16, 0x01, 0x18, 0x01, 0x19, 0x01, 0x1c, 
	0x01, 0x1d, 0x01, 0x1b, 0x01, 0x22, 0x01, 0x27, 0x01, 0x28, 0x01, 0x53, 0x01, 0x54, 0x01, 0x55, 
	0x01, 0x56, 0x01, 0x59, 0x01, 0x5a, 0x01, 0x5d, 0x01, 0x5e, 0x01, 0x5f, 0x01, 0x60, 0x01, 0x62, 
	0x01, 0x64, 0x01, 0x65, 0x01, 0x66, 0x01, 0x67, 0x01, 0x68, 0x01, 0x69, 0x01, 0x6a, 0x01, 0x6b, 
	0x01, 0x6c, 0x01, 0x6e, 0x01, 0x6f, 0x01, 0x71, 0x01, 0x70, 0x01, 0x72, 0x01, 0x73, 0x01, 0x76, 
	0x01, 0x77, 0x01, 0x75, 0x01, 0x7c, 0x01, 0x81, 0x01, 0x82, 0x01, 0x5b, 0x01, 0x5c, 0x01, 0x83, 
	0x01, 0x57, 0x01, 0x7b, 0x01, 0x7a, 0x01, 0x7d, 0x01, 0x7e, 0x01, 0x7f, 0x01, 0x78, 0x01, 0x79, 
	0x01, 0x80, 0x01, 0x63, 0x01, 0x61, 0x01, 0x6d, 0x01, 0x74, 0x01, 0x2a, 0x01, 0x84, 0x01, 0x2b, 
	0x01, 0x85, 0x01, 0x2c, 0x01, 0x86, 0x01, 0x2d, 0x01, 0x87, 0x00, 0xfe, 0x01, 0x58, 0x01, 0x2e, 
	0x01, 0x88, 0x01, 0x2f, 0x01, 0x89, 0x01, 0x30, 0x01, 0x8a, 0x01, 0x31, 0x01, 0x8b, 0x01, 0x32, 
	0x01, 0x8c, 0x01, 0x33, 0x01, 0x8d, 0x01, 0x34, 0x01, 0x8e, 0x01, 0x35, 0x01, 0x8f, 0x01, 0xad, 
	0x01, 0xae, 0x01, 0x37, 0x01, 0x91, 0x01, 0x38, 0x01, 0x92, 0x01, 0x39, 0x01, 0x93, 0x01, 0x3a, 
	0x01, 0x94, 0x01, 0x3b, 0x01, 0x95, 0x01, 0x3c, 0x01, 0x96, 0x01, 0x3d, 0x01, 0x97, 0x01, 0x3e, 
	0x01, 0x3f, 0x01, 0x99, 0x01, 0x40, 0x01, 0x9a, 0x01, 0x98, 0x01, 0x41, 0x01, 0x9b, 0x01, 0x42, 
	0x01, 0x9c, 0x01, 0xaf, 0x01, 0xb0, 0x01, 0x43, 0x01, 0x9d, 0x01, 0x44, 0x01, 0x9e, 0x01, 0x45, 
	0x01, 0x9f, 0x01, 0x46, 0x01, 0xa0, 0x01, 0x47, 0x01, 0xa1, 0x01, 0x48, 0x01, 0xa2, 0x01, 0x49, 
	0x01, 0xa3, 0x01, 0x4a, 0x01, 0xa4, 0x01, 0x4b, 0x01, 0xa5, 0x01, 0x4c, 0x01, 0xa6, 0x01, 0x4d, 
	0x01, 0xa7, 0x01, 0x4e, 0x01, 0xa8, 0x01, 0x4f, 0x01, 0xa9, 0x01, 0x50, 0x01, 0xaa, 0x01, 0x51, 
	0x01, 0xab, 0x01, 0x52, 0x01, 0xac, 0x01, 0x36, 0x01, 0x90, 0x02, 0x22, 0x02, 0x21, 0x02, 0x23, 
	0x02, 0x2b, 0x02, 0x2c, 0x02, 0x2a, 0x02, 0x73, 0x02, 0x74, 0x02, 0x0c, 0x02, 0x3e, 0x02, 0x37, 
	0x02, 0x49, 0x02, 0x48, 0x02, 0x90, 0x02, 0x91, 0x02, 0x68, 0x00, 0xf5, 0x00, 0xf6, 0x00, 0x00, 
	0x00, 0x03, 0x00, 0x7d, 0x00, 0x7d, 0x03, 0x6b, 0x03, 0xe8, 0x00, 0x03, 0x00, 0x0b, 0x00, 0x0f, 
	0x00, 0x0a, 0xb7, 0x0e, 0x0c, 0x06, 0x04, 0x01, 0x00, 0x03, 0x30, 0x2b, 0x37, 0x11, 0x21, 0x11, 
	0x01, 0x21, 0x11, 0x21, 0x15, 0x21, 0x15, 0x23, 0x11, 0x33, 0x35, 0x23, 0x7d, 0x02, 0xee, 0xfe, 
	0x0c, 0x01, 0x77, 0xfe, 0x0c, 0x01, 0x77, 0xfa, 0x7d, 0x7d, 0x7d, 0x03, 0x6b, 0xfc, 0x95, 0x01, 
	0x77, 0x01, 0x77, 0x7d, 0x7d, 0xfe, 0x89, 0x7d, 0x00, 0x02, 0x00, 0x00, 0x00, 0x7d, 0x03, 0x6b, 
	0x03, 0xe8, 0x00, 0x0f, 0x00, 0x17, 0x00, 0x86, 0x4b, 0xb0, 0x0a, 0x50, 0x58, 0x40, 0x2f, 0x03, 
	0x01, 0x01, 0x0a, 0x09, 0x00, 0x01, 0x70, 0x0b, 0x01, 0x09, 0x00, 0x0a, 0x09, 0x6e, 0x00, 0x08, 
	0x00, 0x06, 0x05, 0x08, 0x06, 0x65, 0x00, 0x0a, 0x0a, 0x02, 0x5d, 0x00, 0x02, 0x02, 0x49, 0x4b, 
	0x04, 0x01, 0x00, 0x00, 0x4c, 0x4b, 0x0c, 0x07, 0x02, 0x05, 0x05, 0x4a, 0x05, 0x4c, 0x1b, 0x40, 
	0x31, 0x03, 0x01, 0x01, 0x0a, 0x09, 0x0a, 0x01, 0x09, 0x7e, 0x0b, 0x01, 0x09, 0x00, 0x0a, 0x09, 
	0x00, 0x7c, 0x00, 0x08, 0x00, 0x06, 0x05, 0x08, 0x06, 0x65, 0x00, 0x0a, 0x0a, 0x02, 0x5d, 0x00, 
	0x02, 0x02, 0x49, 0x4b, 0x04, 0x01, 0x00, 0x00, 0x4c, 0x4b, 0x0c, 0x07, 0x02, 0x05, 0x05, 0x4a, 
	0x05, 0x4c, 0x59, 0x40, 0x18, 0x00, 0x00, 0x17, 0x16, 0x15, 0x14, 0x13, 0x12, 0x11, 0x10, 0x00, 
	0x0f, 0x00, 0x0f, 0x11, 0x11, 0x11, 0x11, 0x11, 0x11, 0x11, 0x0d, 0x09, 0x1b, 0x2b, 0x35, 0x11, 
	0x33, 0x35, 0x33, 0x35, 0x21, 0x15, 0x33, 0x15, 0x33, 0x11, 0x23, 0x35, 0x21, 0x15, 0x11, 0x21, 
	0x35, 0x23, 0x35, 0x23, 0x15, 0x23, 0x7d, 0x7d, 0x01, 0x77, 0x7d, 0x7d, 0xfa, 0xfe, 0x89, 0x01, 
	0x77, 0x7d, 0x7d, 0x7d, 0x7d, 0x02, 0x71, 0x7d, 0x7d, 0x7d, 0x7d, 0xfd, 0x8f, 0xfa, 0xfa, 0x01, 
	0x77, 0xfa, 0x7d, 0x7d, 0x00, 0x03, 0x00, 0x00, 0x00, 0x7d, 0x03, 0x6b, 0x03, 0xe8, 0x00, 0x03, 
	0x00, 0x17, 0x00, 0x1f, 0x00, 0xa5, 0x4b, 0xb0, 0x0a, 0x50, 0x58, 0x40, 0x3c, 0x0a, 0x01, 0x06, 
	0x0d, 0x0c, 0x05, 0x06, 0x70, 0x00, 0x08, 0x00, 0x0d, 0x06, 0x08, 0x0d, 0x65, 0x00, 0x0f, 0x00, 
	0x03, 0x02, 0x0f, 0x03, 0x65, 0x00, 0x00, 0x00, 0x01, 0x5d, 0x00, 0x01, 0x01, 0x49, 0x4b, 0x0e, 
	0x01, 0x0c, 0x0c, 0x07, 0x5d, 0x09, 0x01, 0x07, 0x07, 0x4c, 0x4b, 0x10, 0x0b, 0x02, 0x05, 0x05, 
	0x02, 0x5e, 0x04, 0x01, 0x02, 0x02, 0x4a, 0x02, 0x4c, 0x1b, 0x40, 0x3d, 0x0a, 0x01, 0x06, 0x0d, 
	0x0c, 0x0d, 0x06, 0x0c, 0x7e, 0x00, 0x08, 0x00, 0x0d, 0x06, 0x08, 0x0d, 0x65, 0x00, 0x0f, 0x00, 
	0x03, 0x02, 0x0f, 0x03, 0x65, 0x00, 0x00, 0x00, 0x01, 0x5d, 0x00, 0x01, 0x01, 0x49, 0x4b, 0x0e, 
	0x01, 0x0c, 0x0c, 0x07, 0x5d, 0x09, 0x01, 0x07, 0x07, 0x4c, 0x4b, 0x10, 0x0b, 0x02, 0x05, 0x05, 
	0x02, 0x5e, 0x04, 0x01, 0x02, 0x02, 0x4a, 0x02, 0x4c, 0x59, 0x40, 0x1e, 0x04, 0x04, 0x1f, 0x1e, 
	0x1d, 0x1c, 0x1b, 0x1a, 0x19, 0x18, 0x04, 0x17, 0x04, 0x17, 0x16, 0x15, 0x14, 0x13, 0x11, 0x11, 
	0x11, 0x11, 0x11, 0x11, 0x12, 0x11, 0x10, 0x11, 0x09, 0x1d, 0x2b, 0x01, 0x23, 0x35, 0x33, 0x13, 
	0x11, 0x23, 0x35, 0x21, 0x15, 0x23, 0x11, 0x33, 0x35, 0x33, 0x35, 0x33, 0x35, 0x33, 0x15, 0x33, 
	0x15, 0x33, 0x15, 0x23, 0x23, 0x35, 0x23, 0x15, 0x23, 0x15, 0x21, 0x02, 0x71, 0x7d, 0x7d, 0xfa, 
	0xfa, 0xfe, 0x89, 0xfa, 0x7d, 0x7d, 0x7d, 0x7d, 0x7d, 0x7d, 0x7d, 0x7d, 0x7d, 0x7d, 0x01, 0x77, 
	0x03, 0x6b, 0x7d, 0xfe, 0x0c, 0xfe, 0x89, 0x7d, 0x7d, 0x01, 0x77, 0x7d, 0x7d, 0x7d, 0x7d, 0x7d, 
	0x7d, 0x7d, 0x7d, 0x7d, 0x00, 0x04, 0x00, 0x00, 0x00, 0x7d, 0x03, 0x6b, 0x03, 0xe8, 0x00, 0x03, 
	0x00, 0x07, 0x00, 0x17, 0x00, 0x1f, 0x00, 0xae, 0x4b, 0xb0, 0x0a, 0x50, 0x58, 0x40, 0x3a, 0x0a, 
	0x01, 0x08, 0x0d, 0x0c, 0x07, 0x08, 0x70, 0x0e, 0x01, 0x0c, 0x07, 0x0d, 0x0c, 0x6e, 0x00, 0x09, 
	0x00, 0x0d, 0x08, 0x09, 0x0d, 0x65, 0x00, 0x0f, 0x00, 0x05, 0x04, 0x0f, 0x05, 0x65, 0x02, 0x01, 
	0x00, 0x00, 0x01, 0x5d, 0x03, 0x10, 0x02, 0x01, 0x01, 0x49, 0x4b, 0x11, 0x0b, 0x02, 0x07, 0x07, 
	0x04, 0x5e, 0x06, 0x01, 0x04, 0x04, 0x4a, 0x04, 0x4c, 0x1b, 0x40, 0x3c, 0x0a, 0x01, 0x08, 0x0d, 
	0x0c, 0x0d, 0x08, 0x0c, 0x7e, 0x0e, 0x01, 0x0c, 0x07, 0x0d, 0x0c, 0x07, 0x7c, 0x00, 0x09, 0x00, 
	0x0d, 0x08, 0x09, 0x0d, 0x65, 0x00, 0x0f, 0x00, 0x05, 0x04, 0x0f, 0x05, 0x65, 0x02, 0x01, 0x00, 
	0x00, 0x01, 0x5d, 0x03, 0x10, 0x02, 0x01, 0x01, 0x49, 0x4b, 0x11, 0x0b, 0x02, 0x07, 0x07, 0x04, 
	0x5e, 0x06, 0x01, 0x04, 0x04, 0x4a, 0x04, 0x4c, 0x59, 0x40, 0x2a, 0x08, 0x08, 0x00, 0x00, 0x1f, 
	0x1e, 0x1d, 0x1c, 0x1b, 0x1a, 0x19, 0x18, 0x08, 0x17, 0x08, 0x17, 0x16, 0x15, 0x14, 0x13, 0x12, 
	0x11, 0x10, 0x0f, 0x0e, 0x0d, 0x0c, 0x0b, 0x0a, 0x09, 0x07, 0x06, 0x05, 0x04, 0x00, 0x03, 0x00, 
	0x03, 0x11, 0x12, 0x09, 0x15, 0x2b, 0x13, 0x15, 0x23, 0x35, 0x05, 0x23, 0x35, 0x33, 0x13, 0x11, 
	0x23, 0x35, 0x21, 0x15, 0x23, 0x11, 0x33, 0x35, 0x33, 0x35, 0x21, 0x15, 0x33, 0x15, 0x23, 0x23, 
	0x35, 0x23, 0x15, 0x23, 0x15, 0x21, 0xfa, 0x7d, 0x02, 0x71, 0x7d, 0x7d, 0x7d, 0xfa, 0xfe, 0x89, 
	0xfa, 0x7d, 0x7d, 0x01, 0x77, 0x7d, 0x7d, 0x7d, 0x7d, 0x7d, 0x01, 0x77, 0x03, 0xe8, 0x7d, 0x7d, 
	0x7d, 0x7d, 0xfe, 0x0c, 0xfe, 0x89, 0x7d, 0x7d, 0x01, 0x77, 0x7d, 0xfa, 0xfa, 0x7d, 0x7d, 0x7d, 
	0x7d, 0x00, 0x00, 0x00, 0x00, 0x03, 0x00, 0x00, 0x00, 0x7d, 0x03, 0x6b, 0x03, 0xe8, 0x00, 0x17, 
	0x00, 0x1b, 0x00, 0x23, 0x00, 0xb9, 0x4b, 0xb0, 0x0a, 0x50, 0x58, 0x40, 0x44, 0x07, 0x01, 0x01, 
	0x10, 0x0f, 0x00, 0x01, 0x70, 0x11, 0x01, 0x0f, 0x00, 0x10, 0x0f, 0x00, 0x7c, 0x05, 0x01, 0x03, 
	0x06, 0x01, 0x02, 0x0c, 0x03, 0x02, 0x65, 0x00, 0x0e, 0x00, 0x0a, 0x09, 0x0e, 0x0a, 0x65, 0x00, 
	0x0d, 0x0d, 0x04, 0x5d, 0x00, 0x04, 0x04, 0x49, 0x4b, 0x00, 0x10, 0x10, 0x0c, 0x5d, 0x00, 0x0c, 
	0x0c, 0x4c, 0x4b, 0x08, 0x01, 0x00, 0x00, 0x09, 0x5e, 0x12, 0x0b, 0x02, 0x09, 0x09, 0x4a, 0x09, 
	0x4c, 0x1b, 0x40, 0x45, 0x07, 0x01, 0x01, 0x10, 0x0f, 0x10, 0x01, 0x0f, 0x7e, 0x11, 0x01, 0x0f, 
	0x00, 0x10, 0x0f, 0x00, 0x7c, 0x05, 0x01, 0x03, 0x06, 0x01, 0x02, 0x0c, 0x03, 0x02, 0x65, 0x00, 
	0x0e, 0x00, 0x0a, 0x09, 0x0e, 0x0a, 0x65, 0x00, 0x0d, 0x0d, 0x04, 0x5d, 0x00, 0x04, 0x04, 0x49, 
	0x4b, 0x00, 0x10, 0x10, 0x0c, 0x5d, 0x00, 0x0c, 0x0c, 0x4c, 0x4b, 0x08, 0x01, 0x00, 0x00, 0x09, 
	0x5e, 0x12, 0x0b, 0x02, 0x09, 0x09, 0x4a, 0x09, 0x4c, 0x59, 0x40, 0x22, 0x00, 0x00, 0x23, 0x22, 
	0x21, 0x20, 0x1f, 0x1e, 0x1d, 0x1c, 0x1b, 0x1a, 0x19, 0x18, 0x00, 0x17, 0x00, 0x17, 0x16, 0x15, 
	0x14, 0x13, 0x11, 0x11, 0x11, 0x11, 0x11, 0x11, 0x11, 0x11, 0x11, 0x13, 0x09, 0x1d, 0x2b, 0x35, 
	0x11, 0x33, 0x35, 0x33, 0x35, 0x23, 0x35, 0x33, 0x35, 0x21, 0x15, 0x33, 0x15, 0x23, 0x15, 0x33, 
	0x15, 0x33, 0x11, 0x23, 0x35, 0x21, 0x15, 0x13, 0x33, 0x35, 0x23, 0x03, 0x21, 0x35, 0x23, 0x35, 
	0x23, 0x15, 0x23, 0x7d, 0x7d, 0x7d, 0x7d, 0x01, 0x77, 0x7d, 0x7d, 0x7d, 0x7d, 0xfa, 0xfe, 0x89, 
	0x7d, 0x7d, 0x7d, 0x7d, 0x01, 0x77, 0x7d, 0x7d, 0x7d, 0x7d, 0x01, 0x77, 0x7d, 0x7d, 0x7d, 0x7d, 
	0x7d, 0x7d, 0x7d, 0x7d, 0xfe, 0x89, 0x7d, 0x7d, 0x02, 0x71, 0x7d, 0xfe, 0x0c, 0x7d, 0x7d, 0x7d, 
	0x00, 0x04, 0x00, 0x00, 0x00, 0x7d, 0x03, 0x6b, 0x03, 0xe8, 0x00, 0x03, 0x00, 0x07, 0x00, 0x17, 
	0x00, 0x1f, 0x00, 0xb8, 0x4b, 0xb0, 0x0a, 0x50, 0x58, 0x40, 0x3d, 0x07, 0x01, 0x05, 0x0e, 0x0d, 
	0x04, 0x05, 0x70, 0x0f, 0x01, 0x0d, 0x04, 0x0e, 0x0d, 0x6e, 0x00, 0x0c, 0x00, 0x0a, 0x09, 0x0c, 
	0x0a, 0x65, 0x11, 0x03, 0x10, 0x03, 0x01, 0x01, 0x00, 0x5d, 0x02, 0x01, 0x00, 0x00, 0x49, 0x4b, 
	0x00, 0x0e, 0x0e, 0x06, 0x5d, 0x00, 0x06, 0x06, 0x4c, 0x4b, 0x08, 0x01, 0x04, 0x04, 0x09, 0x5e, 
	0x12, 0x0b, 0x02, 0x09, 0x09, 0x4a, 0x09, 0x4c, 0x1b, 0x40, 0x3f, 0x07, 0x01, 0x05, 0x0e, 0x0d, 
	0x0e, 0x05, 0x0d, 0x7e, 0x0f, 0x01, 0x0d, 0x04, 0x0e, 0x0d, 0x04, 0x7c, 0x00, 0x0c, 0x00, 0x0a, 
	0x09, 0x0c, 0x0a, 0x65, 0x11, 0x03, 0x10, 0x03, 0x01, 0x01, 0x00, 0x5d, 0x02, 0x01, 0x00, 0x00, 
	0x49, 0x4b, 0x00, 0x0e, 0x0e, 0x06, 0x5d, 0x00, 0x06, 0x06, 0x4c, 0x4b, 0x08, 0x01, 0x04, 0x04, 
	0x09, 0x5e, 0x12, 0x0b, 0x02, 0x09, 0x09, 0x4a, 0x09, 0x4c, 0x59, 0x40, 0x2e, 0x08, 0x08, 0x04, 
	0x04, 0x00, 0x00, 0x1f, 0x1e, 0x1d, 0x1c, 0x1b, 0x1a, 0x19, 0x18, 0x08, 0x17, 0x08, 0x17, 0x16, 
	0x15, 0x14, 0x13, 0x12, 0x11, 0x10, 0x0f, 0x0e, 0x0d, 0x0c, 0x0b, 0x0a, 0x09, 0x04, 0x07, 0x04, 
	0x07, 0x06, 0x05, 0x00, 0x03, 0x00, 0x03, 0x11, 0x13, 0x09, 0x15, 0x2b, 0x13, 0x35, 0x33, 0x15, 
	0x33, 0x35, 0x33, 0x15, 0x01, 0x11, 0x33, 0x35, 0x33, 0x35, 0x21, 0x15, 0x33, 0x15, 0x33, 0x11, 
	0x23, 0x35, 0x21, 0x15, 0x35, 0x21, 0x35, 0x23, 0x35, 0x23, 0x15, 0x23, 0x7d, 0xfa, 0x7d, 0xfa, 
	0xfd, 0x12, 0x7d, 0x7d, 0x01, 0x77, 0x7d, 0x7d, 0xfa, 0xfe, 0x89, 0x01, 0x77, 0x7d, 0x7d, 0x7d, 
	0x03, 0x6b, 0x7d, 0x7d, 0x7d, 0x7d, 0xfd, 0x12, 0x01, 0x77, 0x7d, 0x7d, 0x7d, 0x7d, 0xfe, 0x89, 
	0x7d, 0x7d, 0xfa, 0x7d, 0x7d, 0x7d, 0x00, 0x00, 0x00, 0x03, 0x00, 0x00, 0x00, 0x7d, 0x03, 0x6b, 
	0x03, 0xe8, 0x00, 0x03, 0x00, 0x17, 0x00, 0x1f, 0x00, 0xb3, 0x4b, 0xb0, 0x0a, 0x50, 0x58, 0x40, 
	0x3d, 0x0a, 0x01, 0x06, 0x0d, 0x0c, 0x05, 0x06, 0x70, 0x00, 0x08, 0x00, 0x0d, 0x06, 0x08, 0x0d, 
	0x65, 0x00, 0x0f, 0x00, 0x03, 0x02, 0x0f, 0x03, 0x65, 0x00, 0x00, 0x00, 0x01, 0x5d, 0x10, 0x01, 
	0x01, 0x01, 0x49, 0x4b, 0x0e, 0x01, 0x0c, 0x0c, 0x07, 0x5d, 0x09, 0x01, 0x07, 0x07, 0x4c, 0x4b, 
	0x11, 0x0b, 0x02, 0x05, 0x05, 0x02, 0x5e, 0x04, 0x01, 0x02, 0x02, 0x4a, 0x02, 0x4c, 0x1b, 0x40, 
	0x3e, 0x0a, 0x01, 0x06, 0x0d, 0x0c, 0x0d, 0x06, 0x0c, 0x7e, 0x00, 0x08, 0x00, 0x0d, 0x06, 0x08, 
	0x0d, 0x65, 0x00, 0x0f, 0x00, 0x03, 0x02, 0x0f, 0x03, 0x65, 0x00, 0x00, 0x00, 0x01, 0x5d, 0x10, 
	0x01, 0x01, 0x01, 0x49, 0x4b, 0x0e, 0x01, 0x0c, 0x0c, 0x07, 0x5d, 0x09, 0x01, 0x07, 0x07, 0x4c, 
	0x4b, 0x11, 0x0b, 0x02, 0x05, 0x05, 0x02, 0x5e, 0x04, 0x01, 0x02, 0x02, 0x4a, 0x02, 0x4c, 0x59, 
	0x40, 0x2a, 0x04, 0x04, 0x00, 0x00, 0x1f, 0x1e, 0x1d, 0x1c, 0x1b, 0x1a, 0x19, 0x18, 0x04, 0x17, 
	0x04, 0x17, 0x16, 0x15, 0x14, 0x13, 0x12, 0x11, 0x10, 0x0f, 0x0e, 0x0d, 0x0c, 0x0b, 0x0a, 0x09, 
	0x08, 0x07, 0x06, 0x05, 0x00, 0x03, 0x00, 0x03, 0x11, 0x12, 0x09, 0x15, 0x2b, 0x01, 0x15, 0x23, 
	0x35, 0x01, 0x11, 0x23, 0x35, 0x21, 0x15, 0x23, 0x11, 0x33, 0x35, 0x33, 0x35, 0x33, 0x35, 0x33, 
	0x15, 0x33, 0x15, 0x33, 0x15, 0x23, 0x23, 0x35, 0x23, 0x15, 0x23, 0x15, 0x21, 0x01, 0x77, 0x7d, 
	0x02, 0x71, 0xfa, 0xfe, 0x89, 0xfa, 0x7d, 0x7d, 0x7d, 0x7d, 0x7d, 0x7d, 0x7d, 0x7d, 0x7d, 0x7d, 
	0x01, 0x77, 0x03, 0xe8, 0x7d, 0x7d, 0xfe, 0x0c, 0xfe, 0x89, 0x7d, 0x7d, 0x01, 0x77, 0x7d, 0x7d, 
	0x7d, 0x7d, 0x7d, 0x7d, 0x7d, 0x7d, 0x7d, 0x00, 0x00, 0x03, 0x00, 0x00, 0x00, 0x7d, 0x03, 0x6b, 
	0x03, 0xe8, 0x00, 0x03, 0x00, 0x13, 0x00, 0x1b, 0x00, 0xaa, 0x4b, 0xb0, 0x0a, 0x50, 0x58, 0x40, 
	0x3a, 0x05, 0x01, 0x03, 0x0c, 0x0b, 0x02, 0x03, 0x70, 0x0d, 0x01, 0x0b, 0x02, 0x0c, 0x0b, 0x6e, 
	0x00, 0x0a, 0x00, 0x08, 0x07, 0x0a, 0x08, 0x65, 0x0e, 0x01, 0x01, 0x01, 0x00, 0x5d, 0x00, 0x00, 
	0x00, 0x49, 0x4b, 0x00, 0x0c, 0x0c, 0x04, 0x5d, 0x00, 0x04, 0x04, 0x4c, 0x4b, 0x06, 0x01, 0x02, 
	0x02, 0x07, 0x5e, 0x0f, 0x09, 0x02, 0x07, 0x07, 0x4a, 0x07, 0x4c, 0x1b, 0x40, 0x3c, 0x05, 0x01, 
	0x03, 0x0c, 0x0b, 0x0c, 0x03, 0x0b, 0x7e, 0x0d, 0x01, 0x0b, 0x02, 0x0c, 0x0b, 0x02, 0x7c, 0x00, 
	0x0a, 0x00, 0x08, 0x07, 0x0a, 0x08, 0x65, 0x0e, 0x01, 0x01, 0x01, 0x00, 0x5d, 0x00, 0x00, 0x00, 
	0x49, 0x4b, 0x00, 0x0c, 0x0c, 0x04, 0x5d, 0x00, 0x04, 0x04, 0x4c, 0x4b, 0x06, 0x01, 0x02, 0x02, 
	0x07, 0x5e, 0x0f, 0x09, 0x02, 0x07, 0x07, 0x4a, 0x07, 0x4c, 0x59, 0x40, 0x26, 0x04, 0x04, 0x00, 
	0x00, 0x1b, 0x1a, 0x19, 0x18, 0x17, 0x16, 0x15, 0x14, 0x04, 0x13, 0x04, 0x13, 0x12, 0x11, 0x10, 
	0x0f, 0x0e, 0x0d, 0x0c, 0x0b, 0x0a, 0x09, 0x08, 0x07, 0x06, 0x05, 0x00, 0x03, 0x00, 0x03, 0x11, 
	0x10, 0x09, 0x15, 0x2b, 0x13, 0x35, 0x21, 0x15, 0x01, 0x11, 0x33, 0x35, 0x33, 0x35, 0x21, 0x15, 
	0x33, 0x15, 0x33, 0x11, 0x23, 0x35, 0x21, 0x15, 0x35, 0x21, 0x35, 0x23, 0x35, 0x23, 0x15, 0x23, 
	0x7d, 0x02, 0x71, 0xfd, 0x12, 0x7d, 0x7d, 0x01, 0x77, 0x7d, 0x7d, 0xfa, 0xfe, 0x89, 0x01, 0x77, 
	0x7d, 0x7d, 0x7d, 0x03, 0x6b, 0x7d, 0x7d, 0xfd, 0x12, 0x01, 0x77, 0x7d, 0x7d, 0x7d, 0x7d, 0xfe, 
	0x89, 0x7d, 0x7d, 0xfa, 0x7d, 0x7d, 0x7d, 0x00, 0x00, 0x04, 0x00, 0x00, 0x00, 0x00, 0x03, 0x6b, 
	0x03, 0xe8, 0x00, 0x11, 0x00, 0x19, 0x00, 0x1d, 0x00, 0x21, 0x00, 0xc0, 0x4b, 0xb0, 0x0a, 0x50, 
	0x58, 0x40, 0x46, 0x0b, 0x01, 0x09, 0x05, 0x04, 0x0a, 0x09, 0x70, 0x00, 0x0c, 0x00, 0x02, 0x00, 
	0x0c, 0x02, 0x65, 0x07, 0x01, 0x05, 0x00, 0x01, 0x0d, 0x05, 0x01, 0x65, 0x00, 0x0a, 0x0a, 0x06, 
	0x5d, 0x00, 0x06, 0x06, 0x49, 0x4b, 0x03, 0x01, 0x00, 0x00, 0x04, 0x5d, 0x11, 0x08, 0x02, 0x04, 
	0x04, 0x4c, 0x4b, 0x00, 0x0d, 0x0d, 0x0e, 0x5d, 0x00, 0x0e, 0x0e, 0x4a, 0x4b, 0x00, 0x0f, 0x0f, 
	0x10, 0x5d, 0x12, 0x01, 0x10, 0x10, 0x4e, 0x10, 0x4c, 0x1b, 0x40, 0x47, 0x0b, 0x01, 0x09, 0x05, 
	0x04, 0x05, 0x09, 0x04, 0x7e, 0x00, 0x0c, 0x00, 0x02, 0x00, 0x0c, 0x02, 0x65, 0x07, 0x01, 0x05, 
	0x00, 0x01, 0x0d, 0x05, 0x01, 0x65, 0x00, 0x0a, 0x0a, 0x06, 0x5d, 0x00, 0x06, 0x06, 0x49, 0x4b, 
	0x03, 0x01, 0x00, 0x00, 0x04, 0x5d, 0x11, 0x08, 0x02, 0x04, 0x04, 0x4c, 0x4b, 0x00, 0x0d, 0x0d, 
	0x0e, 0x5d, 0x00, 0x0e, 0x0e, 0x4a, 0x4b, 0x00, 0x0f, 0x0f, 0x10, 0x5d, 0x12, 0x01, 0x10, 0x10, 
	0x4e, 0x10, 0x4c, 0x59, 0x40, 0x25, 0x1e, 0x1e, 0x00, 0x00, 0x1e, 0x21, 0x1e, 0x21, 0x20, 0x1f, 
	0x1d, 0x1c, 0x1b, 0x1a, 0x19, 0x18, 0x17, 0x16, 0x15, 0x14, 0x13, 0x12, 0x00, 0x11, 0x00, 0x11, 
	0x11, 0x11, 0x11, 0x11, 0x11, 0x11, 0x11, 0x11, 0x13, 0x09, 0x1c, 0x2b, 0x01, 0x11, 0x23, 0x15, 
	0x23, 0x35, 0x21, 0x15, 0x23, 0x11, 0x33, 0x35, 0x33, 0x35, 0x21, 0x15, 0x33, 0x15, 0x23, 0x23, 
	0x35, 0x23, 0x15, 0x23, 0x15, 0x21, 0x03, 0x33, 0x15, 0x23, 0x17, 0x35, 0x33, 0x15, 0x03, 0x6b, 
	0x7d, 0x7d, 0xfe, 0x89, 0xfa, 0x7d, 0x7d, 0x01, 0x77, 0x7d, 0x7d, 0x7d, 0x7d, 0x7d, 0x01, 0x77, 
	0x7d, 0x7d, 0x7d, 0x7d, 0xfa, 0x02, 0xee, 0xfe, 0x89, 0x7d, 0xfa, 0x7d, 0x01, 0x77, 0x7d, 0x7d, 
	0x7d, 0x7d, 0x7d, 0x7d, 0x7d, 0xfe, 0x89, 0x7d, 0x7d, 0x7d, 0x7d, 0x00, 0x00, 0x03, 0x00, 0x00, 
	0x00, 0x7d, 0x03, 0x6b, 0x03, 0xe8, 0x00, 0x13, 0x00, 0x17, 0x00, 0x1f, 0x00, 0xa5, 0x4b, 0xb0, 
	0x0a, 0x50, 0x58, 0x40, 0x3c, 0x05, 0x01, 0x01, 0x0e, 0x0d, 0x00, 0x01, 0x70, 0x04, 0x01, 0x02, 
	0x0f, 0x01, 0x0d, 0x00, 0x02, 0x0d, 0x65, 0x00, 0x0c, 0x00, 0x08, 0x07, 0x0c, 0x08, 0x65, 0x00, 
	0x0b, 0x0b, 0x03, 0x5d, 0x00, 0x03, 0x03, 0x49, 0x4b, 0x00, 0x0e, 0x0e, 0x0a, 0x5d, 0x00, 0x0a, 
	0x0a, 0x4c, 0x4b, 0x06, 0x01, 0x00, 0x00, 0x07, 0x5e, 0x10, 0x09, 0x02, 0x07, 0x07, 0x4a, 0x07, 
	0x4c, 0x1b, 0x40, 0x3d, 0x05, 0x01, 0x01, 0x0e, 0x0d, 0x0e, 0x01, 0x0d, 0x7e, 0x04, 0x01, 0x02, 
	0x0f, 0x01, 0x0d, 0x00, 0x02, 0x0d, 0x65, 0x00, 0x0c, 0x00, 0x08, 0x07, 0x0c, 0x08, 0x65, 0x00, 
	0x0b, 0x0b, 0x03, 0x5d, 0x00, 0x03, 0x03, 0x49, 0x4b, 0x00, 0x0e, 0x0e, 0x0a, 0x5d, 0x00, 0x0a, 
	0x0a, 0x4c, 0x4b, 0x06, 0x01, 0x00, 0x00, 0x07, 0x5e, 0x10, 0x09, 0x02, 0x07, 0x07, 0x4a, 0x07, 
	0x4c, 0x59, 0x40, 0x1e, 0x00, 0x00, 0x1f, 0x1e, 0x1d, 0x1c, 0x1b, 0x1a, 0x19, 0x18, 0x17, 0x16, 
	0x15, 0x14, 0x00, 0x13, 0x00, 0x13, 0x11, 0x11, 0x11, 0x11, 0x11, 0x11, 0x11, 0x11, 0x11, 0x11, 
	0x09, 0x1d, 0x2b, 0x35, 0x11, 0x33, 0x35, 0x33, 0x35, 0x33, 0x35, 0x33, 0x15, 0x33, 0x15, 0x33, 
	0x15, 0x33, 0x11, 0x23, 0x35, 0x21, 0x15, 0x13, 0x33, 0x35, 0x23, 0x03, 0x21, 0x35, 0x23, 0x35, 
	0x23, 0x15, 0x23, 0x7d, 0x7d, 0x7d, 0x7d, 0x7d, 0x7d, 0x7d, 0xfa, 0xfe, 0x89, 0x7d, 0x7d, 0x7d, 
	0x7d, 0x01, 0x77, 0x7d, 0x7d, 0x7d, 0x7d, 0x01, 0x77, 0x7d, 0xfa, 0x7d, 0x7d, 0xfa, 0x7d, 0xfe, 
	0x89, 0x7d, 0x7d, 0x02, 0x71, 0x7d, 0xfe, 0x0c, 0x7d, 0x7d, 0x7d, 0x00, 0x00, 0x04, 0x00, 0x00, 
	0x00, 0x7d, 0x03, 0x6b, 0x03, 0xe8, 0x00, 0x15, 0x00, 0x19, 0x00, 0x1d, 0x00, 0x25, 0x00, 0xc3, 
	0x4b, 0xb0, 0x0a, 0x50, 0x58, 0x40, 0x46, 0x00, 0x10, 0x05, 0x04, 0x05, 0x10, 0x04, 0x7e, 0x09, 
	0x01, 0x04, 0x0f, 0x03, 0x04, 0x6e, 0x14, 0x0e, 0x02, 0x08, 0x00, 0x0d, 0x05, 0x08, 0x0d, 0x65, 
	0x00, 0x12, 0x00, 0x01, 0x00, 0x12, 0x01, 0x65, 0x0b, 0x01, 0x06, 0x06, 0x07, 0x5d, 0x0c, 0x01, 
	0x07, 0x07, 0x49, 0x4b, 0x11, 0x01, 0x0f, 0x0f, 0x05, 0x5d, 0x00, 0x05, 0x05, 0x4c, 0x4b, 0x13, 
	0x0a, 0x02, 0x03, 0x03, 0x00, 0x5e, 0x02, 0x01, 0x00, 0x00, 0x4a, 0x00, 0x4c, 0x1b, 0x40, 0x47, 
	0x00, 0x10, 0x05, 0x04, 0x05, 0x10, 0x04, 0x7e, 0x09, 0x01, 0x04, 0x0f, 0x05, 0x04, 0x0f, 0x7c, 
	0x14, 0x0e, 0x02, 0x08, 0x00, 0x0d, 0x05, 0x08, 0x0d, 0x65, 0x00, 0x12, 0x00, 0x01, 0x00, 0x12, 
	0x01, 0x65, 0x0b, 0x01, 0x06, 0x06, 0x07, 0x5d, 0x0c, 0x01, 0x07, 0x07, 0x49, 0x4b, 0x11, 0x01, 
	0x0f, 0x0f, 0x05, 0x5d, 0x00, 0x05, 0x05, 0x4c, 0x4b, 0x13, 0x0a, 0x02, 0x03, 0x03, 0x00, 0x5e, 
	0x02, 0x01, 0x00, 0x00, 0x4a, 0x00, 0x4c, 0x59, 0x40, 0x28, 0x1a, 0x1a, 0x00, 0x00, 0x25, 0x24, 
	0x23, 0x22, 0x21, 0x20, 0x1f, 0x1e, 0x1a, 0x1d, 0x1a, 0x1d, 0x1c, 0x1b, 0x19, 0x18, 0x17, 0x16, 
	0x00, 0x15, 0x00, 0x15, 0x14, 0x13, 0x11, 0x11, 0x11, 0x11, 0x11, 0x11, 0x11, 0x11, 0x11, 0x15, 
	0x09, 0x1d, 0x2b, 0x01, 0x11, 0x23, 0x35, 0x21, 0x15, 0x23, 0x11, 0x33, 0x35, 0x33, 0x35, 0x33, 
	0x35, 0x23, 0x35, 0x33, 0x15, 0x33, 0x15, 0x33, 0x15, 0x11, 0x23, 0x35, 0x33, 0x05, 0x15, 0x23, 
	0x35, 0x01, 0x23, 0x35, 0x23, 0x15, 0x23, 0x15, 0x21, 0x03, 0x6b, 0xfa, 0xfe, 0x89, 0xfa, 0x7d, 
	0x7d, 0x7d, 0x7d, 0xfa, 0x7d, 0x7d, 0x7d, 0x7d, 0xfe, 0x0c, 0x7d, 0x01, 0xf4, 0x7d, 0x7d, 0x7d, 
	0x01, 0x77, 0x01, 0xf4, 0xfe, 0x89, 0x7d, 0x7d, 0x01, 0x77, 0x7d, 0x7d, 0x7d, 0x7d, 0x7d, 0xfa, 
	0x7d, 0x01, 0x77, 0x7d, 0x7d, 0x7d, 0x7d, 0xfe, 0x89, 0x7d, 0x7d, 0x7d, 0x00, 0x02, 0x00, 0x00, 
	0x00, 0x7d, 0x03, 0x6b, 0x03, 0xe8, 0x00, 0x13, 0x00, 0x17, 0x00, 0x98, 0x4b, 0xb0, 0x0a, 0x50, 
	0x58, 0x40, 0x39, 0x00, 0x01, 0x03, 0x0b, 0x00, 0x01, 0x70, 0x00, 0x0b, 0x00, 0x03, 0x0b, 0x6e, 
	0x00, 0x04, 0x00, 0x05, 0x0a, 0x04, 0x05, 0x65, 0x00, 0x0a, 0x00, 0x08, 0x06, 0x0a, 0x08, 0x65, 
	0x00, 0x03, 0x03, 0x02, 0x5d, 0x00, 0x02, 0x02, 0x49, 0x4b, 0x00, 0x00, 0x00, 0x4c, 0x4b, 0x00, 
	0x06, 0x06, 0x07, 0x5d, 0x0c, 0x09, 0x02, 0x07, 0x07, 0x4a, 0x07, 0x4c, 0x1b, 0x40, 0x3b, 0x00, 
	0x01, 0x03, 0x0b, 0x03, 0x01, 0x0b, 0x7e, 0x00, 0x0b, 0x00, 0x03, 0x0b, 0x00, 0x7c, 0x00, 0x04, 
	0x00, 0x05, 0x0a, 0x04, 0x05, 0x65, 0x00, 0x0a, 0x00, 0x08, 0x06, 0x0a, 0x08, 0x65, 0x00, 0x03, 
	0x03, 0x02, 0x5d, 0x00, 0x02, 0x02, 0x49, 0x4b, 0x00, 0x00, 0x00, 0x4c, 0x4b, 0x00, 0x06, 0x06, 
	0x07, 0x5d, 0x0c, 0x09, 0x02, 0x07, 0x07, 0x4a, 0x07, 0x4c, 0x59, 0x40, 0x16, 0x00, 0x00, 0x17, 
	0x16, 0x15, 0x14, 0x00, 0x13, 0x00, 0x13, 0x11, 0x11, 0x11, 0x11, 0x11, 0x11, 0x11, 0x11, 0x11, 
	0x0d, 0x09, 0x1d, 0x2b, 0x35, 0x11, 0x33, 0x35, 0x33, 0x35, 0x21, 0x15, 0x23, 0x15, 0x33, 0x15, 
	0x23, 0x15, 0x33, 0x15, 0x21, 0x35, 0x23, 0x15, 0x11, 0x33, 0x35, 0x23, 0x7d, 0x7d, 0x02, 0x71, 
	0xfa, 0xfa, 0xfa, 0xfa, 0xfe, 0x0c, 0x7d, 0x7d, 0x7d, 0x7d, 0x02, 0x71, 0x7d, 0x7d, 0x7d, 0xfa, 
	0x7d, 0xfa, 0x7d, 0xfa, 0xfa, 0x01, 0x77, 0xfa, 0x00, 0x03, 0x00, 0x00, 0x00, 0x7d, 0x03, 0x6b, 
	0x03, 0xe8, 0x00, 0x0b, 0x00, 0x0f, 0x00, 0x13, 0x00, 0x47, 0x40, 0x44, 0x00, 0x01, 0x00, 0x02, 
	0x06, 0x01, 0x02, 0x65, 0x00, 0x06, 0x00, 0x09, 0x03, 0x06, 0x09, 0x65, 0x00, 0x03, 0x00, 0x04, 
	0x08, 0x03, 0x04, 0x65, 0x00, 0x07, 0x07, 0x00, 0x5d, 0x00, 0x00, 0x00, 0x49, 0x4b, 0x00, 0x08, 
	0x08, 0x05, 0x5d, 0x0a, 0x01, 0x05, 0x05, 0x4a, 0x05, 0x4c, 0x00, 0x00, 0x13, 0x12, 0x11, 0x10, 
	0x0f, 0x0e, 0x0d, 0x0c, 0x00, 0x0b, 0x00, 0x0b, 0x11, 0x11, 0x11, 0x11, 0x11, 0x0b, 0x09, 0x19, 
	0x2b, 0x35, 0x11, 0x21, 0x15, 0x33, 0x15, 0x23, 0x15, 0x33, 0x15, 0x23, 0x15, 0x01, 0x21, 0x35, 
	0x21, 0x11, 0x21, 0x35, 0x21, 0x02, 0xee, 0x7d, 0x7d, 0x7d, 0x7d, 0xfe, 0x0c, 0x01, 0x77, 0xfe, 
	0x89, 0x01, 0x77, 0xfe, 0x89, 0x7d, 0x03, 0x6b, 0x7d, 0xfa, 0x7d, 0xfa, 0x7d, 0x01, 0xf4, 0xfa, 
	0xfd, 0x8f, 0xfa, 0x00, 0x00, 0x01, 0x00, 0x00, 0x00, 0x7d, 0x03, 0x6b, 0x03, 0xe8, 0x00, 0x1b, 
	0x00, 0x51, 0x40, 0x4e, 0x05, 0x01, 0x03, 0x08, 0x01, 0x06, 0x02, 0x03, 0x06, 0x65, 0x0b, 0x01, 
	0x09, 0x0c, 0x01, 0x00, 0x0a, 0x09, 0x00, 0x65, 0x00, 0x07, 0x07, 0x04, 0x5d, 0x00, 0x04, 0x04, 
	0x49, 0x4b, 0x00, 0x01, 0x01, 0x02, 0x5d, 0x00, 0x02, 0x02, 0x4c, 0x4b, 0x00, 0x0a, 0x0a, 0x0d, 
	0x5e, 0x0e, 0x01, 0x0d, 0x0d, 0x4a, 0x0d, 0x4c, 0x00, 0x00, 0x00, 0x1b, 0x00, 0x1b, 0x1a, 0x19, 
	0x18, 0x17, 0x16, 0x15, 0x14, 0x13, 0x11, 0x11, 0x11, 0x11, 0x11, 0x11, 0x11, 0x11, 0x11, 0x0f, 
	0x09, 0x1d, 0x2b, 0x37, 0x35, 0x23, 0x35, 0x23, 0x11, 0x33, 0x35, 0x33, 0x35, 0x21, 0x15, 0x33, 
	0x15, 0x23, 0x35, 0x23, 0x15, 0x23, 0x11, 0x33, 0x15, 0x33, 0x35, 0x33, 0x15, 0x23, 0x15, 0xfa, 
	0x7d, 0x7d, 0x7d, 0x7d, 0x01, 0xf4, 0x7d, 0xfa, 0xfa, 0x7d, 0x7d, 0xfa, 0xfa, 0x7d, 0x7d, 0x7d, 
	0x7d, 0x01, 0x77, 0x7d, 0x7d, 0x7d, 0x7d, 0x7d, 0x7d, 0xfe, 0x89, 0x7d, 0x7d, 0x7d, 0x7d, 0x00, 
	0x00, 0x02, 0x00, 0x00, 0x00, 0x7d, 0x03, 0x6b, 0x03, 0xe8, 0x00, 0x03, 0x00, 0x23, 0x00, 0xb9, 
	0x4b, 0xb0, 0x0a, 0x50, 0x58, 0x40, 0x44, 0x00, 0x0f, 0x00, 0x0e, 0x0e, 0x0f, 0x70, 0x12, 0x11, 
	0x02, 0x0d, 0x04, 0x01, 0x02, 0x0c, 0x0d, 0x02, 0x65, 0x00, 0x0c, 0x00, 0x0b, 0x05, 0x0c, 0x0b, 
	0x65, 0x07, 0x01, 0x05, 0x0a, 0x01, 0x08, 0x06, 0x05, 0x08, 0x65, 0x00, 0x00, 0x00, 0x01, 0x5d, 
	0x00, 0x01, 0x01, 0x49, 0x4b, 0x00, 0x03, 0x03, 0x0e, 0x5d, 0x10, 0x01, 0x0e, 0x0e, 0x4c, 0x4b, 
	0x00, 0x06, 0x06, 0x09, 0x5e, 0x00, 0x09, 0x09, 0x4a, 0x09, 0x4c, 0x1b, 0x40, 0x45, 0x00, 0x0f, 
	0x00, 0x0e, 0x00, 0x0f, 0x0e, 0x7e, 0x12, 0x11, 0x02, 0x0d, 0x04, 0x01, 0x02, 0x0c, 0x0d, 0x02, 
	0x65, 0x00, 0x0c, 0x00, 0x0b, 0x05, 0x0c, 0x0b, 0x65, 0x07, 0x01, 0x05, 0x0a, 0x01, 0x08, 0x06, 
	0x05, 0x08, 0x65, 0x00, 0x00, 0x00, 0x01, 0x5d, 0x00, 0x01, 0x01, 0x49, 0x4b, 0x00, 0x03, 0x03, 
	0x0e, 0x5d, 0x10, 0x01, 0x0e, 0x0e, 0x4c, 0x4b, 0x00, 0x06, 0x06, 0x09, 0x5e, 0x00, 0x09, 0x09, 
	0x4a, 0x09, 0x4c, 0x59, 0x40, 0x22, 0x04, 0x04, 0x04, 0x23, 0x04, 0x23, 0x22, 0x21, 0x20, 0x1f, 
	0x1e, 0x1d, 0x1c, 0x1b, 0x1a, 0x19, 0x18, 0x17, 0x16, 0x15, 0x14, 0x13, 0x11, 0x11, 0x11, 0x11, 
	0x11, 0x11, 0x12, 0x11, 0x10, 0x13, 0x09, 0x1d, 0x2b, 0x01, 0x23, 0x35, 0x33, 0x13, 0x15, 0x23, 
	0x35, 0x23, 0x15, 0x23, 0x15, 0x33, 0x15, 0x33, 0x35, 0x33, 0x15, 0x23, 0x15, 0x21, 0x35, 0x23, 
	0x35, 0x23, 0x35, 0x33, 0x35, 0x33, 0x35, 0x33, 0x35, 0x33, 0x15, 0x33, 0x15, 0x02, 0x71, 0x7d, 
	0x7d, 0xfa, 0xfa, 0xfa, 0x7d, 0x7d, 0xfa, 0xfa, 0x7d, 0xfe, 0x0c, 0x7d, 0x7d, 0x7d, 0x7d, 0x7d, 
	0x7d, 0xfa, 0x03, 0x6b, 0x7d, 0xfe, 0x89, 0x7d, 0x7d, 0x7d, 0x7d, 0x7d, 0x7d, 0x7d, 0x7d, 0x7d, 
	0x7d, 0x7d, 0x7d, 0x7d, 0x7d, 0x7d, 0x7d, 0x00, 0x00, 0x01, 0x00, 0x00, 0x00, 0x7d, 0x03, 0x6b, 
	0x03, 0xe8, 0x00, 0x23, 0x00, 0x61, 0x40, 0x5e, 0x00, 0x06, 0x00, 0x0b, 0x03, 0x06, 0x0b, 0x65, 
	0x09, 0x01, 0x03, 0x0c, 0x01, 0x0a, 0x02, 0x03, 0x0a, 0x65, 0x00, 0x02, 0x00, 0x01, 0x0d, 0x02, 
	0x01, 0x65, 0x0f, 0x01, 0x0d, 0x10, 0x01, 0x00, 0x0e, 0x0d, 0x00, 0x65, 0x08, 0x01, 0x04, 0x04, 
	0x05, 0x5d, 0x07, 0x01, 0x05, 0x05, 0x49, 0x4b, 0x00, 0x0e, 0x0e, 0x11, 0x5e, 0x12, 0x01, 0x11, 
	0x11, 0x4a, 0x11, 0x4c, 0x00, 0x00, 0x00, 0x23, 0x00, 0x23, 0x22, 0x21, 0x20, 0x1f, 0x1e, 0x1d, 
	0x1c, 0x1b, 0x1a, 0x19, 0x18, 0x17, 0x16, 0x15, 0x14, 0x13, 0x11, 0x11, 0x11, 0x11, 0x11, 0x11, 
	0x11, 0x11, 0x11, 0x13, 0x09, 0x1d, 0x2b, 0x37, 0x35, 0x23, 0x35, 0x23, 0x35, 0x33, 0x35, 0x33, 
	0x35, 0x23, 0x35, 0x33, 0x15, 0x33, 0x35, 0x33, 0x15, 0x23, 0x15, 0x33, 0x15, 0x23, 0x35, 0x23, 
	0x15, 0x23, 0x15, 0x33, 0x15, 0x33, 0x35, 0x33, 0x15, 0x23, 0x15, 0xfa, 0x7d, 0x7d, 0x7d, 0x7d, 
	0x7d, 0xfa, 0xfa, 0xfa, 0x7d, 0x7d, 0xfa, 0xfa, 0x7d, 0x7d, 0xfa, 0xfa, 0x7d, 0x7d, 0x7d, 0x7d, 
	0x7d, 0x7d, 0xfa, 0x7d, 0x7d, 0x7d, 0x7d, 0xfa, 0x7d, 0x7d, 0x7d, 0x7d, 0x7d, 0x7d, 0x7d, 0x7d, 
	0x00, 0x02, 0x00, 0x00, 0x00, 0x00, 0x03, 0x6b, 0x03, 0xe8, 0x00, 0x1f, 0x00, 0x23, 0x00, 0x67, 
	0x40, 0x64, 0x12, 0x0f, 0x02, 0x0d, 0x02, 0x01, 0x00, 0x0c, 0x0d, 0x00, 0x65, 0x05, 0x01, 0x03, 
	0x0a, 0x01, 0x06, 0x04, 0x03, 0x06, 0x65, 0x00, 0x04, 0x09, 0x01, 0x07, 0x08, 0x04, 0x07, 0x66, 
	0x00, 0x01, 0x01, 0x0e, 0x5d, 0x00, 0x0e, 0x0e, 0x49, 0x4b, 0x00, 0x0b, 0x0b, 0x0c, 0x5d, 0x00, 
	0x0c, 0x0c, 0x4c, 0x4b, 0x00, 0x08, 0x08, 0x4a, 0x4b, 0x00, 0x10, 0x10, 0x11, 0x5d, 0x00, 0x11, 
	0x11, 0x4e, 0x11, 0x4c, 0x00, 0x00, 0x23, 0x22, 0x21, 0x20, 0x00, 0x1f, 0x00, 0x1f, 0x1e, 0x1d, 
	0x1c, 0x1b, 0x1a, 0x19, 0x18, 0x17, 0x16, 0x15, 0x14, 0x13, 0x11, 0x11, 0x11, 0x11, 0x11, 0x11, 
	0x11, 0x11, 0x11, 0x13, 0x09, 0x1d, 0x2b, 0x01, 0x15, 0x23, 0x35, 0x23, 0x15, 0x23, 0x15, 0x33, 
	0x15, 0x33, 0x35, 0x33, 0x15, 0x23, 0x15, 0x23, 0x15, 0x23, 0x35, 0x23, 0x35, 0x23, 0x35, 0x23, 
	0x35, 0x33, 0x35, 0x33, 0x35, 0x21, 0x15, 0x01, 0x33, 0x15, 0x23, 0x03, 0x6b, 0xfa, 0xfa, 0x7d, 
	0x7d, 0xfa, 0xfa, 0x7d, 0x7d, 0x7d, 0xfa, 0x7d, 0x7d, 0x7d, 0x7d, 0x01, 0xf4, 0xfe, 0x0c, 0xfa, 
	0xfa, 0x03, 0x6b, 0x7d, 0x7d, 0x7d, 0xfa, 0x7d, 0x7d, 0x7d, 0x7d, 0x7d, 0x7d, 0x7d, 0x7d, 0xfa, 
	0x7d, 0x7d, 0x7d, 0xfd, 0x12, 0x7d, 0x00, 0x00, 0x00, 0x02, 0x00, 0x00, 0x00, 0x7d, 0x03, 0x6b, 
	0x03, 0xe8, 0x00, 0x21, 0x00, 0x25, 0x00, 0x6c, 0x40, 0x69, 0x07, 0x01, 0x05, 0x00, 0x04, 0x11, 
	0x05, 0x04, 0x65, 0x08, 0x01, 0x03, 0x0b, 0x01, 0x09, 0x02, 0x03, 0x09, 0x66, 0x00, 0x02, 0x00, 
	0x01, 0x0c, 0x02, 0x01, 0x65, 0x0e, 0x01, 0x0c, 0x0f, 0x01, 0x00, 0x0d, 0x0c, 0x00, 0x65, 0x00, 
	0x12, 0x12, 0x06, 0x5d, 0x00, 0x06, 0x06, 0x49, 0x4b, 0x00, 0x0a, 0x0a, 0x11, 0x5d, 0x00, 0x11, 
	0x11, 0x4c, 0x4b, 0x00, 0x0d, 0x0d, 0x10, 0x5e, 0x13, 0x01, 0x10, 0x10, 0x4a, 0x10, 0x4c, 0x00, 
	0x00, 0x25, 0x24, 0x23, 0x22, 0x00, 0x21, 0x00, 0x21, 0x20, 0x1f, 0x1e, 0x1d, 0x1c, 0x1b, 0x1a, 
	0x19, 0x18, 0x17, 0x16, 0x15, 0x14, 0x13, 0x11, 0x11, 0x11, 0x11, 0x11, 0x11, 0x11, 0x11, 0x11, 
	0x14, 0x09, 0x1d, 0x2b, 0x37, 0x35, 0x23, 0x35, 0x23, 0x35, 0x33, 0x35, 0x33, 0x35, 0x23, 0x35, 
	0x33, 0x35, 0x21, 0x15, 0x33, 0x15, 0x33, 0x15, 0x23, 0x35, 0x23, 0x15, 0x23, 0x15, 0x33, 0x15, 
	0x33, 0x35, 0x33, 0x15, 0x23, 0x15, 0x01, 0x33, 0x35, 0x23, 0xfa, 0x7d, 0x7d, 0x7d, 0x7d, 0x7d, 
	0x7d, 0x01, 0x77, 0x7d, 0x7d, 0xfa, 0xfa, 0x7d, 0x7d, 0xfa, 0xfa, 0x7d, 0xfe, 0x89, 0x7d, 0x7d, 
	0x7d, 0x7d, 0x7d, 0x7d, 0x7d, 0x7d, 0x7d, 0x7d, 0x7d, 0xfa, 0x7d, 0x7d, 0x7d, 0x7d, 0x7d, 0x7d, 
	0x7d, 0x7d, 0x02, 0x71, 0x7d, 0x00, 0x00, 0x00, 0x00, 0x02, 0x00, 0x00, 0x00, 0x7d, 0x03, 0x6b, 
	0x03, 0xe8, 0x00, 0x03, 0x00, 0x1f, 0x00, 0x6a, 0x40, 0x67, 0x07, 0x01, 0x05, 0x0a, 0x01, 0x08, 
	0x04, 0x05, 0x08, 0x65, 0x00, 0x04, 0x00, 0x03, 0x0b, 0x04, 0x03, 0x65, 0x0d, 0x01, 0x0b, 0x0e, 
	0x01, 0x02, 0x0c, 0x0b, 0x02, 0x65, 0x10, 0x01, 0x01, 0x01, 0x00, 0x5d, 0x00, 0x00, 0x00, 0x49, 
	0x4b, 0x00, 0x09, 0x09, 0x06, 0x5d, 0x00, 0x06, 0x06, 0x4c, 0x4b, 0x00, 0x0c, 0x0c, 0x0f, 0x5e, 
	0x11, 0x01, 0x0f, 0x0f, 0x4a, 0x0f, 0x4c, 0x04, 0x04, 0x00, 0x00, 0x04, 0x1f, 0x04, 0x1f, 0x1e, 
	0x1d, 0x1c, 0x1b, 0x1a, 0x19, 0x18, 0x17, 0x16, 0x15, 0x14, 0x13, 0x12, 0x11, 0x10, 0x0f, 0x0e, 
	0x0d, 0x0c, 0x0b, 0x0a, 0x09, 0x08, 0x07, 0x06, 0x05, 0x00, 0x03, 0x00, 0x03, 0x11, 0x12, 0x09, 
	0x15, 0x2b, 0x01, 0x35, 0x33, 0x15, 0x01, 0x35, 0x23, 0x35, 0x23, 0x35, 0x33, 0x35, 0x33, 0x35, 
	0x21, 0x15, 0x33, 0x15, 0x23, 0x35, 0x23, 0x15, 0x23, 0x15, 0x33, 0x15, 0x33, 0x35, 0x33, 0x15, 
	0x23, 0x15, 0x01, 0x77, 0xfa, 0xfe, 0x89, 0x7d, 0x7d, 0x7d, 0x7d, 0x01, 0xf4, 0x7d, 0xfa, 0xfa, 
	0x7d, 0x7d, 0xfa, 0xfa, 0x7d, 0x03, 0x6b, 0x7d, 0x7d, 0xfd, 0x12, 0x7d, 0x7d, 0x7d, 0x7d, 0x7d, 
	0x7d, 0x7d, 0x7d, 0x7d, 0x7d, 0x7d, 0x7d, 0x7d, 0x7d, 0x00, 0x00, 0x00, 0x00, 0x02, 0x00, 0x00, 
	0x00, 0x7d, 0x03, 0x6b, 0x03, 0xe8, 0x00, 0x0b, 0x00, 0x13, 0x00, 0x92, 0x4b, 0xb0, 0x0a, 0x50, 
	0x58, 0x40, 0x36, 0x00, 0x08, 0x01, 0x02, 0x09, 0x08, 0x70, 0x00, 0x07, 0x03, 0x04, 0x06, 0x07, 
	0x70, 0x00, 0x01, 0x00, 0x04, 0x06, 0x01, 0x04, 0x65, 0x00, 0x09, 0x09, 0x00, 0x5d, 0x00, 0x00, 
	0x00, 0x49, 0x4b, 0x00, 0x03, 0x03, 0x02, 0x5d, 0x00, 0x02, 0x02, 0x4c, 0x4b, 0x00, 0x06, 0x06, 
	0x05, 0x5e, 0x0a, 0x01, 0x05, 0x05, 0x4a, 0x05, 0x4c, 0x1b, 0x40, 0x38, 0x00, 0x08, 0x01, 0x02, 
	0x01, 0x08, 0x02, 0x7e, 0x00, 0x07, 0x03, 0x04, 0x03, 0x07, 0x04, 0x7e, 0x00, 0x01, 0x00, 0x04, 
	0x06, 0x01, 0x04, 0x65, 0x00, 0x09, 0x09, 0x00, 0x5d, 0x00, 0x00, 0x00, 0x49, 0x4b, 0x00, 0x03, 
	0x03, 0x02, 0x5d, 0x00, 0x02, 0x02, 0x4c, 0x4b, 0x00, 0x06, 0x06, 0x05, 0x5e, 0x0a, 0x01, 0x05, 
	0x05, 0x4a, 0x05, 0x4c, 0x59, 0x40, 0x16, 0x00, 0x00, 0x13, 0x12, 0x11, 0x10, 0x0f, 0x0e, 0x0d, 
	0x0c, 0x00, 0x0b, 0x00, 0x0b, 0x11, 0x11, 0x11, 0x11, 0x11, 0x0b, 0x09, 0x19, 0x2b, 0x35, 0x11, 
	0x21, 0x15, 0x33, 0x15, 0x33, 0x11, 0x23, 0x15, 0x23, 0x15, 0x25, 0x33, 0x35, 0x33, 0x11, 0x23, 
	0x35, 0x23, 0x02, 0x71, 0x7d, 0x7d, 0x7d, 0x7d, 0xfe, 0x89, 0xfa, 0x7d, 0x7d, 0xfa, 0x7d, 0x03, 
	0x6b, 0x7d, 0x7d, 0xfe, 0x89, 0x7d, 0x7d, 0x7d, 0x7d, 0x01, 0x77, 0x7d, 0x00, 0x02, 0x00, 0x00, 
	0x00, 0x7d, 0x03, 0x6b, 0x03, 0xe8, 0x00, 0x0f, 0x00, 0x1b, 0x00, 0xac, 0x4b, 0xb0, 0x0a, 0x50, 
	0x58, 0x40, 0x40, 0x00, 0x0a, 0x03, 0x04, 0x0b, 0x0a, 0x70, 0x00, 0x09, 0x05, 0x06, 0x08, 0x09, 
	0x70, 0x0c, 0x01, 0x01, 0x0d, 0x01, 0x00, 0x05, 0x01, 0x00, 0x65, 0x00, 0x03, 0x00, 0x06, 0x08, 
	0x03, 0x06, 0x65, 0x00, 0x0b, 0x0b, 0x02, 0x5d, 0x00, 0x02, 0x02, 0x49, 0x4b, 0x00, 0x05, 0x05, 
	0x04, 0x5d, 0x00, 0x04, 0x04, 0x4c, 0x4b, 0x00, 0x08, 0x08, 0x07, 0x5e, 0x0e, 0x01, 0x07, 0x07, 
	0x4a, 0x07, 0x4c, 0x1b, 0x40, 0x42, 0x00, 0x0a, 0x03, 0x04, 0x03, 0x0a, 0x04, 0x7e, 0x00, 0x09, 
	0x05, 0x06, 0x05, 0x09, 0x06, 0x7e, 0x0c, 0x01, 0x01, 0x0d, 0x01, 0x00, 0x05, 0x01, 0x00, 0x65, 
	0x00, 0x03, 0x00, 0x06, 0x08, 0x03, 0x06, 0x65, 0x00, 0x0b, 0x0b, 0x02, 0x5d, 0x00, 0x02, 0x02, 
	0x49, 0x4b, 0x00, 0x05, 0x05, 0x04, 0x5d, 0x00, 0x04, 0x04, 0x4c, 0x4b, 0x00, 0x08, 0x08, 0x07, 
	0x5e, 0x0e, 0x01, 0x07, 0x07, 0x4a, 0x07, 0x4c, 0x59, 0x40, 0x1c, 0x00, 0x00, 0x1b, 0x1a, 0x19, 
	0x18, 0x17, 0x16, 0x15, 0x14, 0x13, 0x12, 0x11, 0x10, 0x00, 0x0f, 0x00, 0x0f, 0x11, 0x11, 0x11, 
	0x11, 0x11, 0x11, 0x11, 0x0f, 0x09, 0x1b, 0x2b, 0x37, 0x11, 0x23, 0x35, 0x33, 0x11, 0x21, 0x15, 
	0x33, 0x15, 0x33, 0x11, 0x23, 0x15, 0x23, 0x15, 0x27, 0x33, 0x35, 0x33, 0x11, 0x23, 0x35, 0x23, 
	0x15, 0x33, 0x15, 0x23, 0x7d, 0x7d, 0x7d, 0x01, 0xf4, 0x7d, 0x7d, 0x7d, 0x7d, 0xfa, 0x7d, 0x7d, 
	0x7d, 0x7d, 0x7d, 0x7d, 0x7d, 0x01, 0x77, 0x7d, 0x01, 0x77, 0x7d, 0x7d, 0xfe, 0x89, 0x7d, 0x7d, 
	0x7d, 0x7d, 0x01, 0x77, 0x7d, 0xfa, 0x7d, 0x00, 0x00, 0x02, 0x00, 0x00, 0x00, 0x7d, 0x03, 0x6b, 
	0x03, 0xe8, 0x00, 0x15, 0x00, 0x1d, 0x00, 0xb3, 0x4b, 0xb0, 0x0a, 0x50, 0x58, 0x40, 0x44, 0x00, 
	0x0d, 0x06, 0x07, 0x06, 0x0d, 0x07, 0x7e, 0x00, 0x0c, 0x08, 0x09, 0x0b, 0x0c, 0x70, 0x00, 0x03, 
	0x00, 0x0e, 0x06, 0x03, 0x0e, 0x65, 0x00, 0x07, 0x00, 0x08, 0x0c, 0x07, 0x08, 0x65, 0x00, 0x06, 
	0x00, 0x09, 0x0b, 0x06, 0x09, 0x65, 0x05, 0x01, 0x01, 0x01, 0x02, 0x5d, 0x04, 0x01, 0x02, 0x02, 
	0x49, 0x4b, 0x00, 0x00, 0x00, 0x4c, 0x4b, 0x00, 0x0b, 0x0b, 0x0a, 0x5e, 0x0f, 0x01, 0x0a, 0x0a, 
	0x4a, 0x0a, 0x4c, 0x1b, 0x40, 0x45, 0x00, 0x0d, 0x06, 0x07, 0x06, 0x0d, 0x07, 0x7e, 0x00, 0x0c, 
	0x08, 0x09, 0x08, 0x0c, 0x09, 0x7e, 0x00, 0x03, 0x00, 0x0e, 0x06, 0x03, 0x0e, 0x65, 0x00, 0x07, 
	0x00, 0x08, 0x0c, 0x07, 0x08, 0x65, 0x00, 0x06, 0x00, 0x09, 0x0b, 0x06, 0x09, 0x65, 0x05, 0x01, 
	0x01, 0x01, 0x02, 0x5d, 0x04, 0x01, 0x02, 0x02, 0x49, 0x4b, 0x00, 0x00, 0x00, 0x4c, 0x4b, 0x00, 
	0x0b, 0x0b, 0x0a, 0x5e, 0x0f, 0x01, 0x0a, 0x0a, 0x4a, 0x0a, 0x4c, 0x59, 0x40, 0x1c, 0x00, 0x00, 
	0x1d, 0x1c, 0x1b, 0x1a, 0x19, 0x18, 0x17, 0x16, 0x00, 0x15, 0x00, 0x15, 0x14, 0x13, 0x11, 0x11, 
	0x11, 0x11, 0x11, 0x11, 0x11, 0x11, 0x11, 0x10, 0x09, 0x1d, 0x2b, 0x35, 0x11, 0x33, 0x35, 0x23, 
	0x35, 0x33, 0x15, 0x33, 0x35, 0x33, 0x15, 0x23, 0x15, 0x33, 0x15, 0x33, 0x15, 0x23, 0x15, 0x23, 
	0x15, 0x25, 0x33, 0x35, 0x33, 0x35, 0x23, 0x35, 0x23, 0xfa, 0x7d, 0xfa, 0x7d, 0xfa, 0x7d, 0x7d, 
	0x7d, 0x7d, 0x7d, 0xfe, 0x89, 0xfa, 0x7d, 0x7d, 0xfa, 0x7d, 0x02, 0x71, 0x7d, 0x7d, 0x7d, 0x7d, 
	0x7d, 0xfa, 0x7d, 0x7d, 0x7d, 0x7d, 0x7d, 0x7d, 0x7d, 0x7d, 0x00, 0x00, 0x00, 0x02, 0x00, 0x00, 
	0x00, 0x7d, 0x03, 0x6b, 0x03, 0xe8, 0x00, 0x0f, 0x00, 0x1b, 0x00, 0xac, 0x4b, 0xb0, 0x0a, 0x50, 
	0x58, 0x40, 0x40, 0x00, 0x0a, 0x03, 0x04, 0x0b, 0x0a, 0x70, 0x00, 0x09, 0x05, 0x06, 0x08, 0x09, 
	0x70, 0x0c, 0x01, 0x01, 0x0d, 0x01, 0x00, 0x05, 0x01, 0x00, 0x65, 0x00, 0x03, 0x00, 0x06, 0x08, 
	0x03, 0x06, 0x65, 0x00, 0x0b, 0x0b, 0x02, 0x5d, 0x00, 0x02, 0x02, 0x49, 0x4b, 0x00, 0x05, 0x05, 
	0x04, 0x5d, 0x00, 0x04, 0x04, 0x4c, 0x4b, 0x00, 0x08, 0x08, 0x07, 0x5e, 0x0e, 0x01, 0x07, 0x07, 
	0x4a, 0x07, 0x4c, 0x1b, 0x40, 0x42, 0x00, 0x0a, 0x03, 0x04, 0x03, 0x0a, 0x04, 0x7e, 0x00, 0x09, 
	0x05, 0x06, 0x05, 0x09, 0x06, 0x7e, 0x0c, 0x01, 0x01, 0x0d, 0x01, 0x00, 0x05, 0x01, 0x00, 0x65, 
	0x00, 0x03, 0x00, 0x06, 0x08, 0x03, 0x06, 0x65, 0x00, 0x0b, 0x0b, 0x02, 0x5d, 0x00, 0x02, 0x02, 
	0x49, 0x4b, 0x00, 0x05, 0x05, 0x04, 0x5d, 0x00, 0x04, 0x04, 0x4c, 0x4b, 0x00, 0x08, 0x08, 0x07, 
	0x5e, 0x0e, 0x01, 0x07, 0x07, 0x4a, 0x07, 0x4c, 0x59, 0x40, 0x1c, 0x00, 0x00, 0x1b, 0x1a, 0x19, 
	0x18, 0x17, 0x16, 0x15, 0x14, 0x13, 0x12, 0x11, 0x10, 0x00, 0x0f, 0x00, 0x0f, 0x11, 0x11, 0x11, 
	0x11, 0x11, 0x11, 0x11, 0x0f, 0x09, 0x1b, 0x2b, 0x37, 0x11, 0x23, 0x35, 0x33, 0x11, 0x21, 0x15, 
	0x33, 0x15, 0x33, 0x11, 0x23, 0x15, 0x23, 0x15, 0x27, 0x33, 0x35, 0x33, 0x11, 0x23, 0x35, 0x23, 
	0x15, 0x33, 0x15, 0x23, 0x7d, 0x7d, 0x7d, 0x01, 0xf4, 0x7d, 0x7d, 0x7d, 0x7d, 0xfa, 0x7d, 0x7d, 
	0x7d, 0x7d, 0x7d, 0x7d, 0x7d, 0x01, 0x77, 0x7d, 0x01, 0x77, 0x7d, 0x7d, 0xfe, 0x89, 0x7d, 0x7d, 
	0x7d, 0x7d, 0x01, 0x77, 0x7d, 0xfa, 0x7d, 0x00, 0x00, 0x01, 0x00, 0x00, 0x00, 0x7d, 0x03, 0x6b, 
	0x03, 0xe8, 0x00, 0x0b, 0x00, 0x2f, 0x40, 0x2c, 0x00, 0x02, 0x00, 0x03, 0x04, 0x02, 0x03, 0x65, 
	0x00, 0x01, 0x01, 0x00, 0x5d, 0x00, 0x00, 0x00, 0x49, 0x4b, 0x00, 0x04, 0x04, 0x05, 0x5d, 0x06, 
	0x01, 0x05, 0x05, 0x4a, 0x05, 0x4c, 0x00, 0x00, 0x00, 0x0b, 0x00, 0x0b, 0x11, 0x11, 0x11, 0x11, 
	0x11, 0x07, 0x09, 0x19, 0x2b, 0x35, 0x11, 0x21, 0x15, 0x21, 0x15, 0x21, 0x15, 0x21, 0x15, 0x21, 
	0x15, 0x03, 0x6b, 0xfd, 0x8f, 0x01, 0xf4, 0xfe, 0x0c, 0x02, 0x71, 0x7d, 0x03, 0x6b, 0x7d, 0xfa, 
	0x7d, 0xfa, 0x7d, 0x00, 0x00, 0x02, 0x00, 0x00, 0x00, 0x7d, 0x03, 0x6b, 0x03, 0xe8, 0x00, 0x03, 
	0x00, 0x13, 0x00, 0x81, 0x4b, 0xb0, 0x0a, 0x50, 0x58, 0x40, 0x30, 0x00, 0x08, 0x00, 0x07, 0x07, 
	0x08, 0x70, 0x00, 0x03, 0x00, 0x04, 0x05, 0x03, 0x04, 0x65, 0x00, 0x00, 0x00, 0x01, 0x5d, 0x00, 
	0x01, 0x01, 0x49, 0x4b, 0x00, 0x02, 0x02, 0x07, 0x5d, 0x0a, 0x09, 0x02, 0x07, 0x07, 0x4c, 0x4b, 
	0x00, 0x05, 0x05, 0x06, 0x5d, 0x00, 0x06, 0x06, 0x4a, 0x06, 0x4c, 0x1b, 0x40, 0x31, 0x00, 0x08, 
	0x00, 0x07, 0x00, 0x08, 0x07, 0x7e, 0x00, 0x03, 0x00, 0x04, 0x05, 0x03, 0x04, 0x65, 0x00, 0x00, 
	0x00, 0x01, 0x5d, 0x00, 0x01, 0x01, 0x49, 0x4b, 0x00, 0x02, 0x02, 0x07, 0x5d, 0x0a, 0x09, 0x02, 
	0x07, 0x07, 0x4c, 0x4b, 0x00, 0x05, 0x05, 0x06, 0x5d, 0x00, 0x06, 0x06, 0x4a, 0x06, 0x4c, 0x59, 
	0x40, 0x12, 0x04, 0x04, 0x04, 0x13, 0x04, 0x13, 0x11, 0x11, 0x11, 0x11, 0x11, 0x11, 0x12, 0x11, 
	0x10, 0x0b, 0x09, 0x1d, 0x2b, 0x01, 0x23, 0x35, 0x33, 0x17, 0x15, 0x21, 0x15, 0x21, 0x15, 0x21, 
	0x15, 0x21, 0x15, 0x21, 0x11, 0x21, 0x35, 0x33, 0x15, 0x02, 0x71, 0x7d, 0x7d, 0xfa, 0xfd, 0x8f, 
	0x01, 0xf4, 0xfe, 0x0c, 0x02, 0x71, 0xfc, 0x95, 0x01, 0x77, 0x7d, 0x03, 0x6b, 0x7d, 0xfa, 0x7d, 
	0x7d, 0x7d, 0x7d, 0x7d, 0x02, 0x71, 0x7d, 0x7d, 0x00, 0x03, 0x00, 0x00, 0x00, 0x7d, 0x03, 0x6b, 
	0x03, 0xe8, 0x00, 0x03, 0x00, 0x07, 0x00, 0x17, 0x00, 0x97, 0x4b, 0xb0, 0x0a, 0x50, 0x58, 0x40, 
	0x33, 0x00, 0x0a, 0x00, 0x09, 0x09, 0x0a, 0x70, 0x00, 0x05, 0x00, 0x06, 0x07, 0x05, 0x06, 0x65, 
	0x02, 0x01, 0x00, 0x00, 0x01, 0x5d, 0x03, 0x0c, 0x02, 0x01, 0x01, 0x49, 0x4b, 0x00, 0x04, 0x04, 
	0x09, 0x5d, 0x0d, 0x0b, 0x02, 0x09, 0x09, 0x4c, 0x4b, 0x00, 0x07, 0x07, 0x08, 0x5e, 0x00, 0x08, 
	0x08, 0x4a, 0x08, 0x4c, 0x1b, 0x40, 0x34, 0x00, 0x0a, 0x00, 0x09, 0x00, 0x0a, 0x09, 0x7e, 0x00, 
	0x05, 0x00, 0x06, 0x07, 0x05, 0x06, 0x65, 0x02, 0x01, 0x00, 0x00, 0x01, 0x5d, 0x03, 0x0c, 0x02, 
	0x01, 0x01, 0x49, 0x4b, 0x00, 0x04, 0x04, 0x09, 0x5d, 0x0d, 0x0b, 0x02, 0x09, 0x09, 0x4c, 0x4b, 
	0x00, 0x07, 0x07, 0x08, 0x5e, 0x00, 0x08, 0x08, 0x4a, 0x08, 0x4c, 0x59, 0x40, 0x22, 0x08, 0x08, 
	0x00, 0x00, 0x08, 0x17, 0x08, 0x17, 0x16, 0x15, 0x14, 0x13, 0x12, 0x11, 0x10, 0x0f, 0x0e, 0x0d, 
	0x0c, 0x0b, 0x0a, 0x09, 0x07, 0x06, 0x05, 0x04, 0x00, 0x03, 0x00, 0x03, 0x11, 0x0e, 0x09, 0x15, 
	0x2b, 0x13, 0x15, 0x23, 0x35, 0x05, 0x23, 0x35, 0x33, 0x17, 0x15, 0x21, 0x15, 0x21, 0x15, 0x21, 
	0x15, 0x21, 0x15, 0x21, 0x11, 0x33, 0x35, 0x21, 0x15, 0xfa, 0x7d, 0x02, 0x71, 0x7d, 0x7d, 0x7d, 
	0xfd, 0x8f, 0x01, 0xf4, 0xfe, 0x0c, 0x02, 0x71, 0xfc, 0x95, 0xfa, 0x01, 0x77, 0x03, 0xe8, 0x7d, 
	0x7d, 0x7d, 0x7d, 0xfa, 0x7d, 0x7d, 0x7d, 0x7d, 0x7d, 0x02, 0x71, 0x7d, 0x7d, 0x00, 0x00, 0x00, 
	0x00, 0x01, 0x00, 0x00, 0x00, 0x7d, 0x03, 0x6b, 0x03, 0xe8, 0x00, 0x17, 0x00, 0x89, 0x4b, 0xb0, 
	0x0a, 0x50, 0x58, 0x40, 0x32, 0x00, 0x03, 0x01, 0x00, 0x00, 0x03, 0x70, 0x00, 0x08, 0x00, 0x09, 
	0x0a, 0x08, 0x09, 0x65, 0x05, 0x01, 0x01, 0x01, 0x02, 0x5d, 0x04, 0x01, 0x02, 0x02, 0x49, 0x4b, 
	0x00, 0x07, 0x07, 0x00, 0x5d, 0x06, 0x01, 0x00, 0x00, 0x4c, 0x4b, 0x00, 0x0a, 0x0a, 0x0b, 0x5e, 
	0x0c, 0x01, 0x0b, 0x0b, 0x4a, 0x0b, 0x4c, 0x1b, 0x40, 0x33, 0x00, 0x03, 0x01, 0x00, 0x01, 0x03, 
	0x00, 0x7e, 0x00, 0x08, 0x00, 0x09, 0x0a, 0x08, 0x09, 0x65, 0x05, 0x01, 0x01, 0x01, 0x02, 0x5d, 
	0x04, 0x01, 0x02, 0x02, 0x49, 0x4b, 0x00, 0x07, 0x07, 0x00, 0x5d, 0x06, 0x01, 0x00, 0x00, 0x4c, 
	0x4b, 0x00, 0x0a, 0x0a, 0x0b, 0x5e, 0x0c, 0x01, 0x0b, 0x0b, 0x4a, 0x0b, 0x4c, 0x59, 0x40, 0x16, 
	0x00, 0x00, 0x00, 0x17, 0x00, 0x17, 0x16, 0x15, 0x14, 0x13, 0x11, 0x11, 0x11, 0x11, 0x11, 0x11, 
	0x11, 0x11, 0x11, 0x0d, 0x09, 0x1d, 0x2b, 0x35, 0x11, 0x33, 0x35, 0x23, 0x35, 0x33, 0x15, 0x33, 
	0x35, 0x33, 0x15, 0x23, 0x15, 0x33, 0x15, 0x21, 0x15, 0x21, 0x15, 0x21, 0x15, 0x21, 0x15, 0xfa, 
	0x7d, 0xfa, 0x7d, 0xfa, 0x7d, 0xfa, 0xfd, 0x8f, 0x01, 0xf4, 0xfe, 0x0c, 0x02, 0x71, 0x7d, 0x02, 
	0x71, 0x7d, 0x7d, 0x7d, 0x7d, 0x7d, 0x7d, 0x7d, 0x7d, 0x7d, 0x7d, 0x7d, 0x00, 0x02, 0x00, 0x00, 
	0x00, 0x7d, 0x03, 0x6b, 0x03, 0xe8, 0x00, 0x13, 0x00, 0x17, 0x00, 0x89, 0x4b, 0xb0, 0x0a, 0x50, 
	0x58, 0x40, 0x32, 0x03, 0x01, 0x01, 0x0b, 0x00, 0x00, 0x01, 0x70, 0x00, 0x06, 0x00, 0x07, 0x08, 
	0x06, 0x07, 0x65, 0x00, 0x0b, 0x0b, 0x02, 0x5d, 0x00, 0x02, 0x02, 0x49, 0x4b, 0x00, 0x05, 0x05, 
	0x00, 0x5d, 0x0a, 0x04, 0x02, 0x00, 0x00, 0x4c, 0x4b, 0x00, 0x08, 0x08, 0x09, 0x5e, 0x0c, 0x01, 
	0x09, 0x09, 0x4a, 0x09, 0x4c, 0x1b, 0x40, 0x33, 0x03, 0x01, 0x01, 0x0b, 0x00, 0x0b, 0x01, 0x00, 
	0x7e, 0x00, 0x06, 0x00, 0x07, 0x08, 0x06, 0x07, 0x65, 0x00, 0x0b, 0x0b, 0x02, 0x5d, 0x00, 0x02, 
	0x02, 0x49, 0x4b, 0x00, 0x05, 0x05, 0x00, 0x5d, 0x0a, 0x04, 0x02, 0x00, 0x00, 0x4c, 0x4b, 0x00, 
	0x08, 0x08, 0x09, 0x5e, 0x0c, 0x01, 0x09, 0x09, 0x4a, 0x09, 0x4c, 0x59, 0x40, 0x16, 0x00, 0x00, 
	0x17, 0x16, 0x15, 0x14, 0x00, 0x13, 0x00, 0x13, 0x11, 0x11, 0x11, 0x11, 0x11, 0x11, 0x11, 0x11, 
	0x11, 0x0d, 0x09, 0x1d, 0x2b, 0x35, 0x11, 0x33, 0x35, 0x33, 0x35, 0x21, 0x15, 0x33, 0x15, 0x33, 
	0x15, 0x21, 0x15, 0x21, 0x15, 0x21, 0x15, 0x21, 0x15, 0x01, 0x33, 0x35, 0x23, 0x7d, 0x7d, 0x01, 
	0x77, 0x7d, 0x7d, 0xfd, 0x8f, 0x01, 0xf4, 0xfe, 0x0c, 0x02, 0x71, 0xfe, 0x0c, 0x7d, 0x7d, 0x7d, 
	0x02, 0x71, 0x7d, 0x7d, 0x7d, 0x7d, 0x7d, 0x7d, 0x7d, 0x7d, 0x7d, 0x02, 0x71, 0x7d, 0x00, 0x00, 
	0x00, 0x03, 0x00, 0x00, 0x00, 0x7d, 0x03, 0x6b, 0x03, 0xe8, 0x00, 0x03, 0x00, 0x07, 0x00, 0x13, 
	0x00, 0x51, 0x40, 0x4e, 0x00, 0x06, 0x00, 0x07, 0x08, 0x06, 0x07, 0x65, 0x0b, 0x03, 0x0a, 0x03, 
	0x01, 0x01, 0x00, 0x5d, 0x02, 0x01, 0x00, 0x00, 0x49, 0x4b, 0x00, 0x05, 0x05, 0x04, 0x5d, 0x00, 
	0x04, 0x04, 0x4c, 0x4b, 0x00, 0x08, 0x08, 0x09, 0x5d, 0x0c, 0x01, 0x09, 0x09, 0x4a, 0x09, 0x4c, 
	0x08, 0x08, 0x04, 0x04, 0x00, 0x00, 0x08, 0x13, 0x08, 0x13, 0x12, 0x11, 0x10, 0x0f, 0x0e, 0x0d, 
	0x0c, 0x0b, 0x0a, 0x09, 0x04, 0x07, 0x04, 0x07, 0x06, 0x05, 0x00, 0x03, 0x00, 0x03, 0x11, 0x0d, 
	0x09, 0x15, 0x2b, 0x13, 0x35, 0x33, 0x15, 0x33, 0x35, 0x33, 0x15, 0x01, 0x11, 0x21, 0x15, 0x21, 
	0x15, 0x21, 0x15, 0x21, 0x15, 0x21, 0x15, 0x7d, 0xfa, 0x7d, 0xfa, 0xfd, 0x12, 0x03, 0x6b, 0xfd, 
	0x8f, 0x01, 0xf4, 0xfe, 0x0c, 0x02, 0x71, 0x03, 0x6b, 0x7d, 0x7d, 0x7d, 0x7d, 0xfd, 0x12, 0x02, 
	0x71, 0x7d, 0x7d, 0x7d, 0x7d, 0x7d, 0x00, 0x00, 0x00, 0x02, 0x00, 0x00, 0x00, 0x7d, 0x03, 0x6b, 
	0x03, 0xe8, 0x00, 0x03, 0x00, 0x0f, 0x00, 0x46, 0x40, 0x43, 0x00, 0x04, 0x00, 0x05, 0x06, 0x04, 
	0x05, 0x65, 0x08, 0x01, 0x01, 0x01, 0x00, 0x5d, 0x00, 0x00, 0x00, 0x49, 0x4b, 0x00, 0x03, 0x03, 
	0x02, 0x5d, 0x00, 0x02, 0x02, 0x4c, 0x4b, 0x00, 0x06, 0x06, 0x07, 0x5d, 0x09, 0x01, 0x07, 0x07, 
	0x4a, 0x07, 0x4c, 0x04, 0x04, 0x00, 0x00, 0x04, 0x0f, 0x04, 0x0f, 0x0e, 0x0d, 0x0c, 0x0b, 0x0a, 
	0x09, 0x08, 0x07, 0x06, 0x05, 0x00, 0x03, 0x00, 0x03, 0x11, 0x0a, 0x09, 0x15, 0x2b, 0x01, 0x35, 
	0x33, 0x15, 0x01, 0x11, 0x21, 0x15, 0x21, 0x15, 0x21, 0x15, 0x21, 0x15, 0x21, 0x15, 0x01, 0x77, 
	0xfa, 0xfd, 0x8f, 0x03, 0x6b, 0xfd, 0x8f, 0x01, 0xf4, 0xfe, 0x0c, 0x02, 0x71, 0x03, 0x6b, 0x7d, 
	0x7d, 0xfd, 0x12, 0x02, 0x71, 0x7d, 0x7d, 0x7d, 0x7d, 0x7d, 0x00, 0x00, 0x00, 0x02, 0x00, 0x00, 
	0x00, 0x7d, 0x03, 0x6b, 0x03, 0xe8, 0x00, 0x03, 0x00, 0x13, 0x00, 0x8f, 0x4b, 0xb0, 0x0a, 0x50, 
	0x58, 0x40, 0x31, 0x00, 0x08, 0x00, 0x07, 0x07, 0x08, 0x70, 0x00, 0x03, 0x00, 0x04, 0x05, 0x03, 
	0x04, 0x65, 0x00, 0x00, 0x00, 0x01, 0x5d, 0x0a, 0x01, 0x01, 0x01, 0x49, 0x4b, 0x00, 0x02, 0x02, 
	0x07, 0x5d, 0x0b, 0x09, 0x02, 0x07, 0x07, 0x4c, 0x4b, 0x00, 0x05, 0x05, 0x06, 0x5d, 0x00, 0x06, 
	0x06, 0x4a, 0x06, 0x4c, 0x1b, 0x40, 0x32, 0x00, 0x08, 0x00, 0x07, 0x00, 0x08, 0x07, 0x7e, 0x00, 
	0x03, 0x00, 0x04, 0x05, 0x03, 0x04, 0x65, 0x00, 0x00, 0x00, 0x01, 0x5d, 0x0a, 0x01, 0x01, 0x01, 
	0x49, 0x4b, 0x00, 0x02, 0x02, 0x07, 0x5d, 0x0b, 0x09, 0x02, 0x07, 0x07, 0x4c, 0x4b, 0x00, 0x05, 
	0x05, 0x06, 0x5d, 0x00, 0x06, 0x06, 0x4a, 0x06, 0x4c, 0x59, 0x40, 0x1e, 0x04, 0x04, 0x00, 0x00, 
	0x04, 0x13, 0x04, 0x13, 0x12, 0x11, 0x10, 0x0f, 0x0e, 0x0d, 0x0c, 0x0b, 0x0a, 0x09, 0x08, 0x07, 
	0x06, 0x05, 0x00, 0x03, 0x00, 0x03, 0x11, 0x0c, 0x09, 0x15, 0x2b, 0x01, 0x15, 0x23, 0x35, 0x05, 
	0x15, 0x21, 0x15, 0x21, 0x15, 0x21, 0x15, 0x21, 0x15, 0x21, 0x11, 0x21, 0x35, 0x33, 0x15, 0x01, 
	0x77, 0x7d, 0x02, 0x71, 0xfd, 0x8f, 0x01, 0xf4, 0xfe, 0x0c, 0x02, 0x71, 0xfc, 0x95, 0x01, 0x77, 
	0x7d, 0x03, 0xe8, 0x7d, 0x7d, 0xfa, 0x7d, 0x7d, 0x7d, 0x7d, 0x7d, 0x02, 0x71, 0x7d, 0x7d, 0x00, 
	0x00, 0x02, 0x00, 0x00, 0x00, 0x7d, 0x03, 0x6b, 0x03, 0xe8, 0x00, 0x03, 0x00, 0x0f, 0x00, 0x46, 
	0x40, 0x43, 0x00, 0x04, 0x00, 0x05, 0x06, 0x04, 0x05, 0x65, 0x08, 0x01, 0x01, 0x01, 0x00, 0x5d, 
	0x00, 0x00, 0x00, 0x49, 0x4b, 0x00, 0x03, 0x03, 0x02, 0x5d, 0x00, 0x02, 0x02, 0x4c, 0x4b, 0x00, 
	0x06, 0x06, 0x07, 0x5d, 0x09, 0x01, 0x07, 0x07, 0x4a, 0x07, 0x4c, 0x04, 0x04, 0x00, 0x00, 0x04, 
	0x0f, 0x04, 0x0f, 0x0e, 0x0d, 0x0c, 0x0b, 0x0a, 0x09, 0x08, 0x07, 0x06, 0x05, 0x00, 0x03, 0x00, 
	0x03, 0x11, 0x0a, 0x09, 0x15, 0x2b, 0x13, 0x35, 0x21, 0x15, 0x01, 0x11, 0x21, 0x15, 0x21, 0x15, 
	0x21, 0x15, 0x21, 0x15, 0x21, 0x15, 0x7d, 0x02, 0x71, 0xfd, 0x12, 0x03, 0x6b, 0xfd, 0x8f, 0x01, 
	0xf4, 0xfe, 0x0c, 0x02, 0x71, 0x03, 0x6b, 0x7d, 0x7d, 0xfd, 0x12, 0x02, 0x71, 0x7d, 0x7d, 0x7d, 
	0x7d, 0x7d, 0x00, 0x00, 0x00, 0x03, 0x00, 0x00, 0x00, 0x00, 0x03, 0x6b, 0x03, 0xe8, 0x00, 0x0f, 
	0x00, 0x13, 0x00, 0x17, 0x00, 0xa1, 0x4b, 0xb0, 0x0a, 0x50, 0x58, 0x40, 0x3b, 0x00, 0x05, 0x04, 
	0x08, 0x04, 0x05, 0x70, 0x00, 0x03, 0x06, 0x01, 0x04, 0x05, 0x03, 0x04, 0x65, 0x00, 0x00, 0x00, 
	0x07, 0x5d, 0x0c, 0x01, 0x07, 0x07, 0x49, 0x4b, 0x00, 0x02, 0x02, 0x01, 0x5d, 0x00, 0x01, 0x01, 
	0x4c, 0x4b, 0x00, 0x08, 0x08, 0x09, 0x5d, 0x00, 0x09, 0x09, 0x4a, 0x4b, 0x00, 0x0a, 0x0a, 0x0b, 
	0x5d, 0x0d, 0x01, 0x0b, 0x0b, 0x4e, 0x0b, 0x4c, 0x1b, 0x40, 0x3c, 0x00, 0x05, 0x04, 0x08, 0x04, 
	0x05, 0x08, 0x7e, 0x00, 0x03, 0x06, 0x01, 0x04, 0x05, 0x03, 0x04, 0x65, 0x00, 0x00, 0x00, 0x07, 
	0x5d, 0x0c, 0x01, 0x07, 0x07, 0x49, 0x4b, 0x00, 0x02, 0x02, 0x01, 0x5d, 0x00, 0x01, 0x01, 0x4c, 
	0x4b, 0x00, 0x08, 0x08, 0x09, 0x5d, 0x00, 0x09, 0x09, 0x4a, 0x4b, 0x00, 0x0a, 0x0a, 0x0b, 0x5d, 
	0x0d, 0x01, 0x0b, 0x0b, 0x4e, 0x0b, 0x4c, 0x59, 0x40, 0x1c, 0x14, 0x14, 0x00, 0x00, 0x14, 0x17, 
	0x14, 0x17, 0x16, 0x15, 0x13, 0x12, 0x11, 0x10, 0x00, 0x0f, 0x00, 0x0f, 0x11, 0x11, 0x11, 0x11, 
	0x11, 0x11, 0x11, 0x0e, 0x09, 0x1b, 0x2b, 0x01, 0x15, 0x21, 0x15, 0x21, 0x15, 0x21, 0x15, 0x21, 
	0x15, 0x21, 0x15, 0x23, 0x35, 0x21, 0x11, 0x13, 0x33, 0x15, 0x23, 0x17, 0x35, 0x33, 0x15, 0x03, 
	0x6b, 0xfd, 0x8f, 0x01, 0xf4, 0xfe, 0x0c, 0x02, 0x71, 0xfe, 0x89, 0x7d, 0xfe, 0x89, 0xfa, 0x7d, 
	0x7d, 0x7d, 0xfa, 0x03, 0xe8, 0x7d, 0x7d, 0x7d, 0x7d, 0x7d, 0x7d, 0x7d, 0x02, 0x71, 0xfd, 0x12, 
	0x7d, 0x7d, 0x7d, 0x7d, 0x00, 0x01, 0x00, 0x00, 0x00, 0x7d, 0x03, 0x6b, 0x03, 0xe8, 0x00, 0x09, 
	0x00, 0x29, 0x40, 0x26, 0x00, 0x02, 0x00, 0x03, 0x04, 0x02, 0x03, 0x65, 0x00, 0x01, 0x01, 0x00, 
	0x5d, 0x00, 0x00, 0x00, 0x49, 0x4b, 0x05, 0x01, 0x04, 0x04, 0x4a, 0x04, 0x4c, 0x00, 0x00, 0x00, 
	0x09, 0x00, 0x09, 0x11, 0x11, 0x11, 0x11, 0x06, 0x09, 0x18, 0x2b, 0x35, 0x11, 0x21, 0x15, 0x21, 
	0x15, 0x21, 0x15, 0x21, 0x11, 0x03, 0x6b, 0xfd, 0x8f, 0x01, 0xf4, 0xfe, 0x0c, 0x7d, 0x03, 0x6b, 
	0x7d, 0xfa, 0x7d, 0xfe, 0x89, 0x00, 0x00, 0x00, 0x00, 0x01, 0x00, 0x00, 0x00, 0x7d, 0x03, 0x6b, 
	0x03, 0xe8, 0x00, 0x17, 0x00, 0xa2, 0x4b, 0xb0, 0x0a, 0x50, 0x58, 0x40, 0x3e, 0x00, 0x06, 0x03, 
	0x02, 0x05, 0x06, 0x70, 0x00, 0x07, 0x01, 0x00, 0x08, 0x07, 0x70, 0x00, 0x0a, 0x00, 0x09, 0x01, 
	0x0a, 0x09, 0x65, 0x00, 0x03, 0x00, 0x00, 0x08, 0x03, 0x00, 0x65, 0x00, 0x05, 0x05, 0x04, 0x5d, 
	0x00, 0x04, 0x04, 0x49, 0x4b, 0x00, 0x01, 0x01, 0x02, 0x5d, 0x00, 0x02, 0x02, 0x4c, 0x4b, 0x00, 
	0x08, 0x08, 0x0b, 0x5e, 0x0c, 0x01, 0x0b, 0x0b, 0x4a, 0x0b, 0x4c, 0x1b, 0x40, 0x40, 0x00, 0x06, 
	0x03, 0x02, 0x03, 0x06, 0x02, 0x7e, 0x00, 0x07, 0x01, 0x00, 0x01, 0x07, 0x00, 0x7e, 0x00, 0x0a, 
	0x00, 0x09, 0x01, 0x0a, 0x09, 0x65, 0x00, 0x03, 0x00, 0x00, 0x08, 0x03, 0x00, 0x65, 0x00, 0x05, 
	0x05, 0x04, 0x5d, 0x00, 0x04, 0x04, 0x49, 0x4b, 0x00, 0x01, 0x01, 0x02, 0x5d, 0x00, 0x02, 0x02, 
	0x4c, 0x4b, 0x00, 0x08, 0x08, 0x0b, 0x5e, 0x0c, 0x01, 0x0b, 0x0b, 0x4a, 0x0b, 0x4c, 0x59, 0x40, 
	0x16, 0x00, 0x00, 0x00, 0x17, 0x00, 0x17, 0x16, 0x15, 0x14, 0x13, 0x11, 0x11, 0x11, 0x11, 0x11, 
	0x11, 0x11, 0x11, 0x11, 0x0d, 0x09, 0x1d, 0x2b, 0x37, 0x35, 0x23, 0x35, 0x23, 0x11, 0x33, 0x35, 
	0x33, 0x35, 0x21, 0x15, 0x21, 0x15, 0x23, 0x11, 0x33, 0x15, 0x33, 0x35, 0x23, 0x35, 0x21, 0x11, 
	0xfa, 0x7d, 0x7d, 0x7d, 0x7d, 0x02, 0x71, 0xfe, 0x0c, 0x7d, 0x7d, 0xfa, 0x7d, 0x01, 0x77, 0x7d, 
	0x7d, 0x7d, 0x01, 0x77, 0x7d, 0x7d, 0x7d, 0x7d, 0xfe, 0x89, 0x7d, 0xfa, 0x7d, 0xfe, 0x0c, 0x00, 
	0x00, 0x03, 0x00, 0x00, 0x00, 0x7d, 0x03, 0x6b, 0x03, 0xe8, 0x00, 0x03, 0x00, 0x07, 0x00, 0x1b, 
	0x00, 0xab, 0x4b, 0xb0, 0x0a, 0x50, 0x58, 0x40, 0x3b, 0x00, 0x0c, 0x00, 0x0b, 0x0b, 0x0c, 0x70, 
	0x00, 0x07, 0x00, 0x06, 0x09, 0x07, 0x06, 0x65, 0x00, 0x0a, 0x00, 0x09, 0x05, 0x0a, 0x09, 0x65, 
	0x02, 0x01, 0x00, 0x00, 0x01, 0x5d, 0x03, 0x0e, 0x02, 0x01, 0x01, 0x49, 0x4b, 0x00, 0x04, 0x04, 
	0x0b, 0x5d, 0x0f, 0x0d, 0x02, 0x0b, 0x0b, 0x4c, 0x4b, 0x00, 0x05, 0x05, 0x08, 0x5e, 0x00, 0x08, 
	0x08, 0x4a, 0x08, 0x4c, 0x1b, 0x40, 0x3c, 0x00, 0x0c, 0x00, 0x0b, 0x00, 0x0c, 0x0b, 0x7e, 0x00, 
	0x07, 0x00, 0x06, 0x09, 0x07, 0x06, 0x65, 0x00, 0x0a, 0x00, 0x09, 0x05, 0x0a, 0x09, 0x65, 0x02, 
	0x01, 0x00, 0x00, 0x01, 0x5d, 0x03, 0x0e, 0x02, 0x01, 0x01, 0x49, 0x4b, 0x00, 0x04, 0x04, 0x0b, 
	0x5d, 0x0f, 0x0d, 0x02, 0x0b, 0x0b, 0x4c, 0x4b, 0x00, 0x05, 0x05, 0x08, 0x5e, 0x00, 0x08, 0x08, 
	0x4a, 0x08, 0x4c, 0x59, 0x40, 0x26, 0x08, 0x08, 0x00, 0x00, 0x08, 0x1b, 0x08, 0x1b, 0x1a, 0x19, 
	0x18, 0x17, 0x16, 0x15, 0x14, 0x13, 0x12, 0x11, 0x10, 0x0f, 0x0e, 0x0d, 0x0c, 0x0b, 0x0a, 0x09, 
	0x07, 0x06, 0x05, 0x04, 0x00, 0x03, 0x00, 0x03, 0x11, 0x10, 0x09, 0x15, 0x2b, 0x13, 0x15, 0x23, 
	0x35, 0x05, 0x23, 0x35, 0x33, 0x17, 0x15, 0x21, 0x11, 0x21, 0x35, 0x23, 0x35, 0x21, 0x11, 0x21, 
	0x35, 0x23, 0x11, 0x33, 0x35, 0x33, 0x35, 0x21, 0x15, 0xfa, 0x7d, 0x02, 0x71, 0x7d, 0x7d, 0x7d, 
	0xfd, 0x8f, 0x01, 0x77, 0x7d, 0x01, 0x77, 0xfd, 0x12, 0x7d, 0x7d, 0x7d, 0x01, 0x77, 0x03, 0xe8, 
	0x7d, 0x7d, 0x7d, 0x7d, 0xfa, 0x7d, 0xfe, 0x89, 0x7d, 0x7d, 0xfe, 0x89, 0x7d, 0x01, 0x77, 0x7d, 
	0x7d, 0x7d, 0x00, 0x00, 0x00, 0x02, 0x00, 0x00, 0x00, 0x7d, 0x03, 0x6b, 0x03, 0xe8, 0x00, 0x15, 
	0x00, 0x19, 0x00, 0x99, 0x4b, 0xb0, 0x0a, 0x50, 0x58, 0x40, 0x39, 0x04, 0x01, 0x02, 0x0c, 0x05, 
	0x05, 0x02, 0x70, 0x00, 0x09, 0x00, 0x08, 0x00, 0x09, 0x08, 0x65, 0x00, 0x01, 0x00, 0x00, 0x07, 
	0x01, 0x00, 0x65, 0x00, 0x0c, 0x0c, 0x03, 0x5d, 0x00, 0x03, 0x03, 0x49, 0x4b, 0x00, 0x06, 0x06, 
	0x05, 0x5d, 0x0b, 0x01, 0x05, 0x05, 0x4c, 0x4b, 0x00, 0x07, 0x07, 0x0a, 0x5e, 0x0d, 0x01, 0x0a, 
	0x0a, 0x4a, 0x0a, 0x4c, 0x1b, 0x40, 0x3a, 0x04, 0x01, 0x02, 0x0c, 0x05, 0x0c, 0x02, 0x05, 0x7e, 
	0x00, 0x09, 0x00, 0x08, 0x00, 0x09, 0x08, 0x65, 0x00, 0x01, 0x00, 0x00, 0x07, 0x01, 0x00, 0x65, 
	0x00, 0x0c, 0x0c, 0x03, 0x5d, 0x00, 0x03, 0x03, 0x49, 0x4b, 0x00, 0x06, 0x06, 0x05, 0x5d, 0x0b, 
	0x01, 0x05, 0x05, 0x4c, 0x4b, 0x00, 0x07, 0x07, 0x0a, 0x5e, 0x0d, 0x01, 0x0a, 0x0a, 0x4a, 0x0a, 
	0x4c, 0x59, 0x40, 0x18, 0x00, 0x00, 0x19, 0x18, 0x17, 0x16, 0x00, 0x15, 0x00, 0x15, 0x14, 0x13, 
	0x11, 0x11, 0x11, 0x11, 0x11, 0x11, 0x11, 0x11, 0x11, 0x0e, 0x09, 0x1d, 0x2b, 0x37, 0x35, 0x23, 
	0x11, 0x33, 0x35, 0x33, 0x35, 0x21, 0x15, 0x33, 0x15, 0x33, 0x15, 0x21, 0x11, 0x21, 0x35, 0x23, 
	0x35, 0x21, 0x11, 0x01, 0x33, 0x35, 0x23, 0x7d, 0x7d, 0x7d, 0x7d, 0x01, 0x77, 0x7d, 0x7d, 0xfd, 
	0x8f, 0x01, 0x77, 0x7d, 0x01, 0x77, 0xfe, 0x0c, 0x7d, 0x7d, 0x7d, 0x7d, 0x01, 0x77, 0xfa, 0x7d, 
	0x7d, 0x7d, 0x7d, 0xfe, 0x89, 0x7d, 0x7d, 0xfe, 0x89, 0x02, 0x71, 0x7d, 0x00, 0x01, 0x00, 0x00, 
	0x00, 0x00, 0x03, 0x6b, 0x03, 0xe8, 0x00, 0x1f, 0x00, 0xbf, 0x4b, 0xb0, 0x0a, 0x50, 0x58, 0x40, 
	0x49, 0x00, 0x08, 0x05, 0x04, 0x07, 0x08, 0x70, 0x00, 0x0c, 0x03, 0x03, 0x0c, 0x55, 0x00, 0x05, 
	0x00, 0x02, 0x0a, 0x05, 0x02, 0x65, 0x00, 0x09, 0x0d, 0x01, 0x01, 0x0e, 0x09, 0x01, 0x65, 0x00, 
	0x07, 0x07, 0x06, 0x5d, 0x00, 0x06, 0x06, 0x49, 0x4b, 0x0b, 0x01, 0x03, 0x03, 0x04, 0x5d, 0x00, 
	0x04, 0x04, 0x4c, 0x4b, 0x00, 0x0a, 0x0a, 0x0e, 0x5d, 0x00, 0x0e, 0x0e, 0x4a, 0x4b, 0x00, 0x00, 
	0x00, 0x0f, 0x5d, 0x10, 0x01, 0x0f, 0x0f, 0x4e, 0x0f, 0x4c, 0x1b, 0x40, 0x4a, 0x00, 0x08, 0x05, 
	0x04, 0x05, 0x08, 0x04, 0x7e, 0x00, 0x0c, 0x03, 0x03, 0x0c, 0x55, 0x00, 0x05, 0x00, 0x02, 0x0a, 
	0x05, 0x02, 0x65, 0x00, 0x09, 0x0d, 0x01, 0x01, 0x0e, 0x09, 0x01, 0x65, 0x00, 0x07, 0x07, 0x06, 
	0x5d, 0x00, 0x06, 0x06, 0x49, 0x4b, 0x0b, 0x01, 0x03, 0x03, 0x04, 0x5d, 0x00, 0x04, 0x04, 0x4c, 
	0x4b, 0x00, 0x0a, 0x0a, 0x0e, 0x5d, 0x00, 0x0e, 0x0e, 0x4a, 0x4b, 0x00, 0x00, 0x00, 0x0f, 0x5d, 
	0x10, 0x01, 0x0f, 0x0f, 0x4e, 0x0f, 0x4c, 0x59, 0x40, 0x1e, 0x00, 0x00, 0x00, 0x1f, 0x00, 0x1f, 
	0x1e, 0x1d, 0x1c, 0x1b, 0x1a, 0x19, 0x18, 0x17, 0x16, 0x15, 0x14, 0x13, 0x11, 0x11, 0x11, 0x11, 
	0x11, 0x11, 0x11, 0x11, 0x11, 0x11, 0x09, 0x1d, 0x2b, 0x33, 0x35, 0x33, 0x35, 0x23, 0x35, 0x23, 
	0x35, 0x23, 0x35, 0x33, 0x35, 0x33, 0x35, 0x21, 0x15, 0x21, 0x15, 0x23, 0x15, 0x33, 0x15, 0x33, 
	0x35, 0x23, 0x35, 0x21, 0x11, 0x23, 0x15, 0x23, 0x15, 0xfa, 0x7d, 0x7d, 0x7d, 0x7d, 0x7d, 0x7d, 
	0x02, 0x71, 0xfe, 0x0c, 0x7d, 0x7d, 0xfa, 0x7d, 0x01, 0x77, 0xfa, 0x7d, 0x7d, 0x7d, 0x7d, 0x7d, 
	0xfa, 0x7d, 0x7d, 0x7d, 0x7d, 0xfa, 0x7d, 0x7d, 0x7d, 0xfe, 0x89, 0x7d, 0x7d, 0x00, 0x00, 0x00, 
	0x00, 0x02, 0x00, 0x00, 0x00, 0x7d, 0x03, 0x6b, 0x03, 0xe8, 0x00, 0x03, 0x00, 0x13, 0x00, 0x52, 
	0x40, 0x4f, 0x00, 0x08, 0x00, 0x07, 0x02, 0x08, 0x07, 0x65, 0x00, 0x03, 0x00, 0x02, 0x06, 0x03, 
	0x02, 0x65, 0x0a, 0x01, 0x01, 0x01, 0x00, 0x5d, 0x00, 0x00, 0x00, 0x49, 0x4b, 0x00, 0x05, 0x05, 
	0x04, 0x5d, 0x00, 0x04, 0x04, 0x4c, 0x4b, 0x00, 0x06, 0x06, 0x09, 0x5d, 0x0b, 0x01, 0x09, 0x09, 
	0x4a, 0x09, 0x4c, 0x04, 0x04, 0x00, 0x00, 0x04, 0x13, 0x04, 0x13, 0x12, 0x11, 0x10, 0x0f, 0x0e, 
	0x0d, 0x0c, 0x0b, 0x0a, 0x09, 0x08, 0x07, 0x06, 0x05, 0x00, 0x03, 0x00, 0x03, 0x11, 0x0c, 0x09, 
	0x15, 0x2b, 0x01, 0x35, 0x33, 0x15, 0x01, 0x35, 0x23, 0x11, 0x33, 0x35, 0x21, 0x15, 0x21, 0x11, 
	0x21, 0x35, 0x23, 0x35, 0x21, 0x11, 0x01, 0x77, 0xfa, 0xfe, 0x0c, 0x7d, 0x7d, 0x02, 0xee, 0xfd, 
	0x8f, 0x01, 0x77, 0x7d, 0x01, 0x77, 0x03, 0x6b, 0x7d, 0x7d, 0xfd, 0x12, 0x7d, 0x01, 0x77, 0x7d, 
	0x7d, 0xfe, 0x89, 0x7d, 0x7d, 0xfe, 0x89, 0x00, 0x00, 0x01, 0x00, 0x00, 0x00, 0x7d, 0x03, 0x6b, 
	0x03, 0xe8, 0x00, 0x0b, 0x00, 0x27, 0x40, 0x24, 0x00, 0x01, 0x00, 0x04, 0x03, 0x01, 0x04, 0x65, 
	0x02, 0x01, 0x00, 0x00, 0x49, 0x4b, 0x06, 0x05, 0x02, 0x03, 0x03, 0x4a, 0x03, 0x4c, 0x00, 0x00, 
	0x00, 0x0b, 0x00, 0x0b, 0x11, 0x11, 0x11, 0x11, 0x11, 0x07, 0x09, 0x19, 0x2b, 0x35, 0x11, 0x33, 
	0x11, 0x21, 0x11, 0x33, 0x11, 0x23, 0x11, 0x21, 0x11, 0xfa, 0x01, 0x77, 0xfa, 0xfa, 0xfe, 0x89, 
	0x7d, 0x03, 0x6b, 0xfe, 0x89, 0x01, 0x77, 0xfc, 0x95, 0x01, 0x77, 0xfe, 0x89, 0x00, 0x00, 0x00, 
	0x00, 0x02, 0x00, 0x00, 0x00, 0x7d, 0x03, 0x6b, 0x03, 0xe8, 0x00, 0x0b, 0x00, 0x0f, 0x00, 0x33, 
	0x40, 0x30, 0x00, 0x01, 0x00, 0x07, 0x06, 0x01, 0x07, 0x65, 0x00, 0x06, 0x00, 0x04, 0x03, 0x06, 
	0x04, 0x65, 0x02, 0x01, 0x00, 0x00, 0x49, 0x4b, 0x08, 0x05, 0x02, 0x03, 0x03, 0x4a, 0x03, 0x4c, 
	0x00, 0x00, 0x0f, 0x0e, 0x0d, 0x0c, 0x00, 0x0b, 0x00, 0x0b, 0x11, 0x11, 0x11, 0x11, 0x11, 0x09, 
	0x09, 0x19, 0x2b, 0x35, 0x11, 0x33, 0x15, 0x21, 0x35, 0x33, 0x11, 0x23, 0x11, 0x21, 0x11, 0x11, 
	0x21, 0x35, 0x21, 0xfa, 0x01, 0x77, 0xfa, 0xfa, 0xfe, 0x89, 0x01, 0x77, 0xfe, 0x89, 0x7d, 0x03, 
	0x6b, 0x7d, 0x7d, 0xfc, 0x95, 0x01, 0x77, 0xfe, 0x89, 0x01, 0xf4, 0x7d, 0x00, 0x02, 0x00, 0x00, 
	0x00, 0x7d, 0x03, 0x6b, 0x03, 0xe8, 0x00, 0x0b, 0x00, 0x13, 0x00, 0x75, 0x4b, 0xb0, 0x0a, 0x50, 
	0x58, 0x40, 0x28, 0x09, 0x01, 0x07, 0x00, 0x06, 0x08, 0x07, 0x70, 0x00, 0x06, 0x00, 0x04, 0x03, 
	0x06, 0x04, 0x65, 0x00, 0x08, 0x08, 0x01, 0x5d, 0x00, 0x01, 0x01, 0x49, 0x4b, 0x02, 0x01, 0x00, 
	0x00, 0x03, 0x5d, 0x0a, 0x05, 0x02, 0x03, 0x03, 0x4a, 0x03, 0x4c, 0x1b, 0x40, 0x29, 0x09, 0x01, 
	0x07, 0x00, 0x06, 0x00, 0x07, 0x06, 0x7e, 0x00, 0x06, 0x00, 0x04, 0x03, 0x06, 0x04, 0x65, 0x00, 
	0x08, 0x08, 0x01, 0x5d, 0x00, 0x01, 0x01, 0x49, 0x4b, 0x02, 0x01, 0x00, 0x00, 0x03, 0x5d, 0x0a, 
	0x05, 0x02, 0x03, 0x03, 0x4a, 0x03, 0x4c, 0x59, 0x40, 0x16, 0x00, 0x00, 0x13, 0x12, 0x11, 0x10, 
	0x0f, 0x0e, 0x0d, 0x0c, 0x00, 0x0b, 0x00, 0x0b, 0x11, 0x11, 0x11, 0x11, 0x11, 0x0b, 0x09, 0x19, 
	0x2b, 0x35, 0x11, 0x33, 0x35, 0x21, 0x15, 0x33, 0x11, 0x23, 0x35, 0x21, 0x15, 0x11, 0x21, 0x35, 
	0x23, 0x35, 0x23, 0x15, 0x23, 0xfa, 0x01, 0x77, 0xfa, 0xfa, 0xfe, 0x89, 0x01, 0x77, 0x7d, 0x7d, 
	0x7d, 0x7d, 0x02, 0xee, 0x7d, 0x7d, 0xfd, 0x12, 0xfa, 0xfa, 0x01, 0x77, 0xfa, 0x7d, 0x7d, 0x00, 
	0x00, 0x01, 0x00, 0x7d, 0x00, 0x7d, 0x03, 0x6b, 0x03, 0xe8, 0x00, 0x0b, 0x00, 0x29, 0x40, 0x26, 
	0x03, 0x01, 0x01, 0x01, 0x02, 0x5d, 0x00, 0x02, 0x02, 0x49, 0x4b, 0x04, 0x01, 0x00, 0x00, 0x05, 
	0x5d, 0x06, 0x01, 0x05, 0x05, 0x4a, 0x05, 0x4c, 0x00, 0x00, 0x00, 0x0b, 0x00, 0x0b, 0x11, 0x11, 
	0x11, 0x11, 0x11, 0x07, 0x09, 0x19, 0x2b, 0x37, 0x35, 0x33, 0x11, 0x23, 0x35, 0x21, 0x15, 0x23, 
	0x11, 0x33, 0x15, 0x7d, 0xfa, 0xfa, 0x02, 0xee, 0xfa, 0xfa, 0x7d, 0x7d, 0x02, 0x71, 0x7d, 0x7d, 
	0xfd, 0x8f, 0x7d, 0x00, 0x00, 0x02, 0x00, 0x00, 0x00, 0x7d, 0x03, 0x6b, 0x03, 0xe8, 0x00, 0x0b, 
	0x00, 0x13, 0x00, 0x4a, 0x40, 0x47, 0x04, 0x01, 0x00, 0x0a, 0x01, 0x05, 0x08, 0x00, 0x05, 0x65, 
	0x03, 0x01, 0x01, 0x01, 0x02, 0x5d, 0x07, 0x01, 0x02, 0x02, 0x49, 0x4b, 0x00, 0x08, 0x08, 0x02, 
	0x5d, 0x07, 0x01, 0x02, 0x02, 0x49, 0x4b, 0x00, 0x06, 0x06, 0x09, 0x5d, 0x0b, 0x01, 0x09, 0x09, 
	0x4a, 0x09, 0x4c, 0x0c, 0x0c, 0x00, 0x00, 0x0c, 0x13, 0x0c, 0x13, 0x12, 0x11, 0x10, 0x0f, 0x0e, 
	0x0d, 0x00, 0x0b, 0x00, 0x0b, 0x11, 0x11, 0x11, 0x11, 0x11, 0x0c, 0x09, 0x19, 0x2b, 0x11, 0x35, 
	0x33, 0x11, 0x23, 0x35, 0x21, 0x15, 0x23, 0x11, 0x33, 0x15, 0x05, 0x35, 0x21, 0x11, 0x33, 0x11, 
	0x23, 0x15, 0x7d, 0x7d, 0x01, 0xf4, 0x7d, 0x7d, 0xfe, 0x89, 0x01, 0xf4, 0xfa, 0x7d, 0x01, 0x77, 
	0x7d, 0x01, 0x77, 0x7d, 0x7d, 0xfe, 0x89, 0x7d, 0xfa, 0x7d, 0x02, 0xee, 0xfd, 0x12, 0x7d, 0x00, 
	0x00, 0x02, 0x00, 0x7d, 0x00, 0x7d, 0x03, 0x6b, 0x03, 0xe8, 0x00, 0x03, 0x00, 0x13, 0x00, 0x40, 
	0x40, 0x3d, 0x00, 0x08, 0x00, 0x07, 0x00, 0x08, 0x07, 0x7e, 0x00, 0x00, 0x00, 0x01, 0x5d, 0x00, 
	0x01, 0x01, 0x49, 0x4b, 0x06, 0x01, 0x02, 0x02, 0x07, 0x5d, 0x0a, 0x09, 0x02, 0x07, 0x07, 0x4c, 
	0x4b, 0x05, 0x01, 0x03, 0x03, 0x04, 0x5e, 0x00, 0x04, 0x04, 0x4a, 0x04, 0x4c, 0x04, 0x04, 0x04, 
	0x13, 0x04, 0x13, 0x11, 0x11, 0x11, 0x11, 0x11, 0x11, 0x12, 0x11, 0x10, 0x0b, 0x09, 0x1d, 0x2b, 
	0x01, 0x23, 0x35, 0x33, 0x17, 0x15, 0x23, 0x11, 0x33, 0x15, 0x21, 0x35, 0x33, 0x11, 0x23, 0x35, 
	0x33, 0x35, 0x33, 0x15, 0x02, 0x71, 0x7d, 0x7d, 0xfa, 0xfa, 0xfa, 0xfd, 0x12, 0xfa, 0xfa, 0xfa, 
	0x7d, 0x03, 0x6b, 0x7d, 0xfa, 0x7d, 0xfe, 0x89, 0x7d, 0x7d, 0x01, 0x77, 0x7d, 0x7d, 0x7d, 0x00, 
	0x00, 0x03, 0x00, 0x7d, 0x00, 0x7d, 0x03, 0x6b, 0x03, 0xe8, 0x00, 0x03, 0x00, 0x07, 0x00, 0x17, 
	0x00, 0x53, 0x40, 0x50, 0x00, 0x0a, 0x00, 0x09, 0x00, 0x0a, 0x09, 0x7e, 0x02, 0x01, 0x00, 0x00, 
	0x01, 0x5d, 0x03, 0x0c, 0x02, 0x01, 0x01, 0x49, 0x4b, 0x08, 0x01, 0x04, 0x04, 0x09, 0x5d, 0x0d, 
	0x0b, 0x02, 0x09, 0x09, 0x4c, 0x4b, 0x07, 0x01, 0x05, 0x05, 0x06, 0x5e, 0x00, 0x06, 0x06, 0x4a, 
	0x06, 0x4c, 0x08, 0x08, 0x00, 0x00, 0x08, 0x17, 0x08, 0x17, 0x16, 0x15, 0x14, 0x13, 0x12, 0x11, 
	0x10, 0x0f, 0x0e, 0x0d, 0x0c, 0x0b, 0x0a, 0x09, 0x07, 0x06, 0x05, 0x04, 0x00, 0x03, 0x00, 0x03, 
	0x11, 0x0e, 0x09, 0x15, 0x2b, 0x01, 0x15, 0x23, 0x35, 0x05, 0x23, 0x35, 0x33, 0x17, 0x15, 0x23, 
	0x11, 0x33, 0x15, 0x21, 0x35, 0x33, 0x11, 0x23, 0x35, 0x33, 0x35, 0x33, 0x15, 0x01, 0x77, 0x7d, 
	0x01, 0xf4, 0x7d, 0x7d, 0x7d, 0xfa, 0xfa, 0xfd, 0x12, 0xfa, 0xfa, 0xfa, 0xfa, 0x03, 0xe8, 0x7d, 
	0x7d, 0x7d, 0x7d, 0xfa, 0x7d, 0xfe, 0x89, 0x7d, 0x7d, 0x01, 0x77, 0x7d, 0x7d, 0x7d, 0x00, 0x00, 
	0x00, 0x01, 0x00, 0x7d, 0x00, 0x7d, 0x03, 0x6b, 0x03, 0xe8, 0x00, 0x13, 0x00, 0x6d, 0x4b, 0xb0, 
	0x0a, 0x50, 0x58, 0x40, 0x26, 0x05, 0x01, 0x03, 0x04, 0x02, 0x02, 0x03, 0x70, 0x00, 0x04, 0x04, 
	0x49, 0x4b, 0x07, 0x01, 0x01, 0x01, 0x02, 0x5d, 0x06, 0x01, 0x02, 0x02, 0x4c, 0x4b, 0x08, 0x01, 
	0x00, 0x00, 0x09, 0x5e, 0x0a, 0x01, 0x09, 0x09, 0x4a, 0x09, 0x4c, 0x1b, 0x40, 0x27, 0x05, 0x01, 
	0x03, 0x04, 0x02, 0x04, 0x03, 0x02, 0x7e, 0x00, 0x04, 0x04, 0x49, 0x4b, 0x07, 0x01, 0x01, 0x01, 
	0x02, 0x5d, 0x06, 0x01, 0x02, 0x02, 0x4c, 0x4b, 0x08, 0x01, 0x00, 0x00, 0x09, 0x5e, 0x0a, 0x01, 
	0x09, 0x09, 0x4a, 0x09, 0x4c, 0x59, 0x40, 0x12, 0x00, 0x00, 0x00, 0x13, 0x00, 0x13, 0x11, 0x11, 
	0x11, 0x11, 0x11, 0x11, 0x11, 0x11, 0x11, 0x0b, 0x09, 0x1d, 0x2b, 0x37, 0x35, 0x33, 0x11, 0x23, 
	0x35, 0x33, 0x35, 0x33, 0x35, 0x33, 0x15, 0x33, 0x15, 0x33, 0x15, 0x23, 0x11, 0x33, 0x15, 0x7d, 
	0xfa, 0xfa, 0x7d, 0x7d, 0xfa, 0x7d, 0x7d, 0xfa, 0xfa, 0x7d, 0x7d, 0x01, 0x77, 0x7d, 0x7d, 0x7d, 
	0x7d, 0x7d, 0x7d, 0xfe, 0x89, 0x7d, 0x00, 0x00, 0x00, 0x03, 0x00, 0x7d, 0x00, 0x7d, 0x03, 0x6b, 
	0x03, 0xe8, 0x00, 0x03, 0x00, 0x07, 0x00, 0x13, 0x00, 0x4b, 0x40, 0x48, 0x0b, 0x03, 0x0a, 0x03, 
	0x01, 0x01, 0x00, 0x5d, 0x02, 0x01, 0x00, 0x00, 0x49, 0x4b, 0x07, 0x01, 0x05, 0x05, 0x06, 0x5d, 
	0x00, 0x06, 0x06, 0x4c, 0x4b, 0x08, 0x01, 0x04, 0x04, 0x09, 0x5d, 0x0c, 0x01, 0x09, 0x09, 0x4a, 
	0x09, 0x4c, 0x08, 0x08, 0x04, 0x04, 0x00, 0x00, 0x08, 0x13, 0x08, 0x13, 0x12, 0x11, 0x10, 0x0f, 
	0x0e, 0x0d, 0x0c, 0x0b, 0x0a, 0x09, 0x04, 0x07, 0x04, 0x07, 0x06, 0x05, 0x00, 0x03, 0x00, 0x03, 
	0x11, 0x0d, 0x09, 0x15, 0x2b, 0x13, 0x35, 0x33, 0x15, 0x33, 0x35, 0x33, 0x15, 0x01, 0x35, 0x33, 
	0x11, 0x23, 0x35, 0x21, 0x15, 0x23, 0x11, 0x33, 0x15, 0x7d, 0xfa, 0xfa, 0xfa, 0xfd, 0x12, 0xfa, 
	0xfa, 0x02, 0xee, 0xfa, 0xfa, 0x03, 0x6b, 0x7d, 0x7d, 0x7d, 0x7d, 0xfd, 0x12, 0x7d, 0x01, 0x77, 
	0x7d, 0x7d, 0xfe, 0x89, 0x7d, 0x00, 0x00, 0x00, 0x00, 0x02, 0x00, 0x7d, 0x00, 0x7d, 0x03, 0x6b, 
	0x03, 0xe8, 0x00, 0x03, 0x00, 0x0f, 0x00, 0x40, 0x40, 0x3d, 0x08, 0x01, 0x01, 0x01, 0x00, 0x5d, 
	0x00, 0x00, 0x00, 0x49, 0x4b, 0x05, 0x01, 0x03, 0x03, 0x04, 0x5d, 0x00, 0x04, 0x04, 0x4c, 0x4b, 
	0x06, 0x01, 0x02, 0x02, 0x07, 0x5d, 0x09, 0x01, 0x07, 0x07, 0x4a, 0x07, 0x4c, 0x04, 0x04, 0x00, 
	0x00, 0x04, 0x0f, 0x04, 0x0f, 0x0e, 0x0d, 0x0c, 0x0b, 0x0a, 0x09, 0x08, 0x07, 0x06, 0x05, 0x00, 
	0x03, 0x00, 0x03, 0x11, 0x0a, 0x09, 0x15, 0x2b, 0x01, 0x35, 0x33, 0x15, 0x01, 0x35, 0x33, 0x11, 
	0x23, 0x35, 0x21, 0x15, 0x23, 0x11, 0x33, 0x15, 0x01, 0x77, 0xfa, 0xfe, 0x0c, 0xfa, 0xfa, 0x02, 
	0xee, 0xfa, 0xfa, 0x03, 0x6b, 0x7d, 0x7d, 0xfd, 0x12, 0x7d, 0x01, 0x77, 0x7d, 0x7d, 0xfe, 0x89, 
	0x7d, 0x00, 0x00, 0x00, 0x00, 0x02, 0x00, 0x7d, 0x00, 0x7d, 0x03, 0x6b, 0x03, 0xe8, 0x00, 0x03, 
	0x00, 0x13, 0x00, 0x4d, 0x40, 0x4a, 0x00, 0x08, 0x00, 0x07, 0x00, 0x08, 0x07, 0x7e, 0x00, 0x00, 
	0x00, 0x01, 0x5d, 0x0a, 0x01, 0x01, 0x01, 0x49, 0x4b, 0x06, 0x01, 0x02, 0x02, 0x07, 0x5d, 0x0b, 
	0x09, 0x02, 0x07, 0x07, 0x4c, 0x4b, 0x05, 0x01, 0x03, 0x03, 0x04, 0x5e, 0x00, 0x04, 0x04, 0x4a, 
	0x04, 0x4c, 0x04, 0x04, 0x00, 0x00, 0x04, 0x13, 0x04, 0x13, 0x12, 0x11, 0x10, 0x0f, 0x0e, 0x0d, 
	0x0c, 0x0b, 0x0a, 0x09, 0x08, 0x07, 0x06, 0x05, 0x00, 0x03, 0x00, 0x03, 0x11, 0x0c, 0x09, 0x15, 
	0x2b, 0x01, 0x15, 0x23, 0x35, 0x05, 0x15, 0x23, 0x11, 0x33, 0x15, 0x21, 0x35, 0x33, 0x11, 0x23, 
	0x35, 0x21, 0x35, 0x33, 0x15, 0x01, 0xf4, 0x7d, 0x01, 0xf4, 0xfa, 0xfa, 0xfd, 0x12, 0xfa, 0xfa, 
	0x01, 0x77, 0x7d, 0x03, 0xe8, 0x7d, 0x7d, 0xfa, 0x7d, 0xfe, 0x89, 0x7d, 0x7d, 0x01, 0x77, 0x7d, 
	0x7d, 0x7d, 0x00, 0x00, 0x00, 0x02, 0x00, 0x7d, 0x00, 0x7d, 0x03, 0x6b, 0x03, 0xe8, 0x00, 0x03, 
	0x00, 0x0f, 0x00, 0x40, 0x40, 0x3d, 0x08, 0x01, 0x01, 0x01, 0x00, 0x5d, 0x00, 0x00, 0x00, 0x49, 
	0x4b, 0x05, 0x01, 0x03, 0x03, 0x04, 0x5d, 0x00, 0x04, 0x04, 0x4c, 0x4b, 0x06, 0x01, 0x02, 0x02, 
	0x07, 0x5d, 0x09, 0x01, 0x07, 0x07, 0x4a, 0x07, 0x4c, 0x04, 0x04, 0x00, 0x00, 0x04, 0x0f, 0x04, 
	0x0f, 0x0e, 0x0d, 0x0c, 0x0b, 0x0a, 0x09, 0x08, 0x07, 0x06, 0x05, 0x00, 0x03, 0x00, 0x03, 0x11, 
	0x0a, 0x09, 0x15, 0x2b, 0x13, 0x35, 0x21, 0x15, 0x01, 0x35, 0x33, 0x11, 0x23, 0x35, 0x21, 0x15, 
	0x23, 0x11, 0x33, 0x15, 0x7d, 0x02, 0xee, 0xfd, 0x12, 0xfa, 0xfa, 0x02, 0xee, 0xfa, 0xfa, 0x03, 
	0x6b, 0x7d, 0x7d, 0xfd, 0x12, 0x7d, 0x01, 0x77, 0x7d, 0x7d, 0xfe, 0x89, 0x7d, 0x00, 0x00, 0x00, 
	0x00, 0x03, 0x00, 0x7d, 0x00, 0x00, 0x03, 0x6b, 0x03, 0xe8, 0x00, 0x0f, 0x00, 0x13, 0x00, 0x17, 
	0x00, 0x53, 0x40, 0x50, 0x00, 0x03, 0x02, 0x08, 0x02, 0x03, 0x08, 0x7e, 0x05, 0x01, 0x01, 0x04, 
	0x01, 0x02, 0x03, 0x01, 0x02, 0x65, 0x06, 0x01, 0x00, 0x00, 0x07, 0x5d, 0x0c, 0x01, 0x07, 0x07, 
	0x49, 0x4b, 0x00, 0x08, 0x08, 0x09, 0x5d, 0x00, 0x09, 0x09, 0x4a, 0x4b, 0x00, 0x0a, 0x0a, 0x0b, 
	0x5d, 0x0d, 0x01, 0x0b, 0x0b, 0x4e, 0x0b, 0x4c, 0x14, 0x14, 0x00, 0x00, 0x14, 0x17, 0x14, 0x17, 
	0x16, 0x15, 0x13, 0x12, 0x11, 0x10, 0x00, 0x0f, 0x00, 0x0f, 0x11, 0x11, 0x11, 0x11, 0x11, 0x11, 
	0x11, 0x0e, 0x09, 0x1b, 0x2b, 0x01, 0x15, 0x23, 0x11, 0x33, 0x15, 0x21, 0x15, 0x23, 0x35, 0x23, 
	0x35, 0x33, 0x11, 0x23, 0x35, 0x13, 0x33, 0x15, 0x23, 0x17, 0x35, 0x33, 0x15, 0x03, 0x6b, 0xfa, 
	0xfa, 0xfe, 0x89, 0x7d, 0xfa, 0xfa, 0xfa, 0x7d, 0x7d, 0x7d, 0x7d, 0xfa, 0x03, 0xe8, 0x7d, 0xfe, 
	0x89, 0x7d, 0x7d, 0x7d, 0x7d, 0x01, 0x77, 0x7d, 0xfd, 0x12, 0x7d, 0x7d, 0x7d, 0x7d, 0x00, 0x00, 
	0x00, 0x03, 0x00, 0x7d, 0x00, 0x7d, 0x03, 0x6b, 0x03, 0xe8, 0x00, 0x03, 0x00, 0x07, 0x00, 0x19, 
	0x00, 0x87, 0x4b, 0xb0, 0x0a, 0x50, 0x58, 0x40, 0x2d, 0x0b, 0x01, 0x04, 0x00, 0x05, 0x05, 0x04, 
	0x70, 0x02, 0x01, 0x00, 0x00, 0x01, 0x5d, 0x0d, 0x03, 0x02, 0x01, 0x01, 0x49, 0x4b, 0x0a, 0x01, 
	0x06, 0x06, 0x05, 0x5d, 0x0c, 0x01, 0x05, 0x05, 0x4c, 0x4b, 0x09, 0x01, 0x07, 0x07, 0x08, 0x5d, 
	0x00, 0x08, 0x08, 0x4a, 0x08, 0x4c, 0x1b, 0x40, 0x2e, 0x0b, 0x01, 0x04, 0x00, 0x05, 0x00, 0x04, 
	0x05, 0x7e, 0x02, 0x01, 0x00, 0x00, 0x01, 0x5d, 0x0d, 0x03, 0x02, 0x01, 0x01, 0x49, 0x4b, 0x0a, 
	0x01, 0x06, 0x06, 0x05, 0x5d, 0x0c, 0x01, 0x05, 0x05, 0x4c, 0x4b, 0x09, 0x01, 0x07, 0x07, 0x08, 
	0x5d, 0x00, 0x08, 0x08, 0x4a, 0x08, 0x4c, 0x59, 0x40, 0x1e, 0x04, 0x04, 0x19, 0x18, 0x17, 0x16, 
	0x15, 0x14, 0x13, 0x12, 0x11, 0x10, 0x0f, 0x0e, 0x0d, 0x0c, 0x0b, 0x0a, 0x09, 0x08, 0x04, 0x07, 
	0x04, 0x07, 0x12, 0x11, 0x10, 0x0e, 0x09, 0x17, 0x2b, 0x01, 0x23, 0x35, 0x33, 0x21, 0x15, 0x23, 
	0x35, 0x07, 0x33, 0x15, 0x33, 0x15, 0x23, 0x11, 0x33, 0x15, 0x21, 0x35, 0x33, 0x11, 0x23, 0x35, 
	0x33, 0x15, 0x33, 0x01, 0xf4, 0xfa, 0xfa, 0x01, 0x77, 0x7d, 0xfa, 0xfa, 0x7d, 0xfa, 0xfa, 0xfd, 
	0x12, 0xfa, 0xfa, 0x7d, 0xfa, 0x03, 0x6b, 0x7d, 0x7d, 0x7d, 0x7d, 0x7d, 0x7d, 0xfe, 0x89, 0x7d, 
	0x7d, 0x01, 0x77, 0xfa, 0x7d, 0x00, 0x00, 0x00, 0x00, 0x01, 0x00, 0x00, 0x00, 0x7d, 0x03, 0x6b, 
	0x03, 0xe8, 0x00, 0x0b, 0x00, 0x2e, 0x40, 0x2b, 0x00, 0x01, 0x00, 0x00, 0x01, 0x55, 0x04, 0x01, 
	0x00, 0x00, 0x03, 0x5d, 0x00, 0x03, 0x03, 0x49, 0x4b, 0x00, 0x02, 0x02, 0x05, 0x5d, 0x06, 0x01, 
	0x05, 0x05, 0x4a, 0x05, 0x4c, 0x00, 0x00, 0x00, 0x0b, 0x00, 0x0b, 0x11, 0x11, 0x11, 0x11, 0x11, 
	0x07, 0x09, 0x19, 0x2b, 0x37, 0x35, 0x23, 0x35, 0x33, 0x15, 0x21, 0x11, 0x33, 0x11, 0x23, 0x15, 
	0x7d, 0x7d, 0xfa, 0x01, 0x77, 0xfa, 0x7d, 0x7d, 0x7d, 0x7d, 0x7d, 0x02, 0xee, 0xfd, 0x12, 0x7d, 
	0x00, 0x01, 0x00, 0x00, 0x00, 0x7d, 0x03, 0x6b, 0x03, 0xe8, 0x00, 0x13, 0x00, 0x3d, 0x40, 0x3a, 
	0x07, 0x01, 0x05, 0x00, 0x04, 0x01, 0x05, 0x04, 0x65, 0x00, 0x01, 0x08, 0x01, 0x00, 0x02, 0x01, 
	0x00, 0x65, 0x00, 0x03, 0x03, 0x06, 0x5d, 0x00, 0x06, 0x06, 0x49, 0x4b, 0x00, 0x02, 0x02, 0x09, 
	0x5d, 0x0a, 0x01, 0x09, 0x09, 0x4a, 0x09, 0x4c, 0x00, 0x00, 0x00, 0x13, 0x00, 0x13, 0x11, 0x11, 
	0x11, 0x11, 0x11, 0x11, 0x11, 0x11, 0x11, 0x0b, 0x09, 0x1d, 0x2b, 0x37, 0x35, 0x23, 0x35, 0x33, 
	0x15, 0x21, 0x11, 0x23, 0x15, 0x23, 0x35, 0x33, 0x35, 0x21, 0x15, 0x33, 0x11, 0x23, 0x15, 0x7d, 
	0x7d, 0xfa, 0x01, 0x77, 0x7d, 0xfa, 0x7d, 0x01, 0x77, 0x7d, 0x7d, 0x7d, 0x7d, 0x7d, 0x7d, 0x02, 
	0x71, 0x7d, 0x7d, 0x7d, 0x7d, 0xfd, 0x8f, 0x7d, 0x00, 0x01, 0x00, 0x00, 0x00, 0x7d, 0x03, 0x6b, 
	0x03, 0xe8, 0x00, 0x1d, 0x00, 0xbc, 0x4b, 0xb0, 0x0a, 0x50, 0x58, 0x40, 0x48, 0x00, 0x06, 0x03, 
	0x02, 0x05, 0x06, 0x70, 0x00, 0x08, 0x01, 0x0d, 0x01, 0x08, 0x0d, 0x7e, 0x00, 0x09, 0x0d, 0x0c, 
	0x0a, 0x09, 0x70, 0x00, 0x03, 0x00, 0x07, 0x01, 0x03, 0x07, 0x65, 0x00, 0x01, 0x00, 0x0d, 0x09, 
	0x01, 0x0d, 0x65, 0x00, 0x05, 0x05, 0x00, 0x5d, 0x04, 0x01, 0x00, 0x00, 0x49, 0x4b, 0x00, 0x0c, 
	0x0c, 0x02, 0x5d, 0x00, 0x02, 0x02, 0x4c, 0x4b, 0x00, 0x0a, 0x0a, 0x0b, 0x5e, 0x0f, 0x0e, 0x02, 
	0x0b, 0x0b, 0x4a, 0x0b, 0x4c, 0x1b, 0x40, 0x4a, 0x00, 0x06, 0x03, 0x02, 0x03, 0x06, 0x02, 0x7e, 
	0x00, 0x08, 0x01, 0x0d, 0x01, 0x08, 0x0d, 0x7e, 0x00, 0x09, 0x0d, 0x0c, 0x0d, 0x09, 0x0c, 0x7e, 
	0x00, 0x03, 0x00, 0x07, 0x01, 0x03, 0x07, 0x65, 0x00, 0x01, 0x00, 0x0d, 0x09, 0x01, 0x0d, 0x65, 
	0x00, 0x05, 0x05, 0x00, 0x5d, 0x04, 0x01, 0x00, 0x00, 0x49, 0x4b, 0x00, 0x0c, 0x0c, 0x02, 0x5d, 
	0x00, 0x02, 0x02, 0x4c, 0x4b, 0x00, 0x0a, 0x0a, 0x0b, 0x5e, 0x0f, 0x0e, 0x02, 0x0b, 0x0b, 0x4a, 
	0x0b, 0x4c, 0x59, 0x40, 0x1c, 0x00, 0x00, 0x00, 0x1d, 0x00, 0x1d, 0x1c, 0x1b, 0x1a, 0x19, 0x18, 
	0x17, 0x16, 0x15, 0x14, 0x13, 0x11, 0x11, 0x11, 0x11, 0x11, 0x11, 0x11, 0x11, 0x11, 0x10, 0x09, 
	0x1d, 0x2b, 0x35, 0x11, 0x33, 0x11, 0x33, 0x35, 0x33, 0x35, 0x33, 0x35, 0x33, 0x15, 0x23, 0x15, 
	0x23, 0x15, 0x23, 0x15, 0x33, 0x15, 0x33, 0x15, 0x33, 0x15, 0x21, 0x35, 0x23, 0x35, 0x23, 0x15, 
	0xfa, 0x7d, 0x7d, 0x7d, 0xfa, 0x7d, 0x7d, 0x7d, 0x7d, 0x7d, 0x7d, 0xfe, 0x89, 0x7d, 0x7d, 0x7d, 
	0x03, 0x6b, 0xfe, 0x89, 0x7d, 0x7d, 0x7d, 0x7d, 0x7d, 0x7d, 0x7d, 0x7d, 0x7d, 0x7d, 0x7d, 0x7d, 
	0xfa, 0x00, 0x00, 0x00, 0x00, 0x02, 0x00, 0x00, 0x00, 0x00, 0x03, 0x6b, 0x03, 0xe8, 0x00, 0x1b, 
	0x00, 0x21, 0x00, 0xd4, 0x4b, 0xb0, 0x0a, 0x50, 0x58, 0x40, 0x52, 0x00, 0x07, 0x04, 0x03, 0x06, 
	0x07, 0x70, 0x00, 0x08, 0x03, 0x10, 0x03, 0x08, 0x10, 0x7e, 0x00, 0x09, 0x10, 0x0f, 0x0a, 0x09, 
	0x70, 0x00, 0x04, 0x00, 0x0f, 0x0a, 0x04, 0x0f, 0x65, 0x00, 0x0a, 0x0b, 0x01, 0x01, 0x0e, 0x0a, 
	0x01, 0x66, 0x00, 0x06, 0x06, 0x02, 0x5d, 0x05, 0x01, 0x02, 0x02, 0x49, 0x4b, 0x00, 0x10, 0x10, 
	0x03, 0x5d, 0x00, 0x03, 0x03, 0x4c, 0x4b, 0x00, 0x0e, 0x0e, 0x0c, 0x5d, 0x00, 0x0c, 0x0c, 0x4a, 
	0x4b, 0x00, 0x00, 0x00, 0x0d, 0x5d, 0x11, 0x01, 0x0d, 0x0d, 0x4e, 0x0d, 0x4c, 0x1b, 0x40, 0x54, 
	0x00, 0x07, 0x04, 0x03, 0x04, 0x07, 0x03, 0x7e, 0x00, 0x08, 0x03, 0x10, 0x03, 0x08, 0x10, 0x7e, 
	0x00, 0x09, 0x10, 0x0f, 0x10, 0x09, 0x0f, 0x7e, 0x00, 0x04, 0x00, 0x0f, 0x0a, 0x04, 0x0f, 0x65, 
	0x00, 0x0a, 0x0b, 0x01, 0x01, 0x0e, 0x0a, 0x01, 0x66, 0x00, 0x06, 0x06, 0x02, 0x5d, 0x05, 0x01, 
	0x02, 0x02, 0x49, 0x4b, 0x00, 0x10, 0x10, 0x03, 0x5d, 0x00, 0x03, 0x03, 0x4c, 0x4b, 0x00, 0x0e, 
	0x0e, 0x0c, 0x5d, 0x00, 0x0c, 0x0c, 0x4a, 0x4b, 0x00, 0x00, 0x00, 0x0d, 0x5d, 0x11, 0x01, 0x0d, 
	0x0d, 0x4e, 0x0d, 0x4c, 0x59, 0x40, 0x20, 0x00, 0x00, 0x21, 0x20, 0x1f, 0x1e, 0x1d, 0x1c, 0x00, 
	0x1b, 0x00, 0x1b, 0x1a, 0x19, 0x18, 0x17, 0x16, 0x15, 0x14, 0x13, 0x11, 0x11, 0x11, 0x11, 0x11, 
	0x11, 0x11, 0x11, 0x11, 0x12, 0x09, 0x1d, 0x2b, 0x33, 0x35, 0x33, 0x35, 0x23, 0x11, 0x33, 0x15, 
	0x33, 0x35, 0x33, 0x35, 0x33, 0x15, 0x23, 0x15, 0x23, 0x15, 0x33, 0x15, 0x33, 0x15, 0x33, 0x15, 
	0x21, 0x15, 0x23, 0x15, 0x27, 0x33, 0x35, 0x23, 0x35, 0x23, 0x7d, 0x7d, 0xfa, 0xfa, 0x7d, 0x7d, 
	0xfa, 0x7d, 0x7d, 0x7d, 0x7d, 0x7d, 0xfe, 0x89, 0x7d, 0x7d, 0xfa, 0x7d, 0x7d, 0x7d, 0x7d, 0x02, 
	0xee, 0xfa, 0x7d, 0x7d, 0x7d, 0x7d, 0x7d, 0x7d, 0x7d, 0x7d, 0x7d, 0x7d, 0xfa, 0x7d, 0x7d, 0x00, 
	0x00, 0x01, 0x00, 0x7d, 0x00, 0x7d, 0x03, 0x6b, 0x03, 0xe8, 0x00, 0x05, 0x00, 0x1f, 0x40, 0x1c, 
	0x00, 0x00, 0x00, 0x49, 0x4b, 0x00, 0x01, 0x01, 0x02, 0x5e, 0x03, 0x01, 0x02, 0x02, 0x4a, 0x02, 
	0x4c, 0x00, 0x00, 0x00, 0x05, 0x00, 0x05, 0x11, 0x11, 0x04, 0x09, 0x16, 0x2b, 0x37, 0x11, 0x33, 
	0x11, 0x21, 0x15, 0x7d, 0xfa, 0x01, 0xf4, 0x7d, 0x03, 0x6b, 0xfd, 0x12, 0x7d, 0x00, 0x00, 0x00, 
	0x00, 0x02, 0x00, 0x7d, 0x00, 0x7d, 0x03, 0x6b, 0x03, 0xe8, 0x00, 0x03, 0x00, 0x0b, 0x00, 0x2f, 
	0x40, 0x2c, 0x00, 0x03, 0x00, 0x04, 0x05, 0x03, 0x04, 0x65, 0x00, 0x00, 0x00, 0x01, 0x5d, 0x00, 
	0x01, 0x01, 0x49, 0x4b, 0x06, 0x01, 0x05, 0x05, 0x02, 0x5d, 0x00, 0x02, 0x02, 0x4a, 0x02, 0x4c, 
	0x04, 0x04, 0x04, 0x0b, 0x04, 0x0b, 0x11, 0x11, 0x12, 0x11, 0x10, 0x07, 0x09, 0x19, 0x2b, 0x01, 
	0x23, 0x35, 0x33, 0x13, 0x15, 0x21, 0x11, 0x21, 0x15, 0x23, 0x11, 0x02, 0x71, 0x7d, 0x7d, 0xfa, 
	0xfd, 0x12, 0x01, 0x77, 0x7d, 0x03, 0x6b, 0x7d, 0xfd, 0x12, 0x7d, 0x02, 0xee, 0x7d, 0xfe, 0x0c, 
	0x00, 0x02, 0x00, 0x7d, 0x00, 0x7d, 0x03, 0x6b, 0x03, 0xe8, 0x00, 0x05, 0x00, 0x0b, 0x00, 0x62, 
	0x4b, 0xb0, 0x0a, 0x50, 0x58, 0x40, 0x1f, 0x07, 0x01, 0x05, 0x04, 0x01, 0x04, 0x05, 0x70, 0x00, 
	0x04, 0x04, 0x00, 0x5d, 0x03, 0x01, 0x00, 0x00, 0x49, 0x4b, 0x00, 0x01, 0x01, 0x02, 0x5e, 0x06, 
	0x01, 0x02, 0x02, 0x4a, 0x02, 0x4c, 0x1b, 0x40, 0x20, 0x07, 0x01, 0x05, 0x04, 0x01, 0x04, 0x05, 
	0x01, 0x7e, 0x00, 0x04, 0x04, 0x00, 0x5d, 0x03, 0x01, 0x00, 0x00, 0x49, 0x4b, 0x00, 0x01, 0x01, 
	0x02, 0x5e, 0x06, 0x01, 0x02, 0x02, 0x4a, 0x02, 0x4c, 0x59, 0x40, 0x15, 0x06, 0x06, 0x00, 0x00, 
	0x06, 0x0b, 0x06, 0x0b, 0x0a, 0x09, 0x08, 0x07, 0x00, 0x05, 0x00, 0x05, 0x11, 0x11, 0x08, 0x09, 
	0x16, 0x2b, 0x37, 0x11, 0x33, 0x11, 0x21, 0x15, 0x03, 0x11, 0x33, 0x15, 0x23, 0x15, 0x7d, 0xfa, 
	0x01, 0xf4, 0xfa, 0xfa, 0x7d, 0x7d, 0x03, 0x6b, 0xfd, 0x12, 0x7d, 0x01, 0xf4, 0x01, 0x77, 0xfa, 
	0x7d, 0x00, 0x00, 0x00, 0x00, 0x01, 0x00, 0x7d, 0x00, 0x00, 0x03, 0x6b, 0x03, 0xe8, 0x00, 0x0d, 
	0x00, 0x34, 0x40, 0x31, 0x00, 0x03, 0x01, 0x01, 0x03, 0x55, 0x04, 0x01, 0x01, 0x01, 0x02, 0x5d, 
	0x00, 0x02, 0x02, 0x49, 0x4b, 0x00, 0x05, 0x05, 0x4a, 0x4b, 0x00, 0x00, 0x00, 0x06, 0x5d, 0x07, 
	0x01, 0x06, 0x06, 0x4e, 0x06, 0x4c, 0x00, 0x00, 0x00, 0x0d, 0x00, 0x0d, 0x11, 0x11, 0x11, 0x11, 
	0x11, 0x11, 0x08, 0x09, 0x1a, 0x2b, 0x33, 0x35, 0x33, 0x35, 0x23, 0x11, 0x33, 0x11, 0x21, 0x15, 
	0x23, 0x15, 0x23, 0x15, 0xfa, 0x7d, 0xfa, 0xfa, 0x01, 0xf4, 0xfa, 0x7d, 0x7d, 0x7d, 0x02, 0xee, 
	0xfd, 0x8f, 0x7d, 0x7d, 0x7d, 0x00, 0x00, 0x00, 0x00, 0x02, 0x00, 0x7d, 0x00, 0x7d, 0x03, 0x6b, 
	0x03, 0xe8, 0x00, 0x05, 0x00, 0x09, 0x00, 0x32, 0x40, 0x2f, 0x00, 0x00, 0x00, 0x49, 0x4b, 0x06, 
	0x01, 0x04, 0x04, 0x03, 0x5d, 0x00, 0x03, 0x03, 0x4c, 0x4b, 0x00, 0x01, 0x01, 0x02, 0x5e, 0x05, 
	0x01, 0x02, 0x02, 0x4a, 0x02, 0x4c, 0x06, 0x06, 0x00, 0x00, 0x06, 0x09, 0x06, 0x09, 0x08, 0x07, 
	0x00, 0x05, 0x00, 0x05, 0x11, 0x11, 0x07, 0x09, 0x16, 0x2b, 0x37, 0x11, 0x33, 0x11, 0x21, 0x15, 
	0x01, 0x35, 0x33, 0x15, 0x7d, 0xfa, 0x01, 0xf4, 0xfe, 0x89, 0xfa, 0x7d, 0x03, 0x6b, 0xfd, 0x12, 
	0x7d, 0x01, 0x77, 0xfa, 0xfa, 0x00, 0x00, 0x00, 0x00, 0x01, 0x00, 0x00, 0x00, 0x7d, 0x03, 0x6b, 
	0x03, 0xe8, 0x00, 0x0d, 0x00, 0x35, 0x40, 0x32, 0x00, 0x01, 0x00, 0x00, 0x05, 0x01, 0x00, 0x65, 
	0x00, 0x02, 0x02, 0x49, 0x4b, 0x00, 0x04, 0x04, 0x03, 0x5d, 0x00, 0x03, 0x03, 0x4c, 0x4b, 0x00, 
	0x05, 0x05, 0x06, 0x5e, 0x07, 0x01, 0x06, 0x06, 0x4a, 0x06, 0x4c, 0x00, 0x00, 0x00, 0x0d, 0x00, 
	0x0d, 0x11, 0x11, 0x11, 0x11, 0x11, 0x11, 0x08, 0x09, 0x1a, 0x2b, 0x37, 0x11, 0x23, 0x35, 0x33, 
	0x11, 0x33, 0x15, 0x33, 0x15, 0x23, 0x11, 0x21, 0x15, 0x7d, 0x7d, 0x7d, 0xfa, 0x7d, 0x7d, 0x01, 
	0xf4, 0x7d, 0x01, 0x77, 0x7d, 0x01, 0x77, 0xfa, 0x7d, 0xfe, 0x89, 0x7d, 0x00, 0x01, 0x00, 0x00, 
	0x00, 0x7d, 0x03, 0x6b, 0x03, 0xe8, 0x00, 0x13, 0x00, 0x37, 0x40, 0x34, 0x03, 0x01, 0x01, 0x08, 
	0x01, 0x06, 0x07, 0x01, 0x06, 0x65, 0x04, 0x01, 0x00, 0x00, 0x49, 0x4b, 0x00, 0x07, 0x07, 0x02, 
	0x5d, 0x00, 0x02, 0x02, 0x4c, 0x4b, 0x0a, 0x09, 0x02, 0x05, 0x05, 0x4a, 0x05, 0x4c, 0x00, 0x00, 
	0x00, 0x13, 0x00, 0x13, 0x11, 0x11, 0x11, 0x11, 0x11, 0x11, 0x11, 0x11, 0x11, 0x0b, 0x09, 0x1d, 
	0x2b, 0x35, 0x11, 0x33, 0x15, 0x33, 0x15, 0x33, 0x35, 0x33, 0x35, 0x33, 0x11, 0x23, 0x11, 0x23, 
	0x15, 0x23, 0x35, 0x23, 0x11, 0xfa, 0x7d, 0x7d, 0x7d, 0xfa, 0xfa, 0x7d, 0x7d, 0x7d, 0x7d, 0x03, 
	0x6b, 0x7d, 0x7d, 0x7d, 0x7d, 0xfc, 0x95, 0x01, 0xf4, 0xfa, 0xfa, 0xfe, 0x0c, 0x00, 0x00, 0x00, 
	0x00, 0x01, 0x00, 0x00, 0x00, 0x7d, 0x03, 0x6b, 0x03, 0xe8, 0x00, 0x13, 0x00, 0x3d, 0x40, 0x3a, 
	0x00, 0x01, 0x00, 0x08, 0x03, 0x01, 0x08, 0x65, 0x00, 0x03, 0x00, 0x06, 0x05, 0x03, 0x06, 0x65, 
	0x04, 0x01, 0x00, 0x00, 0x49, 0x4b, 0x00, 0x07, 0x07, 0x02, 0x5d, 0x00, 0x02, 0x02, 0x4c, 0x4b, 
	0x0a, 0x09, 0x02, 0x05, 0x05, 0x4a, 0x05, 0x4c, 0x00, 0x00, 0x00, 0x13, 0x00, 0x13, 0x11, 0x11, 
	0x11, 0x11, 0x11, 0x11, 0x11, 0x11, 0x11, 0x0b, 0x09, 0x1d, 0x2b, 0x35, 0x11, 0x33, 0x15, 0x33, 
	0x15, 0x33, 0x15, 0x33, 0x11, 0x33, 0x11, 0x23, 0x35, 0x23, 0x35, 0x23, 0x35, 0x23, 0x11, 0xfa, 
	0x7d, 0x7d, 0x7d, 0xfa, 0xfa, 0x7d, 0x7d, 0x7d, 0x7d, 0x03, 0x6b, 0x7d, 0x7d, 0x7d, 0x01, 0x77, 
	0xfc, 0x95, 0xfa, 0x7d, 0x7d, 0xfe, 0x0c, 0x00, 0x00, 0x03, 0x00, 0x00, 0x00, 0x7d, 0x03, 0x6b, 
	0x03, 0xe8, 0x00, 0x03, 0x00, 0x07, 0x00, 0x17, 0x00, 0x4b, 0x40, 0x48, 0x00, 0x03, 0x00, 0x02, 
	0x08, 0x03, 0x02, 0x65, 0x00, 0x09, 0x00, 0x05, 0x04, 0x09, 0x05, 0x65, 0x00, 0x00, 0x00, 0x01, 
	0x5d, 0x00, 0x01, 0x01, 0x49, 0x4b, 0x00, 0x06, 0x06, 0x08, 0x5d, 0x0c, 0x0b, 0x02, 0x08, 0x08, 
	0x4c, 0x4b, 0x00, 0x0a, 0x0a, 0x04, 0x5e, 0x07, 0x01, 0x04, 0x04, 0x4a, 0x04, 0x4c, 0x08, 0x08, 
	0x08, 0x17, 0x08, 0x17, 0x16, 0x15, 0x14, 0x13, 0x11, 0x11, 0x11, 0x11, 0x12, 0x11, 0x11, 0x11, 
	0x10, 0x0d, 0x09, 0x1d, 0x2b, 0x01, 0x23, 0x35, 0x33, 0x07, 0x23, 0x35, 0x33, 0x05, 0x11, 0x21, 
	0x35, 0x23, 0x35, 0x23, 0x15, 0x23, 0x11, 0x21, 0x15, 0x33, 0x15, 0x33, 0x35, 0x02, 0x71, 0x7d, 
	0x7d, 0x7d, 0x7d, 0x7d, 0x01, 0x77, 0xfe, 0x89, 0x7d, 0x7d, 0xfa, 0x01, 0x77, 0x7d, 0x7d, 0x03, 
	0x6b, 0x7d, 0xfa, 0x7d, 0x7d, 0xfd, 0x8f, 0x7d, 0x7d, 0xfa, 0x02, 0x71, 0x7d, 0x7d, 0xfa, 0x00, 
	0x00, 0x01, 0x00, 0x00, 0x00, 0x7d, 0x03, 0x6b, 0x03, 0xe8, 0x00, 0x1b, 0x00, 0x54, 0x40, 0x51, 
	0x00, 0x02, 0x0c, 0x01, 0x0c, 0x02, 0x01, 0x7e, 0x00, 0x07, 0x00, 0x0a, 0x04, 0x07, 0x0a, 0x65, 
	0x00, 0x0b, 0x00, 0x01, 0x00, 0x0b, 0x01, 0x65, 0x09, 0x01, 0x05, 0x05, 0x06, 0x5d, 0x08, 0x01, 
	0x06, 0x06, 0x49, 0x4b, 0x0e, 0x0d, 0x02, 0x04, 0x04, 0x4c, 0x4b, 0x00, 0x0c, 0x0c, 0x00, 0x5e, 
	0x03, 0x01, 0x00, 0x00, 0x4a, 0x00, 0x4c, 0x00, 0x00, 0x00, 0x1b, 0x00, 0x1b, 0x1a, 0x19, 0x18, 
	0x17, 0x16, 0x15, 0x14, 0x13, 0x11, 0x11, 0x11, 0x11, 0x11, 0x11, 0x11, 0x11, 0x11, 0x0f, 0x09, 
	0x1d, 0x2b, 0x01, 0x11, 0x21, 0x35, 0x23, 0x35, 0x23, 0x15, 0x23, 0x11, 0x33, 0x35, 0x23, 0x35, 
	0x33, 0x15, 0x33, 0x35, 0x33, 0x15, 0x23, 0x15, 0x23, 0x15, 0x33, 0x15, 0x33, 0x35, 0x03, 0x6b, 
	0xfe, 0x89, 0x7d, 0x7d, 0xfa, 0xfa, 0x7d, 0xfa, 0x7d, 0xfa, 0x7d, 0xfa, 0x7d, 0x7d, 0x02, 0xee, 
	0xfd, 0x8f, 0x7d, 0x7d, 0xfa, 0x02, 0x71, 0x7d, 0x7d, 0x7d, 0x7d, 0x7d, 0x7d, 0x7d, 0x7d, 0xfa, 
	0x00, 0x02, 0x00, 0x00, 0x00, 0x00, 0x03, 0x6b, 0x03, 0xe8, 0x00, 0x11, 0x00, 0x19, 0x00, 0x5c, 
	0x40, 0x59, 0x00, 0x06, 0x00, 0x02, 0x01, 0x06, 0x02, 0x65, 0x00, 0x03, 0x03, 0x05, 0x5d, 0x0d, 
	0x08, 0x02, 0x05, 0x05, 0x49, 0x4b, 0x00, 0x01, 0x01, 0x07, 0x5d, 0x00, 0x07, 0x07, 0x4c, 0x4b, 
	0x04, 0x01, 0x00, 0x00, 0x05, 0x5d, 0x0d, 0x08, 0x02, 0x05, 0x05, 0x49, 0x4b, 0x00, 0x09, 0x09, 
	0x0a, 0x5d, 0x00, 0x0a, 0x0a, 0x4a, 0x4b, 0x00, 0x0c, 0x0c, 0x0b, 0x5d, 0x00, 0x0b, 0x0b, 0x4e, 
	0x0b, 0x4c, 0x00, 0x00, 0x19, 0x18, 0x17, 0x16, 0x15, 0x14, 0x13, 0x12, 0x00, 0x11, 0x00, 0x11, 
	0x11, 0x11, 0x11, 0x11, 0x11, 0x11, 0x11, 0x11, 0x0e, 0x09, 0x1c, 0x2b, 0x01, 0x11, 0x23, 0x35, 
	0x23, 0x35, 0x23, 0x35, 0x23, 0x11, 0x23, 0x11, 0x21, 0x15, 0x33, 0x15, 0x33, 0x35, 0x03, 0x33, 
	0x15, 0x23, 0x15, 0x23, 0x35, 0x33, 0x03, 0x6b, 0xfa, 0x7d, 0x7d, 0x7d, 0xfa, 0x01, 0x77, 0x7d, 
	0x7d, 0xfa, 0xfa, 0x7d, 0xfa, 0x7d, 0x03, 0xe8, 0xfd, 0x12, 0x7d, 0x7d, 0x7d, 0xfe, 0x89, 0x02, 
	0xee, 0x7d, 0x7d, 0xfa, 0xfd, 0x12, 0x7d, 0x7d, 0x7d, 0x00, 0x00, 0x00, 0x00, 0x01, 0x00, 0x00, 
	0x00, 0x00, 0x03, 0x6b, 0x03, 0xe8, 0x00, 0x15, 0x00, 0x4d, 0x40, 0x4a, 0x00, 0x04, 0x01, 0x09, 
	0x01, 0x04, 0x09, 0x7e, 0x00, 0x06, 0x00, 0x02, 0x01, 0x06, 0x02, 0x65, 0x00, 0x03, 0x03, 0x05, 
	0x5d, 0x08, 0x01, 0x05, 0x05, 0x49, 0x4b, 0x00, 0x01, 0x01, 0x07, 0x5d, 0x00, 0x07, 0x07, 0x4c, 
	0x4b, 0x00, 0x09, 0x09, 0x4a, 0x4b, 0x00, 0x00, 0x00, 0x0a, 0x5d, 0x0b, 0x01, 0x0a, 0x0a, 0x4e, 
	0x0a, 0x4c, 0x00, 0x00, 0x00, 0x15, 0x00, 0x15, 0x14, 0x13, 0x11, 0x11, 0x11, 0x11, 0x11, 0x11, 
	0x11, 0x11, 0x11, 0x0c, 0x09, 0x1d, 0x2b, 0x33, 0x35, 0x21, 0x35, 0x23, 0x35, 0x23, 0x35, 0x23, 
	0x11, 0x23, 0x11, 0x21, 0x15, 0x33, 0x15, 0x33, 0x35, 0x33, 0x11, 0x23, 0x15, 0xfa, 0x01, 0x77, 
	0x7d, 0x7d, 0x7d, 0xfa, 0x01, 0x77, 0x7d, 0x7d, 0xfa, 0x7d, 0x7d, 0xfa, 0x7d, 0x7d, 0xfe, 0x89, 
	0x02, 0xee, 0x7d, 0x7d, 0xfa, 0xfc, 0x95, 0x7d, 0x00, 0x03, 0x00, 0x00, 0x00, 0x7d, 0x03, 0x6b, 
	0x03, 0xe8, 0x00, 0x07, 0x00, 0x0b, 0x00, 0x1f, 0x00, 0x57, 0x40, 0x54, 0x0b, 0x01, 0x02, 0x00, 
	0x03, 0x0a, 0x02, 0x03, 0x65, 0x00, 0x0d, 0x00, 0x07, 0x06, 0x0d, 0x07, 0x65, 0x04, 0x01, 0x00, 
	0x00, 0x01, 0x5d, 0x05, 0x01, 0x01, 0x01, 0x49, 0x4b, 0x00, 0x08, 0x08, 0x0a, 0x5d, 0x10, 0x0f, 
	0x0c, 0x03, 0x0a, 0x0a, 0x4c, 0x4b, 0x00, 0x0e, 0x0e, 0x06, 0x5e, 0x09, 0x01, 0x06, 0x06, 0x4a, 
	0x06, 0x4c, 0x0c, 0x0c, 0x0c, 0x1f, 0x0c, 0x1f, 0x1e, 0x1d, 0x1c, 0x1b, 0x1a, 0x19, 0x18, 0x17, 
	0x16, 0x15, 0x14, 0x13, 0x11, 0x11, 0x12, 0x11, 0x11, 0x11, 0x11, 0x11, 0x10, 0x11, 0x09, 0x1d, 
	0x2b, 0x01, 0x23, 0x35, 0x33, 0x15, 0x33, 0x15, 0x23, 0x25, 0x23, 0x35, 0x33, 0x17, 0x11, 0x21, 
	0x35, 0x23, 0x35, 0x23, 0x15, 0x23, 0x11, 0x33, 0x35, 0x33, 0x15, 0x33, 0x15, 0x33, 0x15, 0x33, 
	0x35, 0x01, 0x77, 0x7d, 0xfa, 0x7d, 0xfa, 0x01, 0x77, 0x7d, 0x7d, 0x7d, 0xfe, 0x89, 0x7d, 0x7d, 
	0xfa, 0x7d, 0x7d, 0x7d, 0x7d, 0x7d, 0x03, 0x6b, 0x7d, 0x7d, 0x7d, 0x7d, 0x7d, 0xfa, 0xfd, 0x8f, 
	0x7d, 0x7d, 0xfa, 0x02, 0x71, 0x7d, 0x7d, 0x7d, 0x7d, 0xfa, 0x00, 0x00, 0x00, 0x02, 0x00, 0x00, 
	0x00, 0x7d, 0x03, 0x6b, 0x03, 0xe8, 0x00, 0x0b, 0x00, 0x0f, 0x00, 0x35, 0x40, 0x32, 0x03, 0x01, 
	0x01, 0x04, 0x01, 0x00, 0x06, 0x01, 0x00, 0x65, 0x00, 0x07, 0x07, 0x02, 0x5d, 0x00, 0x02, 0x02, 
	0x49, 0x4b, 0x00, 0x06, 0x06, 0x05, 0x5d, 0x08, 0x01, 0x05, 0x05, 0x4a, 0x05, 0x4c, 0x00, 0x00, 
	0x0f, 0x0e, 0x0d, 0x0c, 0x00, 0x0b, 0x00, 0x0b, 0x11, 0x11, 0x11, 0x11, 0x11, 0x09, 0x09, 0x19, 
	0x2b, 0x37, 0x35, 0x23, 0x11, 0x33, 0x35, 0x21, 0x15, 0x33, 0x11, 0x23, 0x15, 0x25, 0x21, 0x11, 
	0x21, 0x7d, 0x7d, 0x7d, 0x02, 0x71, 0x7d, 0x7d, 0xfe, 0x0c, 0x01, 0x77, 0xfe, 0x89, 0x7d, 0x7d, 
	0x02, 0x71, 0x7d, 0x7d, 0xfd, 0x8f, 0x7d, 0x7d, 0x02, 0x71, 0x00, 0x00, 0x00, 0x03, 0x00, 0x00, 
	0x00, 0x7d, 0x03, 0x6b, 0x03, 0xe8, 0x00, 0x03, 0x00, 0x13, 0x00, 0x17, 0x00, 0x89, 0x4b, 0xb0, 
	0x0a, 0x50, 0x58, 0x40, 0x32, 0x00, 0x07, 0x00, 0x06, 0x06, 0x07, 0x70, 0x0c, 0x09, 0x02, 0x05, 
	0x04, 0x01, 0x02, 0x0b, 0x05, 0x02, 0x65, 0x00, 0x00, 0x00, 0x01, 0x5d, 0x00, 0x01, 0x01, 0x49, 
	0x4b, 0x00, 0x0a, 0x0a, 0x06, 0x5d, 0x08, 0x01, 0x06, 0x06, 0x4c, 0x4b, 0x00, 0x0b, 0x0b, 0x03, 
	0x5d, 0x00, 0x03, 0x03, 0x4a, 0x03, 0x4c, 0x1b, 0x40, 0x33, 0x00, 0x07, 0x00, 0x06, 0x00, 0x07, 
	0x06, 0x7e, 0x0c, 0x09, 0x02, 0x05, 0x04, 0x01, 0x02, 0x0b, 0x05, 0x02, 0x65, 0x00, 0x00, 0x00, 
	0x01, 0x5d, 0x00, 0x01, 0x01, 0x49, 0x4b, 0x00, 0x0a, 0x0a, 0x06, 0x5d, 0x08, 0x01, 0x06, 0x06, 
	0x4c, 0x4b, 0x00, 0x0b, 0x0b, 0x03, 0x5d, 0x00, 0x03, 0x03, 0x4a, 0x03, 0x4c, 0x59, 0x40, 0x16, 
	0x04, 0x04, 0x17, 0x16, 0x15, 0x14, 0x04, 0x13, 0x04, 0x13, 0x11, 0x11, 0x11, 0x11, 0x11, 0x11, 
	0x12, 0x11, 0x10, 0x0d, 0x09, 0x1d, 0x2b, 0x01, 0x23, 0x35, 0x33, 0x13, 0x11, 0x23, 0x15, 0x21, 
	0x35, 0x23, 0x11, 0x33, 0x35, 0x33, 0x35, 0x33, 0x15, 0x33, 0x15, 0x23, 0x21, 0x11, 0x21, 0x02, 
	0x71, 0x7d, 0x7d, 0xfa, 0x7d, 0xfd, 0x8f, 0x7d, 0x7d, 0xfa, 0x7d, 0xfa, 0x7d, 0xfe, 0x89, 0x01, 
	0x77, 0x03, 0x6b, 0x7d, 0xfe, 0x89, 0xfe, 0x89, 0x7d, 0x7d, 0x01, 0x77, 0x7d, 0x7d, 0x7d, 0x7d, 
	0xfe, 0x89, 0x00, 0x00, 0x00, 0x04, 0x00, 0x00, 0x00, 0x7d, 0x03, 0x6b, 0x03, 0xe8, 0x00, 0x03, 
	0x00, 0x07, 0x00, 0x17, 0x00, 0x1b, 0x00, 0x5a, 0x40, 0x57, 0x00, 0x09, 0x00, 0x0c, 0x07, 0x09, 
	0x0c, 0x65, 0x0f, 0x0b, 0x02, 0x07, 0x06, 0x01, 0x04, 0x0d, 0x07, 0x04, 0x65, 0x02, 0x01, 0x00, 
	0x00, 0x01, 0x5d, 0x03, 0x0e, 0x02, 0x01, 0x01, 0x49, 0x4b, 0x0a, 0x01, 0x08, 0x08, 0x4c, 0x4b, 
	0x00, 0x0d, 0x0d, 0x05, 0x5e, 0x00, 0x05, 0x05, 0x4a, 0x05, 0x4c, 0x08, 0x08, 0x00, 0x00, 0x1b, 
	0x1a, 0x19, 0x18, 0x08, 0x17, 0x08, 0x17, 0x16, 0x15, 0x14, 0x13, 0x12, 0x11, 0x10, 0x0f, 0x0e, 
	0x0d, 0x0c, 0x0b, 0x0a, 0x09, 0x07, 0x06, 0x05, 0x04, 0x00, 0x03, 0x00, 0x03, 0x11, 0x10, 0x09, 
	0x15, 0x2b, 0x13, 0x15, 0x23, 0x35, 0x05, 0x23, 0x35, 0x33, 0x13, 0x11, 0x23, 0x15, 0x21, 0x35, 
	0x23, 0x11, 0x33, 0x35, 0x33, 0x35, 0x21, 0x15, 0x33, 0x15, 0x23, 0x21, 0x11, 0x21, 0xfa, 0x7d, 
	0x02, 0x71, 0x7d, 0x7d, 0x7d, 0x7d, 0xfd, 0x8f, 0x7d, 0x7d, 0x7d, 0x01, 0x77, 0x7d, 0x7d, 0xfe, 
	0x89, 0x01, 0x77, 0x03, 0xe8, 0x7d, 0x7d, 0x7d, 0x7d, 0xfe, 0x89, 0xfe, 0x89, 0x7d, 0x7d, 0x01, 
	0x77, 0x7d, 0x7d, 0x7d, 0x7d, 0xfe, 0x89, 0x00, 0x00, 0x03, 0x00, 0x00, 0x00, 0x7d, 0x03, 0x6b, 
	0x03, 0xe8, 0x00, 0x0f, 0x00, 0x13, 0x00, 0x17, 0x00, 0x4e, 0x40, 0x4b, 0x04, 0x01, 0x02, 0x09, 
	0x08, 0x09, 0x02, 0x08, 0x7e, 0x05, 0x01, 0x01, 0x06, 0x01, 0x00, 0x0a, 0x01, 0x00, 0x65, 0x00, 
	0x09, 0x09, 0x03, 0x5d, 0x00, 0x03, 0x03, 0x49, 0x4b, 0x00, 0x0b, 0x0b, 0x08, 0x5d, 0x00, 0x08, 
	0x08, 0x4c, 0x4b, 0x00, 0x0a, 0x0a, 0x07, 0x5e, 0x0c, 0x01, 0x07, 0x07, 0x4a, 0x07, 0x4c, 0x00, 
	0x00, 0x17, 0x16, 0x15, 0x14, 0x13, 0x12, 0x11, 0x10, 0x00, 0x0f, 0x00, 0x0f, 0x11, 0x11, 0x11, 
	0x11, 0x11, 0x11, 0x11, 0x0d, 0x09, 0x1b, 0x2b, 0x37, 0x35, 0x23, 0x11, 0x33, 0x35, 0x33, 0x35, 
	0x21, 0x15, 0x33, 0x15, 0x33, 0x11, 0x23, 0x15, 0x01, 0x33, 0x35, 0x23, 0x03, 0x21, 0x11, 0x21, 
	0x7d, 0x7d, 0x7d, 0x7d, 0x01, 0x77, 0x7d, 0x7d, 0x7d, 0xfe, 0x89, 0x7d, 0x7d, 0x7d, 0x01, 0x77, 
	0xfe, 0x89, 0x7d, 0x7d, 0x01, 0x77, 0xfa, 0x7d, 0x7d, 0xfa, 0xfe, 0x89, 0x7d, 0x02, 0x71, 0x7d, 
	0xfd, 0x8f, 0x01, 0x77, 0x00, 0x04, 0x00, 0x00, 0x00, 0x7d, 0x03, 0x6b, 0x03, 0xe8, 0x00, 0x03, 
	0x00, 0x07, 0x00, 0x13, 0x00, 0x17, 0x00, 0x57, 0x40, 0x54, 0x07, 0x01, 0x05, 0x08, 0x01, 0x04, 
	0x0a, 0x05, 0x04, 0x65, 0x0d, 0x03, 0x0c, 0x03, 0x01, 0x01, 0x00, 0x5d, 0x02, 0x01, 0x00, 0x00, 
	0x49, 0x4b, 0x00, 0x0b, 0x0b, 0x06, 0x5d, 0x00, 0x06, 0x06, 0x4c, 0x4b, 0x00, 0x0a, 0x0a, 0x09, 
	0x5d, 0x0e, 0x01, 0x09, 0x09, 0x4a, 0x09, 0x4c, 0x08, 0x08, 0x04, 0x04, 0x00, 0x00, 0x17, 0x16, 
	0x15, 0x14, 0x08, 0x13, 0x08, 0x13, 0x12, 0x11, 0x10, 0x0f, 0x0e, 0x0d, 0x0c, 0x0b, 0x0a, 0x09, 
	0x04, 0x07, 0x04, 0x07, 0x06, 0x05, 0x00, 0x03, 0x00, 0x03, 0x11, 0x0f, 0x09, 0x15, 0x2b, 0x13, 
	0x35, 0x33, 0x15, 0x33, 0x35, 0x33, 0x15, 0x01, 0x35, 0x23, 0x11, 0x33, 0x35, 0x21, 0x15, 0x33, 
	0x11, 0x23, 0x15, 0x25, 0x21, 0x11, 0x21, 0x7d, 0xfa, 0x7d, 0xfa, 0xfd, 0x8f, 0x7d, 0x7d, 0x02, 
	0x71, 0x7d, 0x7d, 0xfe, 0x0c, 0x01, 0x77, 0xfe, 0x89, 0x03, 0x6b, 0x7d, 0x7d, 0x7d, 0x7d, 0xfd, 
	0x12, 0x7d, 0x01, 0x77, 0x7d, 0x7d, 0xfe, 0x89, 0x7d, 0x7d, 0x01, 0x77, 0x00, 0x03, 0x00, 0x00, 
	0x00, 0x7d, 0x03, 0x6b, 0x03, 0xe8, 0x00, 0x03, 0x00, 0x13, 0x00, 0x17, 0x00, 0x97, 0x4b, 0xb0, 
	0x0a, 0x50, 0x58, 0x40, 0x33, 0x00, 0x07, 0x00, 0x06, 0x06, 0x07, 0x70, 0x0d, 0x09, 0x02, 0x05, 
	0x04, 0x01, 0x02, 0x0b, 0x05, 0x02, 0x65, 0x00, 0x00, 0x00, 0x01, 0x5d, 0x0c, 0x01, 0x01, 0x01, 
	0x49, 0x4b, 0x00, 0x0a, 0x0a, 0x06, 0x5d, 0x08, 0x01, 0x06, 0x06, 0x4c, 0x4b, 0x00, 0x0b, 0x0b, 
	0x03, 0x5d, 0x00, 0x03, 0x03, 0x4a, 0x03, 0x4c, 0x1b, 0x40, 0x34, 0x00, 0x07, 0x00, 0x06, 0x00, 
	0x07, 0x06, 0x7e, 0x0d, 0x09, 0x02, 0x05, 0x04, 0x01, 0x02, 0x0b, 0x05, 0x02, 0x65, 0x00, 0x00, 
	0x00, 0x01, 0x5d, 0x0c, 0x01, 0x01, 0x01, 0x49, 0x4b, 0x00, 0x0a, 0x0a, 0x06, 0x5d, 0x08, 0x01, 
	0x06, 0x06, 0x4c, 0x4b, 0x00, 0x0b, 0x0b, 0x03, 0x5d, 0x00, 0x03, 0x03, 0x4a, 0x03, 0x4c, 0x59, 
	0x40, 0x22, 0x04, 0x04, 0x00, 0x00, 0x17, 0x16, 0x15, 0x14, 0x04, 0x13, 0x04, 0x13, 0x12, 0x11, 
	0x10, 0x0f, 0x0e, 0x0d, 0x0c, 0x0b, 0x0a, 0x09, 0x08, 0x07, 0x06, 0x05, 0x00, 0x03, 0x00, 0x03, 
	0x11, 0x0e, 0x09, 0x15, 0x2b, 0x01, 0x15, 0x23, 0x35, 0x01, 0x11, 0x23, 0x15, 0x21, 0x35, 0x23, 
	0x11, 0x33, 0x35, 0x33, 0x35, 0x33, 0x15, 0x33, 0x15, 0x23, 0x21, 0x11, 0x21, 0x01, 0x77, 0x7d, 
	0x02, 0x71, 0x7d, 0xfd, 0x8f, 0x7d, 0x7d, 0xfa, 0x7d, 0xfa, 0x7d, 0xfe, 0x89, 0x01, 0x77, 0x03, 
	0xe8, 0x7d, 0x7d, 0xfe, 0x89, 0xfe, 0x89, 0x7d, 0x7d, 0x01, 0x77, 0x7d, 0x7d, 0x7d, 0x7d, 0xfe, 
	0x89, 0x00, 0x00, 0x00, 0x00, 0x04, 0x00, 0x00, 0x00, 0x7d, 0x03, 0x6b, 0x03, 0xe8, 0x00, 0x03, 
	0x00, 0x07, 0x00, 0x19, 0x00, 0x1d, 0x00, 0x95, 0x4b, 0xb0, 0x0a, 0x50, 0x58, 0x40, 0x35, 0x0a, 
	0x01, 0x08, 0x00, 0x09, 0x09, 0x08, 0x70, 0x0f, 0x0c, 0x02, 0x07, 0x06, 0x01, 0x04, 0x0e, 0x07, 
	0x04, 0x65, 0x02, 0x01, 0x00, 0x00, 0x01, 0x5d, 0x03, 0x01, 0x01, 0x01, 0x49, 0x4b, 0x00, 0x0d, 
	0x0d, 0x09, 0x5d, 0x0b, 0x01, 0x09, 0x09, 0x4c, 0x4b, 0x00, 0x0e, 0x0e, 0x05, 0x5e, 0x00, 0x05, 
	0x05, 0x4a, 0x05, 0x4c, 0x1b, 0x40, 0x36, 0x0a, 0x01, 0x08, 0x00, 0x09, 0x00, 0x08, 0x09, 0x7e, 
	0x0f, 0x0c, 0x02, 0x07, 0x06, 0x01, 0x04, 0x0e, 0x07, 0x04, 0x65, 0x02, 0x01, 0x00, 0x00, 0x01, 
	0x5d, 0x03, 0x01, 0x01, 0x01, 0x49, 0x4b, 0x00, 0x0d, 0x0d, 0x09, 0x5d, 0x0b, 0x01, 0x09, 0x09, 
	0x4c, 0x4b, 0x00, 0x0e, 0x0e, 0x05, 0x5e, 0x00, 0x05, 0x05, 0x4a, 0x05, 0x4c, 0x59, 0x40, 0x1c, 
	0x08, 0x08, 0x1d, 0x1c, 0x1b, 0x1a, 0x08, 0x19, 0x08, 0x19, 0x18, 0x17, 0x16, 0x15, 0x14, 0x13, 
	0x11, 0x11, 0x11, 0x11, 0x12, 0x11, 0x11, 0x11, 0x10, 0x10, 0x09, 0x1d, 0x2b, 0x01, 0x23, 0x35, 
	0x33, 0x05, 0x23, 0x35, 0x33, 0x13, 0x11, 0x23, 0x15, 0x21, 0x35, 0x23, 0x11, 0x33, 0x35, 0x33, 
	0x15, 0x33, 0x35, 0x33, 0x15, 0x33, 0x15, 0x23, 0x21, 0x11, 0x21, 0x01, 0x77, 0x7d, 0x7d, 0x01, 
	0x77, 0x7d, 0x7d, 0x7d, 0x7d, 0xfd, 0x8f, 0x7d, 0x7d, 0x7d, 0xfa, 0x7d, 0x7d, 0x7d, 0xfe, 0x89, 
	0x01, 0x77, 0x03, 0x6b, 0x7d, 0x7d, 0x7d, 0xfe, 0x89, 0xfe, 0x89, 0x7d, 0x7d, 0x01, 0x77, 0xfa, 
	0x7d, 0x7d, 0x7d, 0x7d, 0xfe, 0x89, 0x00, 0x00, 0x00, 0x03, 0x00, 0x00, 0x00, 0x7d, 0x03, 0x6b, 
	0x03, 0xe8, 0x00, 0x03, 0x00, 0x0f, 0x00, 0x13, 0x00, 0x4c, 0x40, 0x49, 0x05, 0x01, 0x03, 0x06, 
	0x01, 0x02, 0x08, 0x03, 0x02, 0x65, 0x0a, 0x01, 0x01, 0x01, 0x00, 0x5d, 0x00, 0x00, 0x00, 0x49, 
	0x4b, 0x00, 0x09, 0x09, 0x04, 0x5d, 0x00, 0x04, 0x04, 0x4c, 0x4b, 0x00, 0x08, 0x08, 0x07, 0x5d, 
	0x0b, 0x01, 0x07, 0x07, 0x4a, 0x07, 0x4c, 0x04, 0x04, 0x00, 0x00, 0x13, 0x12, 0x11, 0x10, 0x04, 
	0x0f, 0x04, 0x0f, 0x0e, 0x0d, 0x0c, 0x0b, 0x0a, 0x09, 0x08, 0x07, 0x06, 0x05, 0x00, 0x03, 0x00, 
	0x03, 0x11, 0x0c, 0x09, 0x15, 0x2b, 0x13, 0x35, 0x21, 0x15, 0x01, 0x35, 0x23, 0x11, 0x33, 0x35, 
	0x21, 0x15, 0x33, 0x11, 0x23, 0x15, 0x25, 0x21, 0x11, 0x21, 0x7d, 0x02, 0x71, 0xfd, 0x8f, 0x7d, 
	0x7d, 0x02, 0x71, 0x7d, 0x7d, 0xfe, 0x0c, 0x01, 0x77, 0xfe, 0x89, 0x03, 0x6b, 0x7d, 0x7d, 0xfd, 
	0x12, 0x7d, 0x01, 0x77, 0x7d, 0x7d, 0xfe, 0x89, 0x7d, 0x7d, 0x01, 0x77, 0x00, 0x03, 0x00, 0x00, 
	0x00, 0x7d, 0x03, 0x6b, 0x03, 0xe8, 0x00, 0x0b, 0x00, 0x17, 0x00, 0x1b, 0x00, 0x60, 0x40, 0x5d, 
	0x00, 0x0c, 0x0f, 0x01, 0x0d, 0x0a, 0x0c, 0x0d, 0x65, 0x00, 0x0a, 0x00, 0x0b, 0x00, 0x0a, 0x0b, 
	0x65, 0x03, 0x01, 0x01, 0x04, 0x01, 0x00, 0x06, 0x01, 0x00, 0x65, 0x00, 0x09, 0x09, 0x02, 0x5d, 
	0x00, 0x02, 0x02, 0x49, 0x4b, 0x00, 0x07, 0x07, 0x08, 0x5d, 0x00, 0x08, 0x08, 0x4c, 0x4b, 0x00, 
	0x06, 0x06, 0x05, 0x5d, 0x0e, 0x01, 0x05, 0x05, 0x4a, 0x05, 0x4c, 0x18, 0x18, 0x00, 0x00, 0x18, 
	0x1b, 0x18, 0x1b, 0x1a, 0x19, 0x17, 0x16, 0x15, 0x14, 0x13, 0x12, 0x11, 0x10, 0x0f, 0x0e, 0x0d, 
	0x0c, 0x00, 0x0b, 0x00, 0x0b, 0x11, 0x11, 0x11, 0x11, 0x11, 0x10, 0x09, 0x19, 0x2b, 0x37, 0x35, 
	0x23, 0x11, 0x33, 0x35, 0x21, 0x15, 0x33, 0x11, 0x23, 0x15, 0x25, 0x21, 0x11, 0x23, 0x35, 0x33, 
	0x35, 0x21, 0x11, 0x33, 0x15, 0x23, 0x37, 0x35, 0x33, 0x15, 0x7d, 0x7d, 0x7d, 0x02, 0x71, 0x7d, 
	0x7d, 0xfe, 0x0c, 0x01, 0x77, 0x7d, 0x7d, 0xfe, 0x89, 0x7d, 0x7d, 0x7d, 0x7d, 0x7d, 0x7d, 0x02, 
	0x71, 0x7d, 0x7d, 0xfd, 0x8f, 0x7d, 0x7d, 0x01, 0x77, 0x7d, 0x7d, 0xfe, 0x89, 0x7d, 0x7d, 0x7d, 
	0x7d, 0x00, 0x00, 0x00, 0x00, 0x03, 0x00, 0x00, 0x00, 0x7d, 0x03, 0x6b, 0x03, 0xe8, 0x00, 0x15, 
	0x00, 0x19, 0x00, 0x1d, 0x00, 0x95, 0x4b, 0xb0, 0x0a, 0x50, 0x58, 0x40, 0x35, 0x04, 0x01, 0x02, 
	0x06, 0x07, 0x07, 0x02, 0x70, 0x08, 0x01, 0x01, 0x09, 0x01, 0x00, 0x0d, 0x01, 0x00, 0x65, 0x0c, 
	0x01, 0x06, 0x06, 0x03, 0x5d, 0x05, 0x01, 0x03, 0x03, 0x49, 0x4b, 0x00, 0x0e, 0x0e, 0x07, 0x5d, 
	0x0b, 0x01, 0x07, 0x07, 0x4c, 0x4b, 0x00, 0x0d, 0x0d, 0x0a, 0x5e, 0x0f, 0x01, 0x0a, 0x0a, 0x4a, 
	0x0a, 0x4c, 0x1b, 0x40, 0x36, 0x04, 0x01, 0x02, 0x06, 0x07, 0x06, 0x02, 0x07, 0x7e, 0x08, 0x01, 
	0x01, 0x09, 0x01, 0x00, 0x0d, 0x01, 0x00, 0x65, 0x0c, 0x01, 0x06, 0x06, 0x03, 0x5d, 0x05, 0x01, 
	0x03, 0x03, 0x49, 0x4b, 0x00, 0x0e, 0x0e, 0x07, 0x5d, 0x0b, 0x01, 0x07, 0x07, 0x4c, 0x4b, 0x00, 
	0x0d, 0x0d, 0x0a, 0x5e, 0x0f, 0x01, 0x0a, 0x0a, 0x4a, 0x0a, 0x4c, 0x59, 0x40, 0x1c, 0x00, 0x00, 
	0x1d, 0x1c, 0x1b, 0x1a, 0x19, 0x18, 0x17, 0x16, 0x00, 0x15, 0x00, 0x15, 0x14, 0x13, 0x11, 0x11, 
	0x11, 0x11, 0x11, 0x11, 0x11, 0x11, 0x11, 0x10, 0x09, 0x1d, 0x2b, 0x37, 0x35, 0x23, 0x11, 0x33, 
	0x35, 0x33, 0x35, 0x33, 0x15, 0x33, 0x35, 0x33, 0x15, 0x23, 0x15, 0x33, 0x15, 0x33, 0x11, 0x23, 
	0x15, 0x01, 0x33, 0x35, 0x23, 0x11, 0x21, 0x11, 0x21, 0x7d, 0x7d, 0x7d, 0x7d, 0xfa, 0x7d, 0x7d, 
	0x7d, 0x7d, 0x7d, 0x7d, 0xfe, 0x0c, 0x7d, 0x7d, 0x01, 0x77, 0xfe, 0x89, 0x7d, 0x7d, 0x01, 0x77, 
	0xfa, 0x7d, 0x7d, 0x7d, 0x7d, 0x7d, 0x7d, 0xfe, 0x89, 0x7d, 0x02, 0x71, 0x7d, 0xfd, 0x8f, 0x01, 
	0x77, 0x00, 0x00, 0x00, 0x00, 0x02, 0x00, 0x00, 0x00, 0x7d, 0x03, 0x6b, 0x03, 0xe8, 0x00, 0x0f, 
	0x00, 0x13, 0x00, 0x3f, 0x40, 0x3c, 0x00, 0x04, 0x00, 0x05, 0x00, 0x04, 0x05, 0x65, 0x00, 0x01, 
	0x00, 0x00, 0x06, 0x01, 0x00, 0x65, 0x09, 0x01, 0x03, 0x03, 0x02, 0x5d, 0x00, 0x02, 0x02, 0x49, 
	0x4b, 0x08, 0x01, 0x06, 0x06, 0x07, 0x5d, 0x0a, 0x01, 0x07, 0x07, 0x4a, 0x07, 0x4c, 0x00, 0x00, 
	0x13, 0x12, 0x11, 0x10, 0x00, 0x0f, 0x00, 0x0f, 0x11, 0x11, 0x11, 0x11, 0x11, 0x11, 0x11, 0x0b, 
	0x09, 0x1b, 0x2b, 0x37, 0x35, 0x23, 0x11, 0x33, 0x35, 0x21, 0x15, 0x23, 0x15, 0x33, 0x15, 0x23, 
	0x15, 0x33, 0x15, 0x25, 0x33, 0x11, 0x23, 0x7d, 0x7d, 0x7d, 0x02, 0xee, 0xfa, 0xfa, 0xfa, 0xfa, 
	0xfd, 0x8f, 0x7d, 0x7d, 0x7d, 0x7d, 0x02, 0x71, 0x7d, 0x7d, 0xfa, 0x7d, 0xfa, 0x7d, 0x7d, 0x02, 
	0x71, 0x00, 0x00, 0x00, 0x00, 0x02, 0x00, 0x00, 0x00, 0x7d, 0x03, 0x6b, 0x03, 0xe8, 0x00, 0x09, 
	0x00, 0x0d, 0x00, 0x35, 0x40, 0x32, 0x00, 0x01, 0x00, 0x02, 0x05, 0x01, 0x02, 0x65, 0x00, 0x05, 
	0x00, 0x03, 0x04, 0x05, 0x03, 0x65, 0x00, 0x06, 0x06, 0x00, 0x5d, 0x00, 0x00, 0x00, 0x49, 0x4b, 
	0x07, 0x01, 0x04, 0x04, 0x4a, 0x04, 0x4c, 0x00, 0x00, 0x0d, 0x0c, 0x0b, 0x0a, 0x00, 0x09, 0x00, 
	0x09, 0x11, 0x11, 0x11, 0x11, 0x08, 0x09, 0x18, 0x2b, 0x35, 0x11, 0x21, 0x15, 0x33, 0x11, 0x23, 
	0x15, 0x21, 0x15, 0x11, 0x21, 0x11, 0x21, 0x02, 0xee, 0x7d, 0x7d, 0xfe, 0x0c, 0x01, 0x77, 0xfe, 
	0x89, 0x7d, 0x03, 0x6b, 0x7d, 0xfe, 0x89, 0x7d, 0xfa, 0x01, 0x77, 0x01, 0x77, 0x00, 0x00, 0x00, 
	0x00, 0x02, 0x00, 0x00, 0x00, 0x7d, 0x03, 0x6b, 0x03, 0xe8, 0x00, 0x0b, 0x00, 0x0f, 0x00, 0x3b, 
	0x40, 0x38, 0x00, 0x01, 0x00, 0x07, 0x02, 0x01, 0x07, 0x65, 0x00, 0x06, 0x00, 0x04, 0x05, 0x06, 
	0x04, 0x65, 0x00, 0x00, 0x00, 0x49, 0x4b, 0x00, 0x03, 0x03, 0x02, 0x5d, 0x00, 0x02, 0x02, 0x4c, 
	0x4b, 0x08, 0x01, 0x05, 0x05, 0x4a, 0x05, 0x4c, 0x00, 0x00, 0x0f, 0x0e, 0x0d, 0x0c, 0x00, 0x0b, 
	0x00, 0x0b, 0x11, 0x11, 0x11, 0x11, 0x11, 0x09, 0x09, 0x19, 0x2b, 0x35, 0x11, 0x33, 0x15, 0x21, 
	0x15, 0x33, 0x11, 0x23, 0x15, 0x21, 0x15, 0x35, 0x21, 0x11, 0x21, 0xfa, 0x01, 0xf4, 0x7d, 0x7d, 
	0xfe, 0x0c, 0x01, 0x77, 0xfe, 0x89, 0x7d, 0x03, 0x6b, 0x7d, 0x7d, 0xfe, 0x89, 0x7d, 0x7d, 0xfa, 
	0x01, 0x77, 0x00, 0x00, 0x00, 0x03, 0x00, 0x00, 0x00, 0x7d, 0x03, 0x6b, 0x03, 0xe8, 0x00, 0x0d, 
	0x00, 0x15, 0x00, 0x19, 0x00, 0x4e, 0x40, 0x4b, 0x00, 0x0a, 0x09, 0x01, 0x00, 0x01, 0x0a, 0x00, 
	0x65, 0x0d, 0x06, 0x02, 0x04, 0x03, 0x01, 0x01, 0x08, 0x04, 0x01, 0x65, 0x00, 0x07, 0x07, 0x05, 
	0x5d, 0x00, 0x05, 0x05, 0x49, 0x4b, 0x0b, 0x01, 0x08, 0x08, 0x02, 0x5d, 0x0e, 0x0c, 0x02, 0x02, 
	0x02, 0x4a, 0x02, 0x4c, 0x16, 0x16, 0x00, 0x00, 0x16, 0x19, 0x16, 0x19, 0x18, 0x17, 0x15, 0x14, 
	0x13, 0x12, 0x11, 0x10, 0x0f, 0x0e, 0x00, 0x0d, 0x00, 0x0d, 0x11, 0x11, 0x11, 0x11, 0x11, 0x11, 
	0x0f, 0x09, 0x1a, 0x2b, 0x01, 0x11, 0x23, 0x15, 0x23, 0x15, 0x21, 0x35, 0x23, 0x11, 0x33, 0x35, 
	0x21, 0x15, 0x23, 0x21, 0x11, 0x33, 0x35, 0x23, 0x35, 0x33, 0x13, 0x35, 0x33, 0x15, 0x03, 0x6b, 
	0x7d, 0x7d, 0xfe, 0x0c, 0x7d, 0x7d, 0x02, 0x71, 0x7d, 0xfe, 0x89, 0xfa, 0x7d, 0xfa, 0x7d, 0x7d, 
	0x03, 0x6b, 0xfe, 0x0c, 0x7d, 0x7d, 0x7d, 0x02, 0x71, 0x7d, 0x7d, 0xfd, 0x8f, 0x7d, 0x7d, 0xfe, 
	0x89, 0x7d, 0x7d, 0x00, 0x00, 0x02, 0x00, 0x00, 0x00, 0x7d, 0x03, 0x6b, 0x03, 0xe8, 0x00, 0x11, 
	0x00, 0x17, 0x00, 0x9f, 0x4b, 0xb0, 0x0a, 0x50, 0x58, 0x40, 0x3c, 0x00, 0x0a, 0x01, 0x02, 0x01, 
	0x0a, 0x02, 0x7e, 0x00, 0x03, 0x07, 0x06, 0x04, 0x03, 0x70, 0x00, 0x06, 0x04, 0x07, 0x06, 0x6e, 
	0x00, 0x01, 0x00, 0x02, 0x09, 0x01, 0x02, 0x65, 0x00, 0x09, 0x00, 0x07, 0x03, 0x09, 0x07, 0x65, 
	0x00, 0x0b, 0x0b, 0x00, 0x5d, 0x00, 0x00, 0x00, 0x49, 0x4b, 0x00, 0x04, 0x04, 0x05, 0x5e, 0x0c, 
	0x08, 0x02, 0x05, 0x05, 0x4a, 0x05, 0x4c, 0x1b, 0x40, 0x3e, 0x00, 0x0a, 0x01, 0x02, 0x01, 0x0a, 
	0x02, 0x7e, 0x00, 0x03, 0x07, 0x06, 0x07, 0x03, 0x06, 0x7e, 0x00, 0x06, 0x04, 0x07, 0x06, 0x04, 
	0x7c, 0x00, 0x01, 0x00, 0x02, 0x09, 0x01, 0x02, 0x65, 0x00, 0x09, 0x00, 0x07, 0x03, 0x09, 0x07, 
	0x65, 0x00, 0x0b, 0x0b, 0x00, 0x5d, 0x00, 0x00, 0x00, 0x49, 0x4b, 0x00, 0x04, 0x04, 0x05, 0x5e, 
	0x0c, 0x08, 0x02, 0x05, 0x05, 0x4a, 0x05, 0x4c, 0x59, 0x40, 0x17, 0x00, 0x00, 0x17, 0x16, 0x15, 
	0x14, 0x13, 0x12, 0x00, 0x11, 0x00, 0x11, 0x11, 0x11, 0x11, 0x11, 0x11, 0x11, 0x11, 0x11, 0x0d, 
	0x09, 0x1c, 0x2b, 0x35, 0x11, 0x21, 0x15, 0x33, 0x11, 0x23, 0x15, 0x33, 0x15, 0x33, 0x15, 0x21, 
	0x35, 0x23, 0x35, 0x23, 0x15, 0x11, 0x33, 0x35, 0x33, 0x35, 0x21, 0x02, 0xee, 0x7d, 0xfa, 0x7d, 
	0x7d, 0xfe, 0x89, 0x7d, 0x7d, 0xfa, 0x7d, 0xfe, 0x89, 0x7d, 0x03, 0x6b, 0x7d, 0xfe, 0x89, 0x7d, 
	0x7d, 0x7d, 0x7d, 0x7d, 0xfa, 0x01, 0x77, 0x7d, 0xfa, 0x00, 0x00, 0x00, 0x00, 0x03, 0x00, 0x00, 
	0x00, 0x7d, 0x03, 0x6b, 0x03, 0xe8, 0x00, 0x03, 0x00, 0x19, 0x00, 0x1d, 0x00, 0xb9, 0x4b, 0xb0, 
	0x0a, 0x50, 0x58, 0x40, 0x46, 0x00, 0x0a, 0x00, 0x09, 0x09, 0x0a, 0x70, 0x00, 0x03, 0x07, 0x06, 
	0x04, 0x03, 0x70, 0x00, 0x06, 0x04, 0x07, 0x06, 0x6e, 0x0f, 0x01, 0x0c, 0x00, 0x02, 0x0e, 0x0c, 
	0x02, 0x66, 0x00, 0x0e, 0x00, 0x07, 0x03, 0x0e, 0x07, 0x65, 0x00, 0x00, 0x00, 0x01, 0x5d, 0x00, 
	0x01, 0x01, 0x49, 0x4b, 0x00, 0x0d, 0x0d, 0x09, 0x5d, 0x0b, 0x01, 0x09, 0x09, 0x4c, 0x4b, 0x00, 
	0x04, 0x04, 0x05, 0x5e, 0x08, 0x01, 0x05, 0x05, 0x4a, 0x05, 0x4c, 0x1b, 0x40, 0x49, 0x00, 0x0a, 
	0x00, 0x09, 0x00, 0x0a, 0x09, 0x7e, 0x00, 0x03, 0x07, 0x06, 0x07, 0x03, 0x06, 0x7e, 0x00, 0x06, 
	0x04, 0x07, 0x06, 0x04, 0x7c, 0x0f, 0x01, 0x0c, 0x00, 0x02, 0x0e, 0x0c, 0x02, 0x66, 0x00, 0x0e, 
	0x00, 0x07, 0x03, 0x0e, 0x07, 0x65, 0x00, 0x00, 0x00, 0x01, 0x5d, 0x00, 0x01, 0x01, 0x49, 0x4b, 
	0x00, 0x0d, 0x0d, 0x09, 0x5d, 0x0b, 0x01, 0x09, 0x09, 0x4c, 0x4b, 0x00, 0x04, 0x04, 0x05, 0x5e, 
	0x08, 0x01, 0x05, 0x05, 0x4a, 0x05, 0x4c, 0x59, 0x40, 0x1c, 0x04, 0x04, 0x1d, 0x1c, 0x1b, 0x1a, 
	0x04, 0x19, 0x04, 0x19, 0x18, 0x17, 0x16, 0x15, 0x14, 0x13, 0x11, 0x11, 0x11, 0x11, 0x11, 0x11, 
	0x12, 0x11, 0x10, 0x10, 0x09, 0x1d, 0x2b, 0x01, 0x23, 0x35, 0x33, 0x13, 0x15, 0x23, 0x15, 0x33, 
	0x15, 0x33, 0x15, 0x21, 0x35, 0x23, 0x35, 0x23, 0x15, 0x23, 0x11, 0x21, 0x35, 0x33, 0x15, 0x33, 
	0x15, 0x23, 0x23, 0x15, 0x33, 0x02, 0x71, 0x7d, 0x7d, 0xfa, 0xfa, 0x7d, 0x7d, 0xfe, 0x89, 0x7d, 
	0x7d, 0xfa, 0x01, 0x77, 0x7d, 0xfa, 0xfa, 0xfa, 0xfa, 0x03, 0x6b, 0x7d, 0xfe, 0x89, 0x7d, 0x7d, 
	0x7d, 0x7d, 0x7d, 0x7d, 0xfa, 0x02, 0x71, 0x7d, 0x7d, 0x7d, 0x7d, 0x00, 0x00, 0x04, 0x00, 0x00, 
	0x00, 0x7d, 0x03, 0x6b, 0x03, 0xe8, 0x00, 0x03, 0x00, 0x07, 0x00, 0x1d, 0x00, 0x21, 0x00, 0xcf, 
	0x4b, 0xb0, 0x0a, 0x50, 0x58, 0x40, 0x49, 0x00, 0x0c, 0x00, 0x0b, 0x0b, 0x0c, 0x70, 0x00, 0x05, 
	0x09, 0x08, 0x06, 0x05, 0x70, 0x00, 0x08, 0x06, 0x09, 0x08, 0x6e, 0x12, 0x01, 0x0e, 0x00, 0x04, 
	0x10, 0x0e, 0x04, 0x66, 0x00, 0x10, 0x00, 0x09, 0x05, 0x10, 0x09, 0x65, 0x02, 0x01, 0x00, 0x00, 
	0x01, 0x5d, 0x03, 0x11, 0x02, 0x01, 0x01, 0x49, 0x4b, 0x00, 0x0f, 0x0f, 0x0b, 0x5d, 0x0d, 0x01, 
	0x0b, 0x0b, 0x4c, 0x4b, 0x00, 0x06, 0x06, 0x07, 0x5e, 0x0a, 0x01, 0x07, 0x07, 0x4a, 0x07, 0x4c, 
	0x1b, 0x40, 0x4c, 0x00, 0x0c, 0x00, 0x0b, 0x00, 0x0c, 0x0b, 0x7e, 0x00, 0x05, 0x09, 0x08, 0x09, 
	0x05, 0x08, 0x7e, 0x00, 0x08, 0x06, 0x09, 0x08, 0x06, 0x7c, 0x12, 0x01, 0x0e, 0x00, 0x04, 0x10, 
	0x0e, 0x04, 0x66, 0x00, 0x10, 0x00, 0x09, 0x05, 0x10, 0x09, 0x65, 0x02, 0x01, 0x00, 0x00, 0x01, 
	0x5d, 0x03, 0x11, 0x02, 0x01, 0x01, 0x49, 0x4b, 0x00, 0x0f, 0x0f, 0x0b, 0x5d, 0x0d, 0x01, 0x0b, 
	0x0b, 0x4c, 0x4b, 0x00, 0x06, 0x06, 0x07, 0x5e, 0x0a, 0x01, 0x07, 0x07, 0x4a, 0x07, 0x4c, 0x59, 
	0x40, 0x2c, 0x08, 0x08, 0x00, 0x00, 0x21, 0x20, 0x1f, 0x1e, 0x08, 0x1d, 0x08, 0x1d, 0x1c, 0x1b, 
	0x1a, 0x19, 0x18, 0x17, 0x16, 0x15, 0x14, 0x13, 0x12, 0x11, 0x10, 0x0f, 0x0e, 0x0d, 0x0c, 0x0b, 
	0x0a, 0x09, 0x07, 0x06, 0x05, 0x04, 0x00, 0x03, 0x00, 0x03, 0x11, 0x13, 0x09, 0x15, 0x2b, 0x01, 
	0x15, 0x23, 0x35, 0x05, 0x23, 0x35, 0x33, 0x13, 0x15, 0x23, 0x15, 0x33, 0x15, 0x33, 0x15, 0x21, 
	0x35, 0x23, 0x35, 0x23, 0x15, 0x23, 0x11, 0x21, 0x35, 0x33, 0x15, 0x33, 0x15, 0x23, 0x23, 0x15, 
	0x33, 0x01, 0x77, 0x7d, 0x01, 0x77, 0x7d, 0x7d, 0xfa, 0xfa, 0x7d, 0x7d, 0xfe, 0x89, 0x7d, 0x7d, 
	0xfa, 0x01, 0x77, 0x7d, 0xfa, 0xfa, 0xfa, 0xfa, 0x03, 0xe8, 0x7d, 0x7d, 0x7d, 0x7d, 0xfe, 0x89, 
	0x7d, 0x7d, 0x7d, 0x7d, 0x7d, 0x7d, 0xfa, 0x02, 0x71, 0x7d, 0x7d, 0x7d, 0x7d, 0x00, 0x00, 0x00, 
	0x00, 0x02, 0x00, 0x00, 0x00, 0x00, 0x03, 0x6b, 0x03, 0xe8, 0x00, 0x19, 0x00, 0x1f, 0x00, 0xc9, 
	0x4b, 0xb0, 0x0a, 0x50, 0x58, 0x40, 0x4d, 0x00, 0x08, 0x03, 0x02, 0x09, 0x08, 0x70, 0x00, 0x02, 
	0x09, 0x03, 0x02, 0x6e, 0x00, 0x01, 0x04, 0x0b, 0x00, 0x01, 0x70, 0x00, 0x06, 0x00, 0x07, 0x0d, 
	0x06, 0x07, 0x65, 0x00, 0x0d, 0x00, 0x03, 0x08, 0x0d, 0x03, 0x65, 0x00, 0x09, 0x0a, 0x01, 0x04, 
	0x01, 0x09, 0x04, 0x66, 0x00, 0x0f, 0x0f, 0x05, 0x5d, 0x00, 0x05, 0x05, 0x49, 0x4b, 0x00, 0x0e, 
	0x0e, 0x4c, 0x4b, 0x00, 0x0b, 0x0b, 0x4a, 0x4b, 0x00, 0x00, 0x00, 0x0c, 0x5e, 0x10, 0x01, 0x0c, 
	0x0c, 0x4e, 0x0c, 0x4c, 0x1b, 0x40, 0x50, 0x00, 0x08, 0x03, 0x02, 0x03, 0x08, 0x02, 0x7e, 0x00, 
	0x02, 0x09, 0x03, 0x02, 0x09, 0x7c, 0x00, 0x01, 0x04, 0x0b, 0x04, 0x01, 0x0b, 0x7e, 0x00, 0x06, 
	0x00, 0x07, 0x0d, 0x06, 0x07, 0x65, 0x00, 0x0d, 0x00, 0x03, 0x08, 0x0d, 0x03, 0x65, 0x00, 0x09, 
	0x0a, 0x01, 0x04, 0x01, 0x09, 0x04, 0x66, 0x00, 0x0f, 0x0f, 0x05, 0x5d, 0x00, 0x05, 0x05, 0x49, 
	0x4b, 0x00, 0x0e, 0x0e, 0x4c, 0x4b, 0x00, 0x0b, 0x0b, 0x4a, 0x4b, 0x00, 0x00, 0x00, 0x0c, 0x5e, 
	0x10, 0x01, 0x0c, 0x0c, 0x4e, 0x0c, 0x4c, 0x59, 0x40, 0x1e, 0x00, 0x00, 0x1f, 0x1e, 0x1d, 0x1c, 
	0x1b, 0x1a, 0x00, 0x19, 0x00, 0x19, 0x18, 0x17, 0x16, 0x15, 0x14, 0x13, 0x11, 0x11, 0x11, 0x11, 
	0x11, 0x11, 0x11, 0x11, 0x11, 0x11, 0x09, 0x1d, 0x2b, 0x33, 0x35, 0x33, 0x35, 0x33, 0x35, 0x23, 
	0x35, 0x23, 0x15, 0x23, 0x11, 0x21, 0x15, 0x33, 0x15, 0x23, 0x15, 0x33, 0x15, 0x33, 0x15, 0x23, 
	0x15, 0x23, 0x15, 0x03, 0x33, 0x35, 0x33, 0x35, 0x21, 0xfa, 0x7d, 0x7d, 0x7d, 0x7d, 0xfa, 0x02, 
	0xee, 0x7d, 0xfa, 0x7d, 0x7d, 0xfa, 0x7d, 0xfa, 0xfa, 0x7d, 0xfe, 0x89, 0x7d, 0x7d, 0x7d, 0x7d, 
	0xfa, 0x02, 0xee, 0x7d, 0xfa, 0x7d, 0x7d, 0x7d, 0x7d, 0x7d, 0x02, 0x71, 0x7d, 0x7d, 0x00, 0x00, 
	0x00, 0x01, 0x00, 0x00, 0x00, 0x7d, 0x03, 0x6b, 0x03, 0xe8, 0x00, 0x1b, 0x00, 0x59, 0x40, 0x56, 
	0x00, 0x08, 0x04, 0x05, 0x08, 0x55, 0x07, 0x01, 0x05, 0x00, 0x04, 0x0a, 0x05, 0x04, 0x65, 0x00, 
	0x0a, 0x00, 0x03, 0x0b, 0x0a, 0x03, 0x65, 0x00, 0x0b, 0x01, 0x00, 0x0b, 0x55, 0x00, 0x01, 0x0c, 
	0x01, 0x00, 0x02, 0x01, 0x00, 0x65, 0x00, 0x09, 0x09, 0x06, 0x5d, 0x00, 0x06, 0x06, 0x49, 0x4b, 
	0x00, 0x02, 0x02, 0x0d, 0x5d, 0x0e, 0x01, 0x0d, 0x0d, 0x4a, 0x0d, 0x4c, 0x00, 0x00, 0x00, 0x1b, 
	0x00, 0x1b, 0x1a, 0x19, 0x18, 0x17, 0x16, 0x15, 0x14, 0x13, 0x11, 0x11, 0x11, 0x11, 0x11, 0x11, 
	0x11, 0x11, 0x11, 0x0f, 0x09, 0x1d, 0x2b, 0x37, 0x35, 0x23, 0x35, 0x33, 0x15, 0x21, 0x35, 0x21, 
	0x35, 0x23, 0x35, 0x33, 0x35, 0x21, 0x15, 0x33, 0x15, 0x23, 0x35, 0x21, 0x15, 0x21, 0x15, 0x33, 
	0x15, 0x23, 0x15, 0x7d, 0x7d, 0xfa, 0x01, 0x77, 0xfe, 0x0c, 0x7d, 0x7d, 0x02, 0x71, 0x7d, 0xfa, 
	0xfe, 0x89, 0x01, 0xf4, 0x7d, 0x7d, 0x7d, 0x7d, 0x7d, 0x7d, 0xfa, 0x7d, 0xfa, 0x7d, 0x7d, 0x7d, 
	0x7d, 0xfa, 0x7d, 0xfa, 0x7d, 0x00, 0x00, 0x00, 0x00, 0x02, 0x00, 0x00, 0x00, 0x7d, 0x03, 0x6b, 
	0x03, 0xe8, 0x00, 0x03, 0x00, 0x1b, 0x00, 0xa9, 0x4b, 0xb0, 0x0a, 0x50, 0x58, 0x40, 0x40, 0x00, 
	0x09, 0x00, 0x08, 0x08, 0x09, 0x70, 0x00, 0x07, 0x00, 0x06, 0x0c, 0x07, 0x06, 0x65, 0x00, 0x0c, 
	0x00, 0x05, 0x0d, 0x0c, 0x05, 0x65, 0x0e, 0x01, 0x0d, 0x00, 0x02, 0x04, 0x0d, 0x02, 0x65, 0x00, 
	0x00, 0x00, 0x01, 0x5d, 0x00, 0x01, 0x01, 0x49, 0x4b, 0x00, 0x0b, 0x0b, 0x08, 0x5d, 0x0a, 0x01, 
	0x08, 0x08, 0x4c, 0x4b, 0x00, 0x04, 0x04, 0x03, 0x5d, 0x00, 0x03, 0x03, 0x4a, 0x03, 0x4c, 0x1b, 
	0x40, 0x41, 0x00, 0x09, 0x00, 0x08, 0x00, 0x09, 0x08, 0x7e, 0x00, 0x07, 0x00, 0x06, 0x0c, 0x07, 
	0x06, 0x65, 0x00, 0x0c, 0x00, 0x05, 0x0d, 0x0c, 0x05, 0x65, 0x0e, 0x01, 0x0d, 0x00, 0x02, 0x04, 
	0x0d, 0x02, 0x65, 0x00, 0x00, 0x00, 0x01, 0x5d, 0x00, 0x01, 0x01, 0x49, 0x4b, 0x00, 0x0b, 0x0b, 
	0x08, 0x5d, 0x0a, 0x01, 0x08, 0x08, 0x4c, 0x4b, 0x00, 0x04, 0x04, 0x03, 0x5d, 0x00, 0x03, 0x03, 
	0x4a, 0x03, 0x4c, 0x59, 0x40, 0x1a, 0x04, 0x04, 0x04, 0x1b, 0x04, 0x1b, 0x1a, 0x19, 0x18, 0x17, 
	0x16, 0x15, 0x14, 0x13, 0x11, 0x11, 0x11, 0x11, 0x11, 0x11, 0x12, 0x11, 0x10, 0x0f, 0x09, 0x1d, 
	0x2b, 0x01, 0x23, 0x35, 0x33, 0x13, 0x15, 0x23, 0x15, 0x21, 0x35, 0x21, 0x35, 0x21, 0x35, 0x23, 
	0x35, 0x33, 0x35, 0x33, 0x35, 0x33, 0x15, 0x33, 0x15, 0x21, 0x15, 0x21, 0x15, 0x02, 0x71, 0x7d, 
	0x7d, 0xfa, 0x7d, 0xfd, 0x12, 0x02, 0x71, 0xfe, 0x0c, 0x7d, 0x7d, 0xfa, 0x7d, 0xfa, 0xfe, 0x0c, 
	0x01, 0xf4, 0x03, 0x6b, 0x7d, 0xfd, 0x8f, 0x7d, 0x7d, 0x7d, 0x7d, 0x7d, 0x7d, 0x7d, 0x7d, 0x7d, 
	0x7d, 0x7d, 0x7d, 0x00, 0x00, 0x01, 0x00, 0x00, 0x00, 0x7d, 0x03, 0x6b, 0x03, 0xe8, 0x00, 0x1f, 
	0x00, 0xb1, 0x4b, 0xb0, 0x0a, 0x50, 0x58, 0x40, 0x42, 0x00, 0x07, 0x05, 0x04, 0x04, 0x07, 0x70, 
	0x00, 0x03, 0x00, 0x02, 0x0c, 0x03, 0x02, 0x65, 0x00, 0x0c, 0x00, 0x01, 0x0d, 0x0c, 0x01, 0x66, 
	0x00, 0x0d, 0x00, 0x0e, 0x00, 0x0d, 0x0e, 0x65, 0x09, 0x01, 0x05, 0x05, 0x06, 0x5d, 0x08, 0x01, 
	0x06, 0x06, 0x49, 0x4b, 0x00, 0x0b, 0x0b, 0x04, 0x5d, 0x0a, 0x01, 0x04, 0x04, 0x4c, 0x4b, 0x00, 
	0x00, 0x00, 0x0f, 0x5d, 0x10, 0x01, 0x0f, 0x0f, 0x4a, 0x0f, 0x4c, 0x1b, 0x40, 0x43, 0x00, 0x07, 
	0x05, 0x04, 0x05, 0x07, 0x04, 0x7e, 0x00, 0x03, 0x00, 0x02, 0x0c, 0x03, 0x02, 0x65, 0x00, 0x0c, 
	0x00, 0x01, 0x0d, 0x0c, 0x01, 0x66, 0x00, 0x0d, 0x00, 0x0e, 0x00, 0x0d, 0x0e, 0x65, 0x09, 0x01, 
	0x05, 0x05, 0x06, 0x5d, 0x08, 0x01, 0x06, 0x06, 0x49, 0x4b, 0x00, 0x0b, 0x0b, 0x04, 0x5d, 0x0a, 
	0x01, 0x04, 0x04, 0x4c, 0x4b, 0x00, 0x00, 0x00, 0x0f, 0x5d, 0x10, 0x01, 0x0f, 0x0f, 0x4a, 0x0f, 
	0x4c, 0x59, 0x40, 0x1e, 0x00, 0x00, 0x00, 0x1f, 0x00, 0x1f, 0x1e, 0x1d, 0x1c, 0x1b, 0x1a, 0x19, 
	0x18, 0x17, 0x16, 0x15, 0x14, 0x13, 0x11, 0x11, 0x11, 0x11, 0x11, 0x11, 0x11, 0x11, 0x11, 0x11, 
	0x09, 0x1d, 0x2b, 0x35, 0x35, 0x21, 0x35, 0x21, 0x35, 0x23, 0x35, 0x33, 0x35, 0x33, 0x35, 0x23, 
	0x35, 0x33, 0x15, 0x33, 0x35, 0x33, 0x15, 0x23, 0x15, 0x33, 0x15, 0x21, 0x15, 0x21, 0x15, 0x33, 
	0x15, 0x23, 0x15, 0x02, 0x71, 0xfe, 0x0c, 0x7d, 0x7d, 0x7d, 0x7d, 0xfa, 0x7d, 0xfa, 0x7d, 0x7d, 
	0xfe, 0x0c, 0x01, 0xf4, 0x7d, 0x7d, 0x7d, 0x7d, 0x7d, 0x7d, 0x7d, 0x7d, 0x7d, 0x7d, 0x7d, 0x7d, 
	0x7d, 0x7d, 0x7d, 0x7d, 0x7d, 0x7d, 0x7d, 0x00, 0x00, 0x02, 0x00, 0x00, 0x00, 0x00, 0x03, 0x6b, 
	0x03, 0xe8, 0x00, 0x1b, 0x00, 0x1f, 0x00, 0x66, 0x40, 0x63, 0x00, 0x09, 0x00, 0x08, 0x0c, 0x09, 
	0x08, 0x65, 0x10, 0x01, 0x0d, 0x05, 0x00, 0x0d, 0x55, 0x00, 0x05, 0x04, 0x01, 0x00, 0x06, 0x05, 
	0x00, 0x65, 0x00, 0x06, 0x03, 0x01, 0x01, 0x02, 0x06, 0x01, 0x65, 0x00, 0x0b, 0x0b, 0x0a, 0x5d, 
	0x00, 0x0a, 0x0a, 0x49, 0x4b, 0x00, 0x07, 0x07, 0x0c, 0x5d, 0x00, 0x0c, 0x0c, 0x4c, 0x4b, 0x00, 
	0x02, 0x02, 0x4a, 0x4b, 0x00, 0x0e, 0x0e, 0x0f, 0x5d, 0x00, 0x0f, 0x0f, 0x4e, 0x0f, 0x4c, 0x00, 
	0x00, 0x1f, 0x1e, 0x1d, 0x1c, 0x00, 0x1b, 0x00, 0x1b, 0x1a, 0x19, 0x18, 0x17, 0x16, 0x15, 0x14, 
	0x13, 0x11, 0x11, 0x11, 0x11, 0x11, 0x11, 0x11, 0x11, 0x11, 0x11, 0x09, 0x1d, 0x2b, 0x01, 0x15, 
	0x23, 0x15, 0x23, 0x15, 0x23, 0x35, 0x21, 0x35, 0x23, 0x35, 0x33, 0x15, 0x21, 0x35, 0x21, 0x35, 
	0x23, 0x35, 0x33, 0x35, 0x21, 0x15, 0x21, 0x15, 0x21, 0x15, 0x01, 0x33, 0x15, 0x23, 0x03, 0x6b, 
	0x7d, 0x7d, 0x7d, 0xfe, 0x89, 0x7d, 0xfa, 0x01, 0x77, 0xfe, 0x0c, 0x7d, 0x7d, 0x02, 0x71, 0xfe, 
	0x0c, 0x01, 0xf4, 0xfe, 0x0c, 0xfa, 0xfa, 0x02, 0x71, 0xfa, 0x7d, 0x7d, 0x7d, 0x7d, 0x7d, 0x7d, 
	0xfa, 0x7d, 0x7d, 0x7d, 0x7d, 0x7d, 0x7d, 0xfe, 0x0c, 0x7d, 0x00, 0x00, 0x00, 0x02, 0x00, 0x00, 
	0x00, 0x7d, 0x03, 0x6b, 0x03, 0xe8, 0x00, 0x17, 0x00, 0x1b, 0x00, 0xa9, 0x4b, 0xb0, 0x0a, 0x50, 
	0x58, 0x40, 0x40, 0x06, 0x01, 0x04, 0x0d, 0x0c, 0x0c, 0x04, 0x70, 0x00, 0x03, 0x00, 0x02, 0x08, 
	0x03, 0x02, 0x65, 0x00, 0x08, 0x00, 0x01, 0x09, 0x08, 0x01, 0x66, 0x00, 0x09, 0x00, 0x0a, 0x00, 
	0x09, 0x0a, 0x65, 0x00, 0x0d, 0x0d, 0x05, 0x5d, 0x00, 0x05, 0x05, 0x49, 0x4b, 0x00, 0x07, 0x07, 
	0x0c, 0x5d, 0x00, 0x0c, 0x0c, 0x4c, 0x4b, 0x00, 0x00, 0x00, 0x0b, 0x5d, 0x0e, 0x01, 0x0b, 0x0b, 
	0x4a, 0x0b, 0x4c, 0x1b, 0x40, 0x41, 0x06, 0x01, 0x04, 0x0d, 0x0c, 0x0d, 0x04, 0x0c, 0x7e, 0x00, 
	0x03, 0x00, 0x02, 0x08, 0x03, 0x02, 0x65, 0x00, 0x08, 0x00, 0x01, 0x09, 0x08, 0x01, 0x66, 0x00, 
	0x09, 0x00, 0x0a, 0x00, 0x09, 0x0a, 0x65, 0x00, 0x0d, 0x0d, 0x05, 0x5d, 0x00, 0x05, 0x05, 0x49, 
	0x4b, 0x00, 0x07, 0x07, 0x0c, 0x5d, 0x00, 0x0c, 0x0c, 0x4c, 0x4b, 0x00, 0x00, 0x00, 0x0b, 0x5d, 
	0x0e, 0x01, 0x0b, 0x0b, 0x4a, 0x0b, 0x4c, 0x59, 0x40, 0x1a, 0x00, 0x00, 0x1b, 0x1a, 0x19, 0x18, 
	0x00, 0x17, 0x00, 0x17, 0x16, 0x15, 0x14, 0x13, 0x11, 0x11, 0x11, 0x11, 0x11, 0x11, 0x11, 0x11, 
	0x11, 0x0f, 0x09, 0x1d, 0x2b, 0x35, 0x35, 0x21, 0x35, 0x21, 0x35, 0x23, 0x35, 0x33, 0x35, 0x33, 
	0x35, 0x21, 0x15, 0x33, 0x15, 0x21, 0x15, 0x21, 0x15, 0x33, 0x15, 0x23, 0x15, 0x01, 0x33, 0x35, 
	0x23, 0x02, 0x71, 0xfe, 0x0c, 0x7d, 0x7d, 0x7d, 0x01, 0x77, 0x7d, 0xfe, 0x0c, 0x01, 0xf4, 0x7d, 
	0x7d, 0xfe, 0x89, 0x7d, 0x7d, 0x7d, 0x7d, 0x7d, 0x7d, 0x7d, 0xfa, 0x7d, 0x7d, 0xfa, 0x7d, 0x7d, 
	0x7d, 0x7d, 0x02, 0x71, 0x7d, 0x00, 0x00, 0x00, 0x00, 0x01, 0x00, 0x7d, 0x00, 0x7d, 0x03, 0x6b, 
	0x03, 0xe8, 0x00, 0x07, 0x00, 0x21, 0x40, 0x1e, 0x02, 0x01, 0x00, 0x00, 0x01, 0x5d, 0x00, 0x01, 
	0x01, 0x49, 0x4b, 0x04, 0x01, 0x03, 0x03, 0x4a, 0x03, 0x4c, 0x00, 0x00, 0x00, 0x07, 0x00, 0x07, 
	0x11, 0x11, 0x11, 0x05, 0x09, 0x17, 0x2b, 0x25, 0x11, 0x23, 0x35, 0x21, 0x15, 0x23, 0x11, 0x01, 
	0x77, 0xfa, 0x02, 0xee, 0xfa, 0x7d, 0x02, 0xee, 0x7d, 0x7d, 0xfd, 0x12, 0x00, 0x01, 0x00, 0x7d, 
	0x00, 0x7d, 0x03, 0x6b, 0x03, 0xe8, 0x00, 0x0f, 0x00, 0x35, 0x40, 0x32, 0x00, 0x05, 0x00, 0x06, 
	0x01, 0x05, 0x06, 0x65, 0x00, 0x01, 0x00, 0x00, 0x07, 0x01, 0x00, 0x65, 0x04, 0x01, 0x02, 0x02, 
	0x03, 0x5d, 0x00, 0x03, 0x03, 0x49, 0x4b, 0x08, 0x01, 0x07, 0x07, 0x4a, 0x07, 0x4c, 0x00, 0x00, 
	0x00, 0x0f, 0x00, 0x0f, 0x11, 0x11, 0x11, 0x11, 0x11, 0x11, 0x11, 0x09, 0x09, 0x1b, 0x2b, 0x25, 
	0x35, 0x23, 0x35, 0x33, 0x11, 0x23, 0x35, 0x21, 0x15, 0x23, 0x15, 0x33, 0x15, 0x23, 0x11, 0x01, 
	0x77, 0x7d, 0x7d, 0xfa, 0x02, 0xee, 0xfa, 0x7d, 0x7d, 0x7d, 0xfa, 0x7d, 0x01, 0x77, 0x7d, 0x7d, 
	0xfa, 0x7d, 0xfe, 0x89, 0x00, 0x03, 0x00, 0x7d, 0x00, 0x7d, 0x03, 0x6b, 0x03, 0xe8, 0x00, 0x03, 
	0x00, 0x07, 0x00, 0x13, 0x00, 0x46, 0x40, 0x43, 0x02, 0x01, 0x00, 0x00, 0x01, 0x5d, 0x03, 0x0a, 
	0x02, 0x01, 0x01, 0x49, 0x4b, 0x06, 0x01, 0x04, 0x04, 0x07, 0x5d, 0x0b, 0x09, 0x02, 0x07, 0x07, 
	0x4c, 0x4b, 0x00, 0x08, 0x08, 0x05, 0x5d, 0x00, 0x05, 0x05, 0x4a, 0x05, 0x4c, 0x08, 0x08, 0x00, 
	0x00, 0x08, 0x13, 0x08, 0x13, 0x12, 0x11, 0x10, 0x0f, 0x0e, 0x0d, 0x0c, 0x0b, 0x0a, 0x09, 0x07, 
	0x06, 0x05, 0x04, 0x00, 0x03, 0x00, 0x03, 0x11, 0x0c, 0x09, 0x15, 0x2b, 0x01, 0x15, 0x23, 0x35, 
	0x05, 0x23, 0x35, 0x33, 0x17, 0x15, 0x23, 0x11, 0x23, 0x11, 0x23, 0x35, 0x33, 0x35, 0x33, 0x15, 
	0x01, 0x77, 0x7d, 0x01, 0xf4, 0x7d, 0x7d, 0x7d, 0xfa, 0xfa, 0xfa, 0xfa, 0xfa, 0x03, 0xe8, 0x7d, 
	0x7d, 0x7d, 0x7d, 0xfa, 0x7d, 0xfe, 0x0c, 0x01, 0xf4, 0x7d, 0x7d, 0x7d, 0x00, 0x02, 0x00, 0x7d, 
	0x00, 0x00, 0x03, 0x6b, 0x03, 0xe8, 0x00, 0x09, 0x00, 0x0d, 0x00, 0x38, 0x40, 0x35, 0x00, 0x02, 
	0x00, 0x01, 0x00, 0x02, 0x01, 0x7e, 0x03, 0x01, 0x00, 0x00, 0x04, 0x5d, 0x07, 0x01, 0x04, 0x04, 
	0x49, 0x4b, 0x00, 0x01, 0x01, 0x4a, 0x4b, 0x00, 0x05, 0x05, 0x06, 0x5d, 0x00, 0x06, 0x06, 0x4e, 
	0x06, 0x4c, 0x00, 0x00, 0x0d, 0x0c, 0x0b, 0x0a, 0x00, 0x09, 0x00, 0x09, 0x11, 0x11, 0x11, 0x11, 
	0x08, 0x09, 0x18, 0x2b, 0x01, 0x15, 0x23, 0x11, 0x23, 0x35, 0x23, 0x11, 0x23, 0x35, 0x13, 0x33, 
	0x15, 0x23, 0x03, 0x6b, 0xfa, 0x7d, 0x7d, 0xfa, 0x7d, 0xfa, 0xfa, 0x03, 0xe8, 0x7d, 0xfd, 0x12, 
	0x7d, 0x02, 0x71, 0x7d, 0xfc, 0x95, 0x7d, 0x00, 0x00, 0x01, 0x00, 0x00, 0x00, 0x7d, 0x03, 0x6b, 
	0x03, 0xe8, 0x00, 0x0b, 0x00, 0x29, 0x40, 0x26, 0x04, 0x01, 0x00, 0x00, 0x01, 0x5d, 0x03, 0x01, 
	0x01, 0x01, 0x49, 0x4b, 0x00, 0x02, 0x02, 0x05, 0x5d, 0x06, 0x01, 0x05, 0x05, 0x4a, 0x05, 0x4c, 
	0x00, 0x00, 0x00, 0x0b, 0x00, 0x0b, 0x11, 0x11, 0x11, 0x11, 0x11, 0x07, 0x09, 0x19, 0x2b, 0x37, 
	0x35, 0x23, 0x11, 0x33, 0x11, 0x21, 0x11, 0x33, 0x11, 0x23, 0x15, 0x7d, 0x7d, 0xfa, 0x01, 0x77, 
	0xfa, 0x7d, 0x7d, 0x7d, 0x02, 0xee, 0xfd, 0x12, 0x02, 0xee, 0xfd, 0x12, 0x7d, 0x00, 0x00, 0x00, 
	0x00, 0x03, 0x00, 0x00, 0x00, 0x7d, 0x03, 0x6b, 0x03, 0xe8, 0x00, 0x03, 0x00, 0x07, 0x00, 0x13, 
	0x00, 0x3f, 0x40, 0x3c, 0x00, 0x03, 0x00, 0x02, 0x07, 0x03, 0x02, 0x65, 0x00, 0x00, 0x00, 0x01, 
	0x5d, 0x00, 0x01, 0x01, 0x49, 0x4b, 0x06, 0x01, 0x04, 0x04, 0x07, 0x5d, 0x0a, 0x09, 0x02, 0x07, 
	0x07, 0x4c, 0x4b, 0x00, 0x08, 0x08, 0x05, 0x5d, 0x00, 0x05, 0x05, 0x4a, 0x05, 0x4c, 0x08, 0x08, 
	0x08, 0x13, 0x08, 0x13, 0x11, 0x11, 0x11, 0x11, 0x12, 0x11, 0x11, 0x11, 0x10, 0x0b, 0x09, 0x1d, 
	0x2b, 0x01, 0x23, 0x35, 0x33, 0x07, 0x23, 0x35, 0x33, 0x05, 0x11, 0x23, 0x15, 0x21, 0x35, 0x23, 
	0x11, 0x33, 0x11, 0x21, 0x11, 0x02, 0x71, 0x7d, 0x7d, 0x7d, 0x7d, 0x7d, 0x01, 0x77, 0x7d, 0xfd, 
	0x8f, 0x7d, 0xfa, 0x01, 0x77, 0x03, 0x6b, 0x7d, 0xfa, 0x7d, 0x7d, 0xfe, 0x0c, 0x7d, 0x7d, 0x01, 
	0xf4, 0xfe, 0x0c, 0x01, 0xf4, 0x00, 0x00, 0x00, 0x00, 0x04, 0x00, 0x00, 0x00, 0x7d, 0x03, 0x6b, 
	0x03, 0xe8, 0x00, 0x03, 0x00, 0x07, 0x00, 0x0b, 0x00, 0x17, 0x00, 0x52, 0x40, 0x4f, 0x00, 0x05, 
	0x00, 0x04, 0x09, 0x05, 0x04, 0x65, 0x02, 0x01, 0x00, 0x00, 0x01, 0x5d, 0x03, 0x0c, 0x02, 0x01, 
	0x01, 0x49, 0x4b, 0x08, 0x01, 0x06, 0x06, 0x09, 0x5d, 0x0d, 0x0b, 0x02, 0x09, 0x09, 0x4c, 0x4b, 
	0x00, 0x0a, 0x0a, 0x07, 0x5d, 0x00, 0x07, 0x07, 0x4a, 0x07, 0x4c, 0x0c, 0x0c, 0x00, 0x00, 0x0c, 
	0x17, 0x0c, 0x17, 0x16, 0x15, 0x14, 0x13, 0x12, 0x11, 0x10, 0x0f, 0x0e, 0x0d, 0x0b, 0x0a, 0x09, 
	0x08, 0x07, 0x06, 0x05, 0x04, 0x00, 0x03, 0x00, 0x03, 0x11, 0x0e, 0x09, 0x15, 0x2b, 0x13, 0x15, 
	0x23, 0x35, 0x05, 0x23, 0x35, 0x33, 0x07, 0x21, 0x35, 0x21, 0x17, 0x11, 0x23, 0x15, 0x21, 0x35, 
	0x23, 0x11, 0x33, 0x11, 0x21, 0x11, 0xfa, 0x7d, 0x02, 0x71, 0x7d, 0x7d, 0x7d, 0xfe, 0x89, 0x01, 
	0x77, 0xfa, 0x7d, 0xfd, 0x8f, 0x7d, 0xfa, 0x01, 0x77, 0x03, 0xe8, 0x7d, 0x7d, 0x7d, 0x7d, 0xfa, 
	0x7d, 0x7d, 0xfe, 0x0c, 0x7d, 0x7d, 0x01, 0xf4, 0xfe, 0x0c, 0x01, 0xf4, 0x00, 0x02, 0x00, 0x00, 
	0x00, 0x7d, 0x03, 0x6b, 0x03, 0xe8, 0x00, 0x0b, 0x00, 0x17, 0x00, 0x4c, 0x40, 0x49, 0x02, 0x01, 
	0x00, 0x0c, 0x05, 0x02, 0x03, 0x07, 0x00, 0x03, 0x65, 0x09, 0x01, 0x07, 0x0a, 0x01, 0x06, 0x08, 
	0x07, 0x06, 0x65, 0x00, 0x04, 0x04, 0x01, 0x5d, 0x00, 0x01, 0x01, 0x49, 0x4b, 0x00, 0x08, 0x08, 
	0x0b, 0x5d, 0x0d, 0x01, 0x0b, 0x0b, 0x4a, 0x0b, 0x4c, 0x0c, 0x0c, 0x00, 0x00, 0x0c, 0x17, 0x0c, 
	0x17, 0x16, 0x15, 0x14, 0x13, 0x12, 0x11, 0x10, 0x0f, 0x0e, 0x0d, 0x00, 0x0b, 0x00, 0x0b, 0x11, 
	0x11, 0x11, 0x11, 0x11, 0x0e, 0x09, 0x19, 0x2b, 0x13, 0x35, 0x33, 0x35, 0x21, 0x15, 0x33, 0x15, 
	0x23, 0x35, 0x23, 0x15, 0x03, 0x35, 0x23, 0x11, 0x33, 0x11, 0x21, 0x11, 0x33, 0x11, 0x23, 0x15, 
	0x7d, 0x7d, 0x01, 0x77, 0x7d, 0xfa, 0x7d, 0xfa, 0x7d, 0xfa, 0x01, 0x77, 0xfa, 0x7d, 0x02, 0xee, 
	0x7d, 0x7d, 0x7d, 0x7d, 0x7d, 0x7d, 0xfd, 0x8f, 0x7d, 0x01, 0x77, 0xfe, 0x89, 0x01, 0x77, 0xfe, 
	0x89, 0x7d, 0x00, 0x00, 0x00, 0x03, 0x00, 0x00, 0x00, 0x7d, 0x03, 0x6b, 0x03, 0xe8, 0x00, 0x03, 
	0x00, 0x07, 0x00, 0x13, 0x00, 0x4b, 0x40, 0x48, 0x0b, 0x03, 0x0a, 0x03, 0x01, 0x01, 0x00, 0x5d, 
	0x02, 0x01, 0x00, 0x00, 0x49, 0x4b, 0x08, 0x01, 0x04, 0x04, 0x05, 0x5d, 0x07, 0x01, 0x05, 0x05, 
	0x4c, 0x4b, 0x00, 0x06, 0x06, 0x09, 0x5d, 0x0c, 0x01, 0x09, 0x09, 0x4a, 0x09, 0x4c, 0x08, 0x08, 
	0x04, 0x04, 0x00, 0x00, 0x08, 0x13, 0x08, 0x13, 0x12, 0x11, 0x10, 0x0f, 0x0e, 0x0d, 0x0c, 0x0b, 
	0x0a, 0x09, 0x04, 0x07, 0x04, 0x07, 0x06, 0x05, 0x00, 0x03, 0x00, 0x03, 0x11, 0x0d, 0x09, 0x15, 
	0x2b, 0x13, 0x35, 0x33, 0x15, 0x33, 0x35, 0x33, 0x15, 0x01, 0x35, 0x23, 0x11, 0x33, 0x11, 0x21, 
	0x11, 0x33, 0x11, 0x23, 0x15, 0x7d, 0xfa, 0x7d, 0xfa, 0xfd, 0x8f, 0x7d, 0xfa, 0x01, 0x77, 0xfa, 
	0x7d, 0x03, 0x6b, 0x7d, 0x7d, 0x7d, 0x7d, 0xfd, 0x12, 0x7d, 0x01, 0xf4, 0xfe, 0x0c, 0x01, 0xf4, 
	0xfe, 0x0c, 0x7d, 0x00, 0x00, 0x03, 0x00, 0x00, 0x00, 0x7d, 0x03, 0x6b, 0x03, 0xe8, 0x00, 0x03, 
	0x00, 0x07, 0x00, 0x13, 0x00, 0x4a, 0x40, 0x47, 0x00, 0x02, 0x0a, 0x01, 0x03, 0x07, 0x02, 0x03, 
	0x65, 0x00, 0x00, 0x00, 0x01, 0x5d, 0x00, 0x01, 0x01, 0x49, 0x4b, 0x06, 0x01, 0x04, 0x04, 0x07, 
	0x5d, 0x0b, 0x09, 0x02, 0x07, 0x07, 0x4c, 0x4b, 0x00, 0x08, 0x08, 0x05, 0x5d, 0x00, 0x05, 0x05, 
	0x4a, 0x05, 0x4c, 0x08, 0x08, 0x04, 0x04, 0x08, 0x13, 0x08, 0x13, 0x12, 0x11, 0x10, 0x0f, 0x0e, 
	0x0d, 0x0c, 0x0b, 0x0a, 0x09, 0x04, 0x07, 0x04, 0x07, 0x12, 0x11, 0x10, 0x0c, 0x09, 0x17, 0x2b, 
	0x01, 0x23, 0x35, 0x33, 0x15, 0x35, 0x33, 0x15, 0x21, 0x11, 0x23, 0x15, 0x21, 0x35, 0x23, 0x11, 
	0x33, 0x11, 0x21, 0x11, 0x01, 0x77, 0x7d, 0x7d, 0x7d, 0x01, 0x77, 0x7d, 0xfd, 0x8f, 0x7d, 0xfa, 
	0x01, 0x77, 0x03, 0x6b, 0x7d, 0xfa, 0x7d, 0x7d, 0xfe, 0x0c, 0x7d, 0x7d, 0x01, 0xf4, 0xfe, 0x0c, 
	0x01, 0xf4, 0x00, 0x00, 0x00, 0x04, 0x00, 0x00, 0x00, 0x7d, 0x03, 0x6b, 0x03, 0xe8, 0x00, 0x03, 
	0x00, 0x07, 0x00, 0x15, 0x00, 0x19, 0x00, 0x4d, 0x40, 0x4a, 0x0e, 0x0c, 0x02, 0x08, 0x00, 0x0b, 
	0x07, 0x08, 0x0b, 0x65, 0x02, 0x01, 0x00, 0x00, 0x01, 0x5d, 0x03, 0x01, 0x01, 0x01, 0x49, 0x4b, 
	0x06, 0x01, 0x04, 0x04, 0x07, 0x5d, 0x0d, 0x0a, 0x02, 0x07, 0x07, 0x4c, 0x4b, 0x00, 0x09, 0x09, 
	0x05, 0x5e, 0x00, 0x05, 0x05, 0x4a, 0x05, 0x4c, 0x16, 0x16, 0x08, 0x08, 0x16, 0x19, 0x16, 0x19, 
	0x18, 0x17, 0x08, 0x15, 0x08, 0x15, 0x14, 0x13, 0x11, 0x11, 0x11, 0x11, 0x12, 0x11, 0x11, 0x11, 
	0x10, 0x0f, 0x09, 0x1d, 0x2b, 0x01, 0x23, 0x35, 0x33, 0x05, 0x23, 0x35, 0x33, 0x17, 0x11, 0x23, 
	0x15, 0x21, 0x35, 0x23, 0x11, 0x33, 0x35, 0x33, 0x11, 0x21, 0x11, 0x35, 0x15, 0x23, 0x35, 0x01, 
	0x77, 0x7d, 0x7d, 0x01, 0x77, 0x7d, 0x7d, 0x7d, 0x7d, 0xfd, 0x8f, 0x7d, 0x7d, 0x7d, 0x01, 0x77, 
	0x7d, 0x03, 0x6b, 0x7d, 0x7d, 0x7d, 0xfa, 0xfe, 0x0c, 0x7d, 0x7d, 0x01, 0xf4, 0x7d, 0xfd, 0x8f, 
	0x01, 0xf4, 0x7d, 0x7d, 0x7d, 0x00, 0x00, 0x00, 0x00, 0x02, 0x00, 0x00, 0x00, 0x7d, 0x03, 0x6b, 
	0x03, 0xe8, 0x00, 0x03, 0x00, 0x0f, 0x00, 0x40, 0x40, 0x3d, 0x08, 0x01, 0x01, 0x01, 0x00, 0x5d, 
	0x00, 0x00, 0x00, 0x49, 0x4b, 0x06, 0x01, 0x02, 0x02, 0x03, 0x5d, 0x05, 0x01, 0x03, 0x03, 0x4c, 
	0x4b, 0x00, 0x04, 0x04, 0x07, 0x5d, 0x09, 0x01, 0x07, 0x07, 0x4a, 0x07, 0x4c, 0x04, 0x04, 0x00, 
	0x00, 0x04, 0x0f, 0x04, 0x0f, 0x0e, 0x0d, 0x0c, 0x0b, 0x0a, 0x09, 0x08, 0x07, 0x06, 0x05, 0x00, 
	0x03, 0x00, 0x03, 0x11, 0x0a, 0x09, 0x15, 0x2b, 0x13, 0x35, 0x21, 0x15, 0x01, 0x35, 0x23, 0x11, 
	0x33, 0x11, 0x21, 0x11, 0x33, 0x11, 0x23, 0x15, 0x7d, 0x02, 0x71, 0xfd, 0x8f, 0x7d, 0xfa, 0x01, 
	0x77, 0xfa, 0x7d, 0x03, 0x6b, 0x7d, 0x7d, 0xfd, 0x12, 0x7d, 0x01, 0xf4, 0xfe, 0x0c, 0x01, 0xf4, 
	0xfe, 0x0c, 0x7d, 0x00, 0x00, 0x03, 0x00, 0x00, 0x00, 0x00, 0x03, 0x6b, 0x03, 0xe8, 0x00, 0x0f, 
	0x00, 0x13, 0x00, 0x17, 0x00, 0x91, 0x4b, 0xb0, 0x0a, 0x50, 0x58, 0x40, 0x33, 0x00, 0x02, 0x01, 
	0x08, 0x01, 0x02, 0x70, 0x00, 0x06, 0x03, 0x01, 0x01, 0x02, 0x06, 0x01, 0x65, 0x04, 0x01, 0x00, 
	0x00, 0x05, 0x5d, 0x0c, 0x07, 0x02, 0x05, 0x05, 0x49, 0x4b, 0x00, 0x08, 0x08, 0x09, 0x5d, 0x00, 
	0x09, 0x09, 0x4a, 0x4b, 0x00, 0x0a, 0x0a, 0x0b, 0x5d, 0x0d, 0x01, 0x0b, 0x0b, 0x4e, 0x0b, 0x4c, 
	0x1b, 0x40, 0x34, 0x00, 0x02, 0x01, 0x08, 0x01, 0x02, 0x08, 0x7e, 0x00, 0x06, 0x03, 0x01, 0x01, 
	0x02, 0x06, 0x01, 0x65, 0x04, 0x01, 0x00, 0x00, 0x05, 0x5d, 0x0c, 0x07, 0x02, 0x05, 0x05, 0x49, 
	0x4b, 0x00, 0x08, 0x08, 0x09, 0x5d, 0x00, 0x09, 0x09, 0x4a, 0x4b, 0x00, 0x0a, 0x0a, 0x0b, 0x5d, 
	0x0d, 0x01, 0x0b, 0x0b, 0x4e, 0x0b, 0x4c, 0x59, 0x40, 0x1c, 0x14, 0x14, 0x00, 0x00, 0x14, 0x17, 
	0x14, 0x17, 0x16, 0x15, 0x13, 0x12, 0x11, 0x10, 0x00, 0x0f, 0x00, 0x0f, 0x11, 0x11, 0x11, 0x11, 
	0x11, 0x11, 0x11, 0x0e, 0x09, 0x1b, 0x2b, 0x01, 0x11, 0x23, 0x15, 0x23, 0x15, 0x23, 0x35, 0x23, 
	0x35, 0x23, 0x11, 0x33, 0x11, 0x21, 0x11, 0x01, 0x33, 0x15, 0x23, 0x17, 0x35, 0x33, 0x15, 0x03, 
	0x6b, 0x7d, 0xfa, 0x7d, 0xfa, 0x7d, 0xfa, 0x01, 0x77, 0xfe, 0x89, 0x7d, 0x7d, 0x7d, 0xfa, 0x03, 
	0xe8, 0xfe, 0x0c, 0x7d, 0x7d, 0x7d, 0x7d, 0x01, 0xf4, 0xfe, 0x0c, 0x01, 0xf4, 0xfd, 0x12, 0x7d, 
	0x7d, 0x7d, 0x7d, 0x00, 0x00, 0x03, 0x00, 0x00, 0x00, 0x7d, 0x03, 0x6b, 0x03, 0xe8, 0x00, 0x0f, 
	0x00, 0x13, 0x00, 0x1f, 0x00, 0x65, 0x40, 0x62, 0x0f, 0x01, 0x0b, 0x0d, 0x00, 0x0d, 0x0b, 0x00, 
	0x7e, 0x04, 0x01, 0x02, 0x0e, 0x01, 0x0c, 0x01, 0x02, 0x0c, 0x65, 0x00, 0x09, 0x09, 0x03, 0x5d, 
	0x00, 0x03, 0x03, 0x49, 0x4b, 0x00, 0x0d, 0x0d, 0x01, 0x5d, 0x08, 0x05, 0x02, 0x01, 0x01, 0x4c, 
	0x4b, 0x06, 0x01, 0x00, 0x00, 0x01, 0x5d, 0x08, 0x05, 0x02, 0x01, 0x01, 0x4c, 0x4b, 0x00, 0x0a, 
	0x0a, 0x07, 0x5e, 0x10, 0x01, 0x07, 0x07, 0x4a, 0x07, 0x4c, 0x00, 0x00, 0x1f, 0x1e, 0x1d, 0x1c, 
	0x1b, 0x1a, 0x19, 0x18, 0x17, 0x16, 0x15, 0x14, 0x13, 0x12, 0x11, 0x10, 0x00, 0x0f, 0x00, 0x0f, 
	0x11, 0x11, 0x11, 0x11, 0x11, 0x11, 0x11, 0x11, 0x09, 0x1b, 0x2b, 0x37, 0x35, 0x23, 0x11, 0x33, 
	0x35, 0x33, 0x35, 0x21, 0x15, 0x33, 0x15, 0x33, 0x11, 0x23, 0x15, 0x01, 0x33, 0x35, 0x23, 0x03, 
	0x21, 0x11, 0x33, 0x35, 0x23, 0x15, 0x21, 0x35, 0x23, 0x15, 0x33, 0x7d, 0x7d, 0x7d, 0x7d, 0x01, 
	0x77, 0x7d, 0x7d, 0x7d, 0xfe, 0x89, 0x7d, 0x7d, 0x7d, 0x01, 0x77, 0x7d, 0x7d, 0xfe, 0x89, 0x7d, 
	0x7d, 0x7d, 0x7d, 0x01, 0xf4, 0x7d, 0x7d, 0x7d, 0x7d, 0xfe, 0x0c, 0x7d, 0x02, 0x71, 0x7d, 0xfd, 
	0x8f, 0x01, 0x77, 0x7d, 0x7d, 0x7d, 0x7d, 0x00, 0x00, 0x03, 0x00, 0x00, 0x00, 0x7d, 0x03, 0x6b, 
	0x03, 0xe8, 0x00, 0x07, 0x00, 0x0b, 0x00, 0x19, 0x00, 0x48, 0x40, 0x45, 0x0a, 0x01, 0x02, 0x00, 
	0x03, 0x09, 0x02, 0x03, 0x65, 0x04, 0x01, 0x00, 0x00, 0x01, 0x5d, 0x05, 0x01, 0x01, 0x01, 0x49, 
	0x4b, 0x08, 0x01, 0x06, 0x06, 0x09, 0x5d, 0x0d, 0x0c, 0x02, 0x09, 0x09, 0x4c, 0x4b, 0x00, 0x0b, 
	0x0b, 0x07, 0x5e, 0x00, 0x07, 0x07, 0x4a, 0x07, 0x4c, 0x0c, 0x0c, 0x0c, 0x19, 0x0c, 0x19, 0x18, 
	0x17, 0x16, 0x15, 0x14, 0x13, 0x11, 0x11, 0x12, 0x11, 0x11, 0x11, 0x11, 0x11, 0x10, 0x0e, 0x09, 
	0x1d, 0x2b, 0x01, 0x23, 0x35, 0x33, 0x15, 0x33, 0x15, 0x23, 0x25, 0x23, 0x35, 0x33, 0x17, 0x11, 
	0x23, 0x15, 0x21, 0x35, 0x23, 0x11, 0x33, 0x35, 0x33, 0x11, 0x21, 0x11, 0x01, 0x77, 0x7d, 0xfa, 
	0x7d, 0xfa, 0x01, 0x77, 0x7d, 0x7d, 0x7d, 0x7d, 0xfd, 0x8f, 0x7d, 0x7d, 0x7d, 0x01, 0x77, 0x03, 
	0x6b, 0x7d, 0x7d, 0x7d, 0x7d, 0x7d, 0xfa, 0xfe, 0x0c, 0x7d, 0x7d, 0x01, 0xf4, 0x7d, 0xfd, 0x8f, 
	0x01, 0xf4, 0x00, 0x00, 0x00, 0x01, 0x00, 0x00, 0x00, 0x7d, 0x03, 0x6b, 0x03, 0xe8, 0x00, 0x17, 
	0x00, 0x79, 0x4b, 0xb0, 0x0a, 0x50, 0x58, 0x40, 0x2a, 0x09, 0x01, 0x01, 0x05, 0x00, 0x02, 0x01, 
	0x70, 0x06, 0x01, 0x04, 0x0a, 0x01, 0x00, 0x0b, 0x04, 0x00, 0x65, 0x08, 0x01, 0x02, 0x02, 0x03, 
	0x5d, 0x07, 0x01, 0x03, 0x03, 0x49, 0x4b, 0x00, 0x05, 0x05, 0x0b, 0x5d, 0x0c, 0x01, 0x0b, 0x0b, 
	0x4a, 0x0b, 0x4c, 0x1b, 0x40, 0x2b, 0x09, 0x01, 0x01, 0x05, 0x00, 0x05, 0x01, 0x00, 0x7e, 0x06, 
	0x01, 0x04, 0x0a, 0x01, 0x00, 0x0b, 0x04, 0x00, 0x65, 0x08, 0x01, 0x02, 0x02, 0x03, 0x5d, 0x07, 
	0x01, 0x03, 0x03, 0x49, 0x4b, 0x00, 0x05, 0x05, 0x0b, 0x5d, 0x0c, 0x01, 0x0b, 0x0b, 0x4a, 0x0b, 
	0x4c, 0x59, 0x40, 0x16, 0x00, 0x00, 0x00, 0x17, 0x00, 0x17, 0x16, 0x15, 0x14, 0x13, 0x11, 0x11, 
	0x11, 0x11, 0x11, 0x11, 0x11, 0x11, 0x11, 0x0d, 0x09, 0x1d, 0x2b, 0x25, 0x35, 0x23, 0x35, 0x23, 
	0x35, 0x23, 0x11, 0x33, 0x11, 0x33, 0x15, 0x33, 0x35, 0x33, 0x11, 0x33, 0x11, 0x23, 0x15, 0x23, 
	0x15, 0x23, 0x15, 0x01, 0x77, 0x7d, 0x7d, 0x7d, 0xfa, 0x7d, 0x7d, 0x7d, 0xfa, 0x7d, 0x7d, 0x7d, 
	0x7d, 0x7d, 0x7d, 0x7d, 0x01, 0xf4, 0xfe, 0x89, 0x7d, 0x7d, 0x01, 0x77, 0xfe, 0x0c, 0x7d, 0x7d, 
	0x7d, 0x00, 0x00, 0x00, 0x00, 0x01, 0x00, 0x00, 0x00, 0x7d, 0x03, 0x6b, 0x03, 0xe8, 0x00, 0x17, 
	0x00, 0x39, 0x40, 0x36, 0x04, 0x01, 0x02, 0x0a, 0x08, 0x06, 0x03, 0x00, 0x07, 0x02, 0x00, 0x65, 
	0x00, 0x09, 0x09, 0x01, 0x5d, 0x05, 0x03, 0x02, 0x01, 0x01, 0x49, 0x4b, 0x0c, 0x0b, 0x02, 0x07, 
	0x07, 0x4a, 0x07, 0x4c, 0x00, 0x00, 0x00, 0x17, 0x00, 0x17, 0x16, 0x15, 0x14, 0x13, 0x11, 0x11, 
	0x11, 0x11, 0x11, 0x11, 0x11, 0x11, 0x11, 0x0d, 0x09, 0x1d, 0x2b, 0x37, 0x35, 0x23, 0x11, 0x33, 
	0x11, 0x33, 0x11, 0x33, 0x11, 0x33, 0x11, 0x33, 0x11, 0x23, 0x15, 0x23, 0x35, 0x23, 0x35, 0x23, 
	0x15, 0x23, 0x15, 0x7d, 0x7d, 0xfa, 0x7d, 0x7d, 0x7d, 0xfa, 0x7d, 0x7d, 0x7d, 0x7d, 0x7d, 0x7d, 
	0x7d, 0x02, 0xee, 0xfe, 0x0c, 0x01, 0xf4, 0xfe, 0x0c, 0x01, 0xf4, 0xfd, 0x12, 0x7d, 0x7d, 0x7d, 
	0x7d, 0x7d, 0x00, 0x00, 0x00, 0x02, 0x00, 0x00, 0x00, 0x7d, 0x03, 0x6b, 0x03, 0xe8, 0x00, 0x0f, 
	0x00, 0x1b, 0x00, 0x97, 0x4b, 0xb0, 0x0a, 0x50, 0x58, 0x40, 0x36, 0x03, 0x01, 0x01, 0x0c, 0x0b, 
	0x0c, 0x01, 0x0b, 0x7e, 0x0d, 0x01, 0x0b, 0x00, 0x0c, 0x0b, 0x6e, 0x00, 0x09, 0x00, 0x06, 0x05, 
	0x09, 0x06, 0x65, 0x00, 0x0c, 0x0c, 0x02, 0x5d, 0x00, 0x02, 0x02, 0x49, 0x4b, 0x04, 0x01, 0x00, 
	0x00, 0x4c, 0x4b, 0x0a, 0x01, 0x08, 0x08, 0x05, 0x5e, 0x0e, 0x07, 0x02, 0x05, 0x05, 0x4a, 0x05, 
	0x4c, 0x1b, 0x40, 0x37, 0x03, 0x01, 0x01, 0x0c, 0x0b, 0x0c, 0x01, 0x0b, 0x7e, 0x0d, 0x01, 0x0b, 
	0x00, 0x0c, 0x0b, 0x00, 0x7c, 0x00, 0x09, 0x00, 0x06, 0x05, 0x09, 0x06, 0x65, 0x00, 0x0c, 0x0c, 
	0x02, 0x5d, 0x00, 0x02, 0x02, 0x49, 0x4b, 0x04, 0x01, 0x00, 0x00, 0x4c, 0x4b, 0x0a, 0x01, 0x08, 
	0x08, 0x05, 0x5e, 0x0e, 0x07, 0x02, 0x05, 0x05, 0x4a, 0x05, 0x4c, 0x59, 0x40, 0x1c, 0x00, 0x00, 
	0x1b, 0x1a, 0x19, 0x18, 0x17, 0x16, 0x15, 0x14, 0x13, 0x12, 0x11, 0x10, 0x00, 0x0f, 0x00, 0x0f, 
	0x11, 0x11, 0x11, 0x11, 0x11, 0x11, 0x11, 0x0f, 0x09, 0x1b, 0x2b, 0x35, 0x11, 0x33, 0x35, 0x33, 
	0x35, 0x21, 0x15, 0x33, 0x15, 0x33, 0x11, 0x21, 0x35, 0x23, 0x15, 0x03, 0x33, 0x35, 0x33, 0x15, 
	0x33, 0x35, 0x23, 0x35, 0x23, 0x15, 0x23, 0x7d, 0x7d, 0x01, 0x77, 0x7d, 0x7d, 0xfe, 0x89, 0x7d, 
	0x7d, 0x7d, 0x7d, 0x7d, 0x7d, 0x7d, 0x7d, 0x7d, 0x02, 0x71, 0x7d, 0x7d, 0x7d, 0x7d, 0xfd, 0x8f, 
	0x7d, 0x7d, 0x01, 0x77, 0x7d, 0x7d, 0xfa, 0x7d, 0x7d, 0x00, 0x00, 0x00, 0x00, 0x01, 0x00, 0x00, 
	0x00, 0x7d, 0x03, 0x6b, 0x03, 0xe8, 0x00, 0x23, 0x00, 0xae, 0x4b, 0xb0, 0x0a, 0x50, 0x58, 0x40, 
	0x3e, 0x0a, 0x01, 0x02, 0x05, 0x06, 0x03, 0x02, 0x70, 0x0b, 0x01, 0x01, 0x0f, 0x0e, 0x00, 0x01, 
	0x70, 0x00, 0x06, 0x00, 0x0f, 0x01, 0x06, 0x0f, 0x65, 0x09, 0x01, 0x03, 0x03, 0x04, 0x5d, 0x08, 
	0x01, 0x04, 0x04, 0x49, 0x4b, 0x10, 0x01, 0x0e, 0x0e, 0x05, 0x5d, 0x07, 0x01, 0x05, 0x05, 0x4c, 
	0x4b, 0x0c, 0x01, 0x00, 0x00, 0x0d, 0x5e, 0x12, 0x11, 0x02, 0x0d, 0x0d, 0x4a, 0x0d, 0x4c, 0x1b, 
	0x40, 0x40, 0x0a, 0x01, 0x02, 0x05, 0x06, 0x05, 0x02, 0x06, 0x7e, 0x0b, 0x01, 0x01, 0x0f, 0x0e, 
	0x0f, 0x01, 0x0e, 0x7e, 0x00, 0x06, 0x00, 0x0f, 0x01, 0x06, 0x0f, 0x65, 0x09, 0x01, 0x03, 0x03, 
	0x04, 0x5d, 0x08, 0x01, 0x04, 0x04, 0x49, 0x4b, 0x10, 0x01, 0x0e, 0x0e, 0x05, 0x5d, 0x07, 0x01, 
	0x05, 0x05, 0x4c, 0x4b, 0x0c, 0x01, 0x00, 0x00, 0x0d, 0x5e, 0x12, 0x11, 0x02, 0x0d, 0x0d, 0x4a, 
	0x0d, 0x4c, 0x59, 0x40, 0x22, 0x00, 0x00, 0x00, 0x23, 0x00, 0x23, 0x22, 0x21, 0x20, 0x1f, 0x1e, 
	0x1d, 0x1c, 0x1b, 0x1a, 0x19, 0x18, 0x17, 0x16, 0x15, 0x14, 0x13, 0x11, 0x11, 0x11, 0x11, 0x11, 
	0x11, 0x11, 0x11, 0x11, 0x13, 0x09, 0x1d, 0x2b, 0x35, 0x35, 0x33, 0x35, 0x33, 0x35, 0x23, 0x35, 
	0x23, 0x35, 0x33, 0x15, 0x33, 0x15, 0x33, 0x35, 0x33, 0x35, 0x33, 0x15, 0x23, 0x15, 0x23, 0x15, 
	0x33, 0x15, 0x33, 0x15, 0x23, 0x35, 0x23, 0x35, 0x23, 0x15, 0x23, 0x15, 0x7d, 0x7d, 0x7d, 0x7d, 
	0xfa, 0x7d, 0x7d, 0x7d, 0xfa, 0x7d, 0x7d, 0x7d, 0x7d, 0xfa, 0x7d, 0x7d, 0x7d, 0x7d, 0xfa, 0x7d, 
	0x7d, 0x7d, 0xfa, 0xfa, 0x7d, 0x7d, 0xfa, 0xfa, 0x7d, 0x7d, 0x7d, 0xfa, 0xfa, 0x7d, 0x7d, 0xfa, 
	0x00, 0x01, 0x00, 0x7d, 0x00, 0x7d, 0x03, 0x6b, 0x03, 0xe8, 0x00, 0x0f, 0x00, 0x5f, 0x4b, 0xb0, 
	0x0a, 0x50, 0x58, 0x40, 0x20, 0x06, 0x01, 0x00, 0x03, 0x07, 0x01, 0x00, 0x70, 0x05, 0x01, 0x01, 
	0x01, 0x02, 0x5d, 0x04, 0x01, 0x02, 0x02, 0x49, 0x4b, 0x00, 0x03, 0x03, 0x07, 0x5d, 0x08, 0x01, 
	0x07, 0x07, 0x4a, 0x07, 0x4c, 0x1b, 0x40, 0x21, 0x06, 0x01, 0x00, 0x03, 0x07, 0x03, 0x00, 0x07, 
	0x7e, 0x05, 0x01, 0x01, 0x01, 0x02, 0x5d, 0x04, 0x01, 0x02, 0x02, 0x49, 0x4b, 0x00, 0x03, 0x03, 
	0x07, 0x5d, 0x08, 0x01, 0x07, 0x07, 0x4a, 0x07, 0x4c, 0x59, 0x40, 0x10, 0x00, 0x00, 0x00, 0x0f, 
	0x00, 0x0f, 0x11, 0x11, 0x11, 0x11, 0x11, 0x11, 0x11, 0x09, 0x09, 0x1b, 0x2b, 0x25, 0x11, 0x23, 
	0x35, 0x23, 0x11, 0x33, 0x11, 0x33, 0x11, 0x33, 0x11, 0x23, 0x15, 0x23, 0x11, 0x01, 0x77, 0x7d, 
	0x7d, 0xfa, 0xfa, 0xfa, 0x7d, 0x7d, 0x7d, 0x01, 0x77, 0x7d, 0x01, 0x77, 0xfe, 0x89, 0x01, 0x77, 
	0xfe, 0x89, 0x7d, 0xfe, 0x89, 0x00, 0x00, 0x00, 0x00, 0x03, 0x00, 0x7d, 0x00, 0x7d, 0x03, 0x6b, 
	0x03, 0xe8, 0x00, 0x03, 0x00, 0x07, 0x00, 0x17, 0x00, 0x89, 0x4b, 0xb0, 0x0a, 0x50, 0x58, 0x40, 
	0x32, 0x07, 0x01, 0x05, 0x0a, 0x06, 0x04, 0x05, 0x70, 0x00, 0x03, 0x00, 0x02, 0x09, 0x03, 0x02, 
	0x65, 0x00, 0x00, 0x00, 0x01, 0x5d, 0x00, 0x01, 0x01, 0x49, 0x4b, 0x08, 0x01, 0x04, 0x04, 0x09, 
	0x5d, 0x0c, 0x0b, 0x02, 0x09, 0x09, 0x4c, 0x4b, 0x00, 0x0a, 0x0a, 0x06, 0x5d, 0x00, 0x06, 0x06, 
	0x4a, 0x06, 0x4c, 0x1b, 0x40, 0x33, 0x07, 0x01, 0x05, 0x0a, 0x06, 0x0a, 0x05, 0x06, 0x7e, 0x00, 
	0x03, 0x00, 0x02, 0x09, 0x03, 0x02, 0x65, 0x00, 0x00, 0x00, 0x01, 0x5d, 0x00, 0x01, 0x01, 0x49, 
	0x4b, 0x08, 0x01, 0x04, 0x04, 0x09, 0x5d, 0x0c, 0x0b, 0x02, 0x09, 0x09, 0x4c, 0x4b, 0x00, 0x0a, 
	0x0a, 0x06, 0x5d, 0x00, 0x06, 0x06, 0x4a, 0x06, 0x4c, 0x59, 0x40, 0x16, 0x08, 0x08, 0x08, 0x17, 
	0x08, 0x17, 0x16, 0x15, 0x14, 0x13, 0x11, 0x11, 0x11, 0x11, 0x12, 0x11, 0x11, 0x11, 0x10, 0x0d, 
	0x09, 0x1d, 0x2b, 0x01, 0x23, 0x35, 0x33, 0x07, 0x23, 0x35, 0x33, 0x05, 0x15, 0x23, 0x15, 0x23, 
	0x15, 0x23, 0x35, 0x23, 0x35, 0x23, 0x35, 0x33, 0x15, 0x33, 0x35, 0x02, 0x71, 0x7d, 0x7d, 0x7d, 
	0x7d, 0x7d, 0x01, 0x77, 0x7d, 0x7d, 0xfa, 0x7d, 0x7d, 0xfa, 0xfa, 0x03, 0x6b, 0x7d, 0xfa, 0x7d, 
	0x7d, 0xfa, 0x7d, 0xfa, 0xfa, 0x7d, 0xfa, 0xfa, 0xfa, 0x00, 0x00, 0x00, 0x00, 0x02, 0x00, 0x7d, 
	0x00, 0x7d, 0x03, 0x6b, 0x03, 0xe8, 0x00, 0x13, 0x00, 0x17, 0x00, 0x45, 0x40, 0x42, 0x05, 0x01, 
	0x03, 0x08, 0x01, 0x00, 0x09, 0x03, 0x00, 0x65, 0x00, 0x0b, 0x0b, 0x04, 0x5d, 0x00, 0x04, 0x04, 
	0x49, 0x4b, 0x07, 0x01, 0x01, 0x01, 0x02, 0x5d, 0x06, 0x01, 0x02, 0x02, 0x4c, 0x4b, 0x00, 0x0a, 
	0x0a, 0x09, 0x5d, 0x0c, 0x01, 0x09, 0x09, 0x4a, 0x09, 0x4c, 0x00, 0x00, 0x17, 0x16, 0x15, 0x14, 
	0x00, 0x13, 0x00, 0x13, 0x11, 0x11, 0x11, 0x11, 0x11, 0x11, 0x11, 0x11, 0x11, 0x0d, 0x09, 0x1d, 
	0x2b, 0x25, 0x35, 0x23, 0x35, 0x23, 0x35, 0x33, 0x35, 0x33, 0x35, 0x33, 0x15, 0x33, 0x15, 0x33, 
	0x15, 0x23, 0x15, 0x23, 0x15, 0x03, 0x33, 0x11, 0x23, 0x01, 0x77, 0x7d, 0x7d, 0x7d, 0x7d, 0xfa, 
	0x7d, 0x7d, 0x7d, 0x7d, 0xfa, 0xfa, 0xfa, 0x7d, 0xfa, 0x7d, 0xfa, 0x7d, 0x7d, 0x7d, 0x7d, 0xfa, 
	0x7d, 0xfa, 0x01, 0x77, 0x01, 0x77, 0x00, 0x00, 0x00, 0x03, 0x00, 0x7d, 0x00, 0x7d, 0x03, 0x6b, 
	0x03, 0xe8, 0x00, 0x03, 0x00, 0x07, 0x00, 0x17, 0x00, 0x91, 0x4b, 0xb0, 0x0a, 0x50, 0x58, 0x40, 
	0x2e, 0x0a, 0x01, 0x04, 0x07, 0x0b, 0x05, 0x04, 0x70, 0x0d, 0x03, 0x0c, 0x03, 0x01, 0x01, 0x00, 
	0x5d, 0x02, 0x01, 0x00, 0x00, 0x49, 0x4b, 0x09, 0x01, 0x05, 0x05, 0x06, 0x5d, 0x08, 0x01, 0x06, 
	0x06, 0x4c, 0x4b, 0x00, 0x07, 0x07, 0x0b, 0x5d, 0x0e, 0x01, 0x0b, 0x0b, 0x4a, 0x0b, 0x4c, 0x1b, 
	0x40, 0x2f, 0x0a, 0x01, 0x04, 0x07, 0x0b, 0x07, 0x04, 0x0b, 0x7e, 0x0d, 0x03, 0x0c, 0x03, 0x01, 
	0x01, 0x00, 0x5d, 0x02, 0x01, 0x00, 0x00, 0x49, 0x4b, 0x09, 0x01, 0x05, 0x05, 0x06, 0x5d, 0x08, 
	0x01, 0x06, 0x06, 0x4c, 0x4b, 0x00, 0x07, 0x07, 0x0b, 0x5d, 0x0e, 0x01, 0x0b, 0x0b, 0x4a, 0x0b, 
	0x4c, 0x59, 0x40, 0x26, 0x08, 0x08, 0x04, 0x04, 0x00, 0x00, 0x08, 0x17, 0x08, 0x17, 0x16, 0x15, 
	0x14, 0x13, 0x12, 0x11, 0x10, 0x0f, 0x0e, 0x0d, 0x0c, 0x0b, 0x0a, 0x09, 0x04, 0x07, 0x04, 0x07, 
	0x06, 0x05, 0x00, 0x03, 0x00, 0x03, 0x11, 0x0f, 0x09, 0x15, 0x2b, 0x13, 0x35, 0x33, 0x15, 0x33, 
	0x35, 0x33, 0x15, 0x01, 0x35, 0x23, 0x35, 0x23, 0x35, 0x33, 0x15, 0x33, 0x35, 0x33, 0x15, 0x23, 
	0x15, 0x23, 0x15, 0x7d, 0xfa, 0xfa, 0xfa, 0xfe, 0x0c, 0x7d, 0x7d, 0xfa, 0xfa, 0xfa, 0x7d, 0x7d, 
	0x03, 0x6b, 0x7d, 0x7d, 0x7d, 0x7d, 0xfd, 0x12, 0xfa, 0x7d, 0xfa, 0xfa, 0xfa, 0xfa, 0x7d, 0xfa, 
	0x00, 0x01, 0x00, 0x00, 0x00, 0x7d, 0x03, 0x6b, 0x03, 0xe8, 0x00, 0x17, 0x00, 0xbc, 0x4b, 0xb0, 
	0x0a, 0x50, 0x58, 0x40, 0x4b, 0x00, 0x06, 0x04, 0x03, 0x04, 0x06, 0x70, 0x00, 0x07, 0x03, 0x02, 
	0x03, 0x07, 0x02, 0x7e, 0x00, 0x02, 0x08, 0x03, 0x02, 0x08, 0x7c, 0x00, 0x08, 0x01, 0x03, 0x08, 
	0x01, 0x7c, 0x00, 0x01, 0x09, 0x03, 0x01, 0x09, 0x7c, 0x00, 0x00, 0x09, 0x0a, 0x0a, 0x00, 0x70, 
	0x00, 0x04, 0x04, 0x05, 0x5d, 0x00, 0x05, 0x05, 0x49, 0x4b, 0x00, 0x09, 0x09, 0x03, 0x5d, 0x00, 
	0x03, 0x03, 0x4c, 0x4b, 0x00, 0x0a, 0x0a, 0x0b, 0x5e, 0x0c, 0x01, 0x0b, 0x0b, 0x4a, 0x0b, 0x4c, 
	0x1b, 0x40, 0x4d, 0x00, 0x06, 0x04, 0x03, 0x04, 0x06, 0x03, 0x7e, 0x00, 0x07, 0x03, 0x02, 0x03, 
	0x07, 0x02, 0x7e, 0x00, 0x02, 0x08, 0x03, 0x02, 0x08, 0x7c, 0x00, 0x08, 0x01, 0x03, 0x08, 0x01, 
	0x7c, 0x00, 0x01, 0x09, 0x03, 0x01, 0x09, 0x7c, 0x00, 0x00, 0x09, 0x0a, 0x09, 0x00, 0x0a, 0x7e, 
	0x00, 0x04, 0x04, 0x05, 0x5d, 0x00, 0x05, 0x05, 0x49, 0x4b, 0x00, 0x09, 0x09, 0x03, 0x5d, 0x00, 
	0x03, 0x03, 0x4c, 0x4b, 0x00, 0x0a, 0x0a, 0x0b, 0x5e, 0x0c, 0x01, 0x0b, 0x0b, 0x4a, 0x0b, 0x4c, 
	0x59, 0x40, 0x16, 0x00, 0x00, 0x00, 0x17, 0x00, 0x17, 0x16, 0x15, 0x14, 0x13, 0x11, 0x11, 0x11, 
	0x11, 0x11, 0x11, 0x11, 0x11, 0x11, 0x0d, 0x09, 0x1d, 0x2b, 0x35, 0x35, 0x33, 0x35, 0x33, 0x35, 
	0x33, 0x35, 0x33, 0x35, 0x21, 0x35, 0x21, 0x15, 0x23, 0x15, 0x23, 0x15, 0x23, 0x15, 0x23, 0x15, 
	0x21, 0x15, 0x7d, 0x7d, 0x7d, 0x7d, 0xfe, 0x0c, 0x03, 0x6b, 0x7d, 0x7d, 0x7d, 0x7d, 0x01, 0xf4, 
	0x7d, 0xfa, 0x7d, 0x7d, 0x7d, 0x7d, 0x7d, 0xfa, 0x7d, 0x7d, 0x7d, 0x7d, 0x7d, 0x00, 0x00, 0x00, 
	0x00, 0x02, 0x00, 0x00, 0x00, 0x7d, 0x03, 0x6b, 0x03, 0xe8, 0x00, 0x03, 0x00, 0x1b, 0x00, 0xb6, 
	0x4b, 0xb0, 0x0a, 0x50, 0x58, 0x40, 0x46, 0x00, 0x0c, 0x00, 0x0b, 0x00, 0x0c, 0x0b, 0x7e, 0x00, 
	0x03, 0x02, 0x09, 0x02, 0x03, 0x70, 0x00, 0x09, 0x04, 0x02, 0x09, 0x04, 0x7c, 0x00, 0x04, 0x08, 
	0x02, 0x04, 0x08, 0x7c, 0x00, 0x08, 0x05, 0x05, 0x08, 0x6e, 0x00, 0x00, 0x00, 0x01, 0x5d, 0x00, 
	0x01, 0x01, 0x49, 0x4b, 0x0a, 0x01, 0x02, 0x02, 0x0b, 0x5d, 0x0e, 0x0d, 0x02, 0x0b, 0x0b, 0x4c, 
	0x4b, 0x07, 0x01, 0x05, 0x05, 0x06, 0x5e, 0x00, 0x06, 0x06, 0x4a, 0x06, 0x4c, 0x1b, 0x40, 0x48, 
	0x00, 0x0c, 0x00, 0x0b, 0x00, 0x0c, 0x0b, 0x7e, 0x00, 0x03, 0x02, 0x09, 0x02, 0x03, 0x09, 0x7e, 
	0x00, 0x09, 0x04, 0x02, 0x09, 0x04, 0x7c, 0x00, 0x04, 0x08, 0x02, 0x04, 0x08, 0x7c, 0x00, 0x08, 
	0x05, 0x02, 0x08, 0x05, 0x7c, 0x00, 0x00, 0x00, 0x01, 0x5d, 0x00, 0x01, 0x01, 0x49, 0x4b, 0x0a, 
	0x01, 0x02, 0x02, 0x0b, 0x5d, 0x0e, 0x0d, 0x02, 0x0b, 0x0b, 0x4c, 0x4b, 0x07, 0x01, 0x05, 0x05, 
	0x06, 0x5e, 0x00, 0x06, 0x06, 0x4a, 0x06, 0x4c, 0x59, 0x40, 0x1a, 0x04, 0x04, 0x04, 0x1b, 0x04, 
	0x1b, 0x1a, 0x19, 0x18, 0x17, 0x16, 0x15, 0x14, 0x13, 0x11, 0x11, 0x11, 0x11, 0x11, 0x11, 0x12, 
	0x11, 0x10, 0x0f, 0x09, 0x1d, 0x2b, 0x01, 0x23, 0x35, 0x33, 0x17, 0x15, 0x23, 0x15, 0x23, 0x15, 
	0x23, 0x15, 0x21, 0x15, 0x21, 0x35, 0x33, 0x35, 0x33, 0x35, 0x33, 0x35, 0x21, 0x35, 0x21, 0x35, 
	0x33, 0x15, 0x02, 0x71, 0x7d, 0x7d, 0xfa, 0x7d, 0x7d, 0x7d, 0x01, 0x77, 0xfc, 0x95, 0x7d, 0x7d, 
	0x7d, 0xfe, 0x89, 0x01, 0x77, 0x7d, 0x03, 0x6b, 0x7d, 0xfa, 0x7d, 0x7d, 0x7d, 0x7d, 0x7d, 0x7d, 
	0x7d, 0x7d, 0x7d, 0x7d, 0x7d, 0x7d, 0x00, 0x00, 0x00, 0x01, 0x00, 0x00, 0x00, 0x7d, 0x03, 0x6b, 
	0x03, 0xe8, 0x00, 0x1f, 0x00, 0xbe, 0x4b, 0xb0, 0x0a, 0x50, 0x58, 0x40, 0x48, 0x00, 0x07, 0x05, 
	0x04, 0x05, 0x07, 0x04, 0x7e, 0x00, 0x0c, 0x03, 0x02, 0x03, 0x0c, 0x70, 0x00, 0x02, 0x0d, 0x03, 
	0x02, 0x0d, 0x7c, 0x00, 0x0d, 0x01, 0x03, 0x0d, 0x01, 0x7c, 0x00, 0x01, 0x00, 0x00, 0x01, 0x6e, 
	0x09, 0x01, 0x05, 0x05, 0x06, 0x5d, 0x08, 0x01, 0x06, 0x06, 0x49, 0x4b, 0x0b, 0x01, 0x03, 0x03, 
	0x04, 0x5d, 0x0a, 0x01, 0x04, 0x04, 0x4c, 0x4b, 0x0e, 0x01, 0x00, 0x00, 0x0f, 0x5e, 0x10, 0x01, 
	0x0f, 0x0f, 0x4a, 0x0f, 0x4c, 0x1b, 0x40, 0x4a, 0x00, 0x07, 0x05, 0x04, 0x05, 0x07, 0x04, 0x7e, 
	0x00, 0x0c, 0x03, 0x02, 0x03, 0x0c, 0x02, 0x7e, 0x00, 0x02, 0x0d, 0x03, 0x02, 0x0d, 0x7c, 0x00, 
	0x0d, 0x01, 0x03, 0x0d, 0x01, 0x7c, 0x00, 0x01, 0x00, 0x03, 0x01, 0x00, 0x7c, 0x09, 0x01, 0x05, 
	0x05, 0x06, 0x5d, 0x08, 0x01, 0x06, 0x06, 0x49, 0x4b, 0x0b, 0x01, 0x03, 0x03, 0x04, 0x5d, 0x0a, 
	0x01, 0x04, 0x04, 0x4c, 0x4b, 0x0e, 0x01, 0x00, 0x00, 0x0f, 0x5e, 0x10, 0x01, 0x0f, 0x0f, 0x4a, 
	0x0f, 0x4c, 0x59, 0x40, 0x1e, 0x00, 0x00, 0x00, 0x1f, 0x00, 0x1f, 0x1e, 0x1d, 0x1c, 0x1b, 0x1a, 
	0x19, 0x18, 0x17, 0x16, 0x15, 0x14, 0x13, 0x11, 0x11, 0x11, 0x11, 0x11, 0x11, 0x11, 0x11, 0x11, 
	0x11, 0x09, 0x1d, 0x2b, 0x35, 0x35, 0x33, 0x35, 0x33, 0x35, 0x33, 0x35, 0x21, 0x35, 0x33, 0x35, 
	0x23, 0x35, 0x33, 0x15, 0x33, 0x35, 0x33, 0x15, 0x23, 0x15, 0x33, 0x15, 0x23, 0x15, 0x23, 0x15, 
	0x23, 0x15, 0x21, 0x15, 0x7d, 0x7d, 0x7d, 0xfe, 0x89, 0xfa, 0x7d, 0xfa, 0x7d, 0xfa, 0x7d, 0xfa, 
	0x7d, 0x7d, 0x7d, 0x01, 0x77, 0x7d, 0x7d, 0x7d, 0x7d, 0x7d, 0x7d, 0x7d, 0x7d, 0x7d, 0x7d, 0x7d, 
	0x7d, 0x7d, 0x7d, 0x7d, 0x7d, 0x7d, 0x00, 0x00, 0x00, 0x02, 0x00, 0x00, 0x00, 0x7d, 0x03, 0x6b, 
	0x03, 0xe8, 0x00, 0x03, 0x00, 0x17, 0x00, 0xae, 0x4b, 0xb0, 0x0a, 0x50, 0x58, 0x40, 0x3e, 0x00, 
	0x08, 0x05, 0x04, 0x05, 0x08, 0x70, 0x00, 0x04, 0x09, 0x05, 0x04, 0x09, 0x7c, 0x00, 0x09, 0x03, 
	0x05, 0x09, 0x03, 0x7c, 0x00, 0x03, 0x02, 0x02, 0x03, 0x6e, 0x0c, 0x01, 0x01, 0x01, 0x00, 0x5d, 
	0x00, 0x00, 0x00, 0x49, 0x4b, 0x07, 0x01, 0x05, 0x05, 0x06, 0x5d, 0x00, 0x06, 0x06, 0x4c, 0x4b, 
	0x0a, 0x01, 0x02, 0x02, 0x0b, 0x5e, 0x0d, 0x01, 0x0b, 0x0b, 0x4a, 0x0b, 0x4c, 0x1b, 0x40, 0x40, 
	0x00, 0x08, 0x05, 0x04, 0x05, 0x08, 0x04, 0x7e, 0x00, 0x04, 0x09, 0x05, 0x04, 0x09, 0x7c, 0x00, 
	0x09, 0x03, 0x05, 0x09, 0x03, 0x7c, 0x00, 0x03, 0x02, 0x05, 0x03, 0x02, 0x7c, 0x0c, 0x01, 0x01, 
	0x01, 0x00, 0x5d, 0x00, 0x00, 0x00, 0x49, 0x4b, 0x07, 0x01, 0x05, 0x05, 0x06, 0x5d, 0x00, 0x06, 
	0x06, 0x4c, 0x4b, 0x0a, 0x01, 0x02, 0x02, 0x0b, 0x5e, 0x0d, 0x01, 0x0b, 0x0b, 0x4a, 0x0b, 0x4c, 
	0x59, 0x40, 0x22, 0x04, 0x04, 0x00, 0x00, 0x04, 0x17, 0x04, 0x17, 0x16, 0x15, 0x14, 0x13, 0x12, 
	0x11, 0x10, 0x0f, 0x0e, 0x0d, 0x0c, 0x0b, 0x0a, 0x09, 0x08, 0x07, 0x06, 0x05, 0x00, 0x03, 0x00, 
	0x03, 0x11, 0x0e, 0x09, 0x15, 0x2b, 0x01, 0x35, 0x33, 0x15, 0x01, 0x35, 0x33, 0x35, 0x33, 0x35, 
	0x33, 0x35, 0x21, 0x35, 0x21, 0x15, 0x23, 0x15, 0x23, 0x15, 0x23, 0x15, 0x21, 0x15, 0x01, 0x77, 
	0xfa, 0xfd, 0x8f, 0x7d, 0x7d, 0x7d, 0xfe, 0x89, 0x03, 0x6b, 0x7d, 0x7d, 0x7d, 0x01, 0x77, 0x03, 
	0x6b, 0x7d, 0x7d, 0xfd, 0x12, 0x7d, 0x7d, 0x7d, 0x7d, 0x7d, 0x7d, 0x7d, 0x7d, 0x7d, 0x7d, 0x00, 
	0x00, 0x02, 0x00, 0x00, 0x00, 0x7d, 0x03, 0x6b, 0x02, 0xee, 0x00, 0x0d, 0x00, 0x11, 0x00, 0x44, 
	0x40, 0x41, 0x00, 0x05, 0x03, 0x02, 0x03, 0x05, 0x02, 0x7e, 0x00, 0x02, 0x00, 0x08, 0x01, 0x02, 
	0x08, 0x65, 0x00, 0x01, 0x00, 0x00, 0x07, 0x01, 0x00, 0x65, 0x00, 0x03, 0x03, 0x04, 0x5d, 0x00, 
	0x04, 0x04, 0x4c, 0x4b, 0x00, 0x07, 0x07, 0x06, 0x5e, 0x09, 0x01, 0x06, 0x06, 0x4a, 0x06, 0x4c, 
	0x00, 0x00, 0x11, 0x10, 0x0f, 0x0e, 0x00, 0x0d, 0x00, 0x0d, 0x11, 0x11, 0x11, 0x11, 0x11, 0x11, 
	0x0a, 0x09, 0x1a, 0x2b, 0x37, 0x35, 0x23, 0x35, 0x33, 0x35, 0x21, 0x35, 0x21, 0x35, 0x21, 0x15, 
	0x33, 0x11, 0x25, 0x21, 0x35, 0x21, 0x7d, 0x7d, 0x7d, 0x01, 0xf4, 0xfe, 0x0c, 0x02, 0x71, 0x7d, 
	0xfd, 0x8f, 0x01, 0x77, 0xfe, 0x89, 0x7d, 0x7d, 0x7d, 0x7d, 0x7d, 0x7d, 0x7d, 0xfe, 0x0c, 0x7d, 
	0x7d, 0x00, 0x00, 0x00, 0x00, 0x03, 0x00, 0x00, 0x00, 0x7d, 0x03, 0x6b, 0x03, 0xe8, 0x00, 0x03, 
	0x00, 0x15, 0x00, 0x19, 0x00, 0xa7, 0x4b, 0xb0, 0x0a, 0x50, 0x58, 0x40, 0x40, 0x00, 0x08, 0x00, 
	0x07, 0x07, 0x08, 0x70, 0x0d, 0x01, 0x0a, 0x06, 0x05, 0x06, 0x0a, 0x05, 0x7e, 0x00, 0x05, 0x00, 
	0x0b, 0x04, 0x05, 0x0b, 0x65, 0x00, 0x04, 0x00, 0x03, 0x0c, 0x04, 0x03, 0x65, 0x00, 0x00, 0x00, 
	0x01, 0x5d, 0x00, 0x01, 0x01, 0x49, 0x4b, 0x00, 0x06, 0x06, 0x07, 0x5d, 0x09, 0x01, 0x07, 0x07, 
	0x4c, 0x4b, 0x00, 0x0c, 0x0c, 0x02, 0x5e, 0x00, 0x02, 0x02, 0x4a, 0x02, 0x4c, 0x1b, 0x40, 0x41, 
	0x00, 0x08, 0x00, 0x07, 0x00, 0x08, 0x07, 0x7e, 0x0d, 0x01, 0x0a, 0x06, 0x05, 0x06, 0x0a, 0x05, 
	0x7e, 0x00, 0x05, 0x00, 0x0b, 0x04, 0x05, 0x0b, 0x65, 0x00, 0x04, 0x00, 0x03, 0x0c, 0x04, 0x03, 
	0x65, 0x00, 0x00, 0x00, 0x01, 0x5d, 0x00, 0x01, 0x01, 0x49, 0x4b, 0x00, 0x06, 0x06, 0x07, 0x5d, 
	0x09, 0x01, 0x07, 0x07, 0x4c, 0x4b, 0x00, 0x0c, 0x0c, 0x02, 0x5e, 0x00, 0x02, 0x02, 0x4a, 0x02, 
	0x4c, 0x59, 0x40, 0x18, 0x04, 0x04, 0x19, 0x18, 0x17, 0x16, 0x04, 0x15, 0x04, 0x15, 0x14, 0x13, 
	0x11, 0x11, 0x11, 0x11, 0x11, 0x11, 0x12, 0x11, 0x10, 0x0e, 0x09, 0x1d, 0x2b, 0x01, 0x23, 0x35, 
	0x33, 0x13, 0x11, 0x21, 0x35, 0x23, 0x35, 0x33, 0x35, 0x21, 0x35, 0x21, 0x35, 0x33, 0x35, 0x33, 
	0x15, 0x33, 0x15, 0x07, 0x21, 0x15, 0x21, 0x02, 0x71, 0x7d, 0x7d, 0xfa, 0xfd, 0x12, 0x7d, 0x7d, 
	0x01, 0xf4, 0xfe, 0x0c, 0xfa, 0x7d, 0xfa, 0x7d, 0xfe, 0x89, 0x01, 0x77, 0x03, 0x6b, 0x7d, 0xfe, 
	0x89, 0xfe, 0x0c, 0x7d, 0x7d, 0x7d, 0x7d, 0x7d, 0x7d, 0x7d, 0x7d, 0xfa, 0x7d, 0x00, 0x00, 0x00, 
	0x00, 0x04, 0x00, 0x00, 0x00, 0x7d, 0x03, 0x6b, 0x03, 0xe8, 0x00, 0x03, 0x00, 0x07, 0x00, 0x19, 
	0x00, 0x1d, 0x00, 0xbd, 0x4b, 0xb0, 0x0a, 0x50, 0x58, 0x40, 0x43, 0x00, 0x0a, 0x00, 0x09, 0x09, 
	0x0a, 0x70, 0x10, 0x01, 0x0c, 0x08, 0x07, 0x08, 0x0c, 0x07, 0x7e, 0x00, 0x07, 0x00, 0x0d, 0x06, 
	0x07, 0x0d, 0x65, 0x00, 0x06, 0x00, 0x05, 0x0e, 0x06, 0x05, 0x65, 0x02, 0x01, 0x00, 0x00, 0x01, 
	0x5d, 0x03, 0x0f, 0x02, 0x01, 0x01, 0x49, 0x4b, 0x00, 0x08, 0x08, 0x09, 0x5d, 0x0b, 0x01, 0x09, 
	0x09, 0x4c, 0x4b, 0x00, 0x0e, 0x0e, 0x04, 0x5e, 0x00, 0x04, 0x04, 0x4a, 0x04, 0x4c, 0x1b, 0x40, 
	0x44, 0x00, 0x0a, 0x00, 0x09, 0x00, 0x0a, 0x09, 0x7e, 0x10, 0x01, 0x0c, 0x08, 0x07, 0x08, 0x0c, 
	0x07, 0x7e, 0x00, 0x07, 0x00, 0x0d, 0x06, 0x07, 0x0d, 0x65, 0x00, 0x06, 0x00, 0x05, 0x0e, 0x06, 
	0x05, 0x65, 0x02, 0x01, 0x00, 0x00, 0x01, 0x5d, 0x03, 0x0f, 0x02, 0x01, 0x01, 0x49, 0x4b, 0x00, 
	0x08, 0x08, 0x09, 0x5d, 0x0b, 0x01, 0x09, 0x09, 0x4c, 0x4b, 0x00, 0x0e, 0x0e, 0x04, 0x5e, 0x00, 
	0x04, 0x04, 0x4a, 0x04, 0x4c, 0x59, 0x40, 0x28, 0x08, 0x08, 0x00, 0x00, 0x1d, 0x1c, 0x1b, 0x1a, 
	0x08, 0x19, 0x08, 0x19, 0x18, 0x17, 0x16, 0x15, 0x14, 0x13, 0x12, 0x11, 0x10, 0x0f, 0x0e, 0x0d, 
	0x0c, 0x0b, 0x0a, 0x09, 0x07, 0x06, 0x05, 0x04, 0x00, 0x03, 0x00, 0x03, 0x11, 0x11, 0x09, 0x15, 
	0x2b, 0x13, 0x15, 0x23, 0x35, 0x05, 0x23, 0x35, 0x33, 0x13, 0x11, 0x21, 0x35, 0x23, 0x35, 0x33, 
	0x35, 0x21, 0x35, 0x21, 0x35, 0x33, 0x35, 0x21, 0x15, 0x33, 0x15, 0x07, 0x21, 0x15, 0x21, 0xfa, 
	0x7d, 0x02, 0x71, 0x7d, 0x7d, 0x7d, 0xfd, 0x12, 0x7d, 0x7d, 0x01, 0xf4, 0xfe, 0x0c, 0x7d, 0x01, 
	0x77, 0x7d, 0x7d, 0xfe, 0x89, 0x01, 0x77, 0x03, 0xe8, 0x7d, 0x7d, 0x7d, 0x7d, 0xfe, 0x89, 0xfe, 
	0x0c, 0x7d, 0x7d, 0x7d, 0x7d, 0x7d, 0x7d, 0x7d, 0x7d, 0xfa, 0x7d, 0x00, 0x00, 0x03, 0x00, 0x00, 
	0x00, 0x7d, 0x03, 0x6b, 0x03, 0xe8, 0x00, 0x11, 0x00, 0x15, 0x00, 0x19, 0x00, 0xa8, 0x4b, 0xb0, 
	0x0a, 0x50, 0x58, 0x40, 0x40, 0x06, 0x01, 0x04, 0x0a, 0x09, 0x09, 0x04, 0x70, 0x00, 0x07, 0x03, 
	0x02, 0x03, 0x07, 0x02, 0x7e, 0x00, 0x02, 0x00, 0x0c, 0x01, 0x02, 0x0c, 0x65, 0x00, 0x01, 0x00, 
	0x00, 0x0b, 0x01, 0x00, 0x65, 0x00, 0x0a, 0x0a, 0x05, 0x5d, 0x00, 0x05, 0x05, 0x49, 0x4b, 0x00, 
	0x03, 0x03, 0x09, 0x5d, 0x00, 0x09, 0x09, 0x4c, 0x4b, 0x00, 0x0b, 0x0b, 0x08, 0x5e, 0x0d, 0x01, 
	0x08, 0x08, 0x4a, 0x08, 0x4c, 0x1b, 0x40, 0x41, 0x06, 0x01, 0x04, 0x0a, 0x09, 0x0a, 0x04, 0x09, 
	0x7e, 0x00, 0x07, 0x03, 0x02, 0x03, 0x07, 0x02, 0x7e, 0x00, 0x02, 0x00, 0x0c, 0x01, 0x02, 0x0c, 
	0x65, 0x00, 0x01, 0x00, 0x00, 0x0b, 0x01, 0x00, 0x65, 0x00, 0x0a, 0x0a, 0x05, 0x5d, 0x00, 0x05, 
	0x05, 0x49, 0x4b, 0x00, 0x03, 0x03, 0x09, 0x5d, 0x00, 0x09, 0x09, 0x4c, 0x4b, 0x00, 0x0b, 0x0b, 
	0x08, 0x5e, 0x0d, 0x01, 0x08, 0x08, 0x4a, 0x08, 0x4c, 0x59, 0x40, 0x19, 0x00, 0x00, 0x19, 0x18, 
	0x17, 0x16, 0x15, 0x14, 0x13, 0x12, 0x00, 0x11, 0x00, 0x11, 0x11, 0x11, 0x11, 0x11, 0x11, 0x11, 
	0x11, 0x11, 0x0e, 0x09, 0x1c, 0x2b, 0x37, 0x35, 0x23, 0x35, 0x33, 0x35, 0x21, 0x35, 0x21, 0x35, 
	0x33, 0x35, 0x21, 0x15, 0x33, 0x15, 0x33, 0x11, 0x01, 0x33, 0x35, 0x23, 0x03, 0x21, 0x35, 0x21, 
	0x7d, 0x7d, 0x7d, 0x01, 0xf4, 0xfe, 0x0c, 0x7d, 0x01, 0x77, 0x7d, 0x7d, 0xfe, 0x0c, 0x7d, 0x7d, 
	0x7d, 0x01, 0x77, 0xfe, 0x89, 0x7d, 0x7d, 0x7d, 0x7d, 0x7d, 0xfa, 0x7d, 0x7d, 0xfa, 0xfe, 0x0c, 
	0x02, 0x71, 0x7d, 0xfd, 0x8f, 0x7d, 0x00, 0x00, 0x00, 0x04, 0x00, 0x00, 0x00, 0x7d, 0x03, 0x6b, 
	0x03, 0xe8, 0x00, 0x03, 0x00, 0x07, 0x00, 0x15, 0x00, 0x19, 0x00, 0x67, 0x40, 0x64, 0x00, 0x09, 
	0x07, 0x06, 0x07, 0x09, 0x06, 0x7e, 0x00, 0x06, 0x00, 0x0c, 0x05, 0x06, 0x0c, 0x65, 0x00, 0x05, 
	0x00, 0x04, 0x0b, 0x05, 0x04, 0x65, 0x0e, 0x03, 0x0d, 0x03, 0x01, 0x01, 0x00, 0x5d, 0x02, 0x01, 
	0x00, 0x00, 0x49, 0x4b, 0x00, 0x07, 0x07, 0x08, 0x5d, 0x00, 0x08, 0x08, 0x4c, 0x4b, 0x00, 0x0b, 
	0x0b, 0x0a, 0x5e, 0x0f, 0x01, 0x0a, 0x0a, 0x4a, 0x0a, 0x4c, 0x08, 0x08, 0x04, 0x04, 0x00, 0x00, 
	0x19, 0x18, 0x17, 0x16, 0x08, 0x15, 0x08, 0x15, 0x14, 0x13, 0x12, 0x11, 0x10, 0x0f, 0x0e, 0x0d, 
	0x0c, 0x0b, 0x0a, 0x09, 0x04, 0x07, 0x04, 0x07, 0x06, 0x05, 0x00, 0x03, 0x00, 0x03, 0x11, 0x10, 
	0x09, 0x15, 0x2b, 0x13, 0x35, 0x33, 0x15, 0x33, 0x35, 0x33, 0x15, 0x01, 0x35, 0x23, 0x35, 0x33, 
	0x35, 0x21, 0x35, 0x21, 0x35, 0x21, 0x15, 0x33, 0x11, 0x25, 0x21, 0x35, 0x21, 0x7d, 0xfa, 0x7d, 
	0xfa, 0xfd, 0x8f, 0x7d, 0x7d, 0x01, 0xf4, 0xfe, 0x0c, 0x02, 0x71, 0x7d, 0xfd, 0x8f, 0x01, 0x77, 
	0xfe, 0x89, 0x03, 0x6b, 0x7d, 0x7d, 0x7d, 0x7d, 0xfd, 0x12, 0x7d, 0x7d, 0x7d, 0x7d, 0x7d, 0x7d, 
	0xfe, 0x0c, 0x7d, 0x7d, 0x00, 0x03, 0x00, 0x00, 0x00, 0x7d, 0x03, 0x6b, 0x03, 0xe8, 0x00, 0x03, 
	0x00, 0x15, 0x00, 0x19, 0x00, 0xb5, 0x4b, 0xb0, 0x0a, 0x50, 0x58, 0x40, 0x41, 0x00, 0x08, 0x00, 
	0x07, 0x07, 0x08, 0x70, 0x0e, 0x01, 0x0a, 0x06, 0x05, 0x06, 0x0a, 0x05, 0x7e, 0x00, 0x05, 0x00, 
	0x0b, 0x04, 0x05, 0x0b, 0x65, 0x00, 0x04, 0x00, 0x03, 0x0c, 0x04, 0x03, 0x65, 0x00, 0x00, 0x00, 
	0x01, 0x5d, 0x0d, 0x01, 0x01, 0x01, 0x49, 0x4b, 0x00, 0x06, 0x06, 0x07, 0x5d, 0x09, 0x01, 0x07, 
	0x07, 0x4c, 0x4b, 0x00, 0x0c, 0x0c, 0x02, 0x5e, 0x00, 0x02, 0x02, 0x4a, 0x02, 0x4c, 0x1b, 0x40, 
	0x42, 0x00, 0x08, 0x00, 0x07, 0x00, 0x08, 0x07, 0x7e, 0x0e, 0x01, 0x0a, 0x06, 0x05, 0x06, 0x0a, 
	0x05, 0x7e, 0x00, 0x05, 0x00, 0x0b, 0x04, 0x05, 0x0b, 0x65, 0x00, 0x04, 0x00, 0x03, 0x0c, 0x04, 
	0x03, 0x65, 0x00, 0x00, 0x00, 0x01, 0x5d, 0x0d, 0x01, 0x01, 0x01, 0x49, 0x4b, 0x00, 0x06, 0x06, 
	0x07, 0x5d, 0x09, 0x01, 0x07, 0x07, 0x4c, 0x4b, 0x00, 0x0c, 0x0c, 0x02, 0x5e, 0x00, 0x02, 0x02, 
	0x4a, 0x02, 0x4c, 0x59, 0x40, 0x24, 0x04, 0x04, 0x00, 0x00, 0x19, 0x18, 0x17, 0x16, 0x04, 0x15, 
	0x04, 0x15, 0x14, 0x13, 0x12, 0x11, 0x10, 0x0f, 0x0e, 0x0d, 0x0c, 0x0b, 0x0a, 0x09, 0x08, 0x07, 
	0x06, 0x05, 0x00, 0x03, 0x00, 0x03, 0x11, 0x0f, 0x09, 0x15, 0x2b, 0x01, 0x15, 0x23, 0x35, 0x01, 
	0x11, 0x21, 0x35, 0x23, 0x35, 0x33, 0x35, 0x21, 0x35, 0x21, 0x35, 0x33, 0x35, 0x33, 0x15, 0x33, 
	0x15, 0x07, 0x21, 0x15, 0x21, 0x01, 0x77, 0x7d, 0x02, 0x71, 0xfd, 0x12, 0x7d, 0x7d, 0x01, 0xf4, 
	0xfe, 0x0c, 0xfa, 0x7d, 0xfa, 0x7d, 0xfe, 0x89, 0x01, 0x77, 0x03, 0xe8, 0x7d, 0x7d, 0xfe, 0x89, 
	0xfe, 0x0c, 0x7d, 0x7d, 0x7d, 0x7d, 0x7d, 0x7d, 0x7d, 0x7d, 0xfa, 0x7d, 0x00, 0x03, 0x00, 0x00, 
	0x00, 0x7d, 0x03, 0x6b, 0x03, 0xe8, 0x00, 0x03, 0x00, 0x11, 0x00, 0x15, 0x00, 0x5c, 0x40, 0x59, 
	0x00, 0x07, 0x05, 0x04, 0x05, 0x07, 0x04, 0x7e, 0x00, 0x04, 0x00, 0x0a, 0x03, 0x04, 0x0a, 0x65, 
	0x00, 0x03, 0x00, 0x02, 0x09, 0x03, 0x02, 0x65, 0x0b, 0x01, 0x01, 0x01, 0x00, 0x5d, 0x00, 0x00, 
	0x00, 0x49, 0x4b, 0x00, 0x05, 0x05, 0x06, 0x5d, 0x00, 0x06, 0x06, 0x4c, 0x4b, 0x00, 0x09, 0x09, 
	0x08, 0x5e, 0x0c, 0x01, 0x08, 0x08, 0x4a, 0x08, 0x4c, 0x04, 0x04, 0x00, 0x00, 0x15, 0x14, 0x13, 
	0x12, 0x04, 0x11, 0x04, 0x11, 0x10, 0x0f, 0x0e, 0x0d, 0x0c, 0x0b, 0x0a, 0x09, 0x08, 0x07, 0x06, 
	0x05, 0x00, 0x03, 0x00, 0x03, 0x11, 0x0d, 0x09, 0x15, 0x2b, 0x13, 0x35, 0x21, 0x15, 0x01, 0x35, 
	0x23, 0x35, 0x33, 0x35, 0x21, 0x35, 0x21, 0x35, 0x21, 0x15, 0x33, 0x11, 0x25, 0x21, 0x35, 0x21, 
	0x7d, 0x02, 0x71, 0xfd, 0x8f, 0x7d, 0x7d, 0x01, 0xf4, 0xfe, 0x0c, 0x02, 0x71, 0x7d, 0xfd, 0x8f, 
	0x01, 0x77, 0xfe, 0x89, 0x03, 0x6b, 0x7d, 0x7d, 0xfd, 0x12, 0x7d, 0x7d, 0x7d, 0x7d, 0x7d, 0x7d, 
	0xfe, 0x0c, 0x7d, 0x7d, 0x00, 0x04, 0x00, 0x00, 0x00, 0x00, 0x03, 0x6b, 0x03, 0xe8, 0x00, 0x11, 
	0x00, 0x15, 0x00, 0x19, 0x00, 0x1d, 0x00, 0xc6, 0x4b, 0xb0, 0x0a, 0x50, 0x58, 0x40, 0x4b, 0x0f, 
	0x01, 0x08, 0x06, 0x05, 0x06, 0x08, 0x05, 0x7e, 0x00, 0x01, 0x00, 0x0b, 0x00, 0x01, 0x70, 0x00, 
	0x04, 0x00, 0x03, 0x0a, 0x04, 0x03, 0x65, 0x00, 0x0a, 0x02, 0x01, 0x00, 0x01, 0x0a, 0x00, 0x66, 
	0x00, 0x06, 0x06, 0x07, 0x5d, 0x00, 0x07, 0x07, 0x49, 0x4b, 0x00, 0x09, 0x09, 0x05, 0x5d, 0x00, 
	0x05, 0x05, 0x4c, 0x4b, 0x00, 0x0b, 0x0b, 0x0c, 0x5d, 0x00, 0x0c, 0x0c, 0x4a, 0x4b, 0x00, 0x0d, 
	0x0d, 0x0e, 0x5d, 0x10, 0x01, 0x0e, 0x0e, 0x4e, 0x0e, 0x4c, 0x1b, 0x40, 0x4c, 0x0f, 0x01, 0x08, 
	0x06, 0x05, 0x06, 0x08, 0x05, 0x7e, 0x00, 0x01, 0x00, 0x0b, 0x00, 0x01, 0x0b, 0x7e, 0x00, 0x04, 
	0x00, 0x03, 0x0a, 0x04, 0x03, 0x65, 0x00, 0x0a, 0x02, 0x01, 0x00, 0x01, 0x0a, 0x00, 0x66, 0x00, 
	0x06, 0x06, 0x07, 0x5d, 0x00, 0x07, 0x07, 0x49, 0x4b, 0x00, 0x09, 0x09, 0x05, 0x5d, 0x00, 0x05, 
	0x05, 0x4c, 0x4b, 0x00, 0x0b, 0x0b, 0x0c, 0x5d, 0x00, 0x0c, 0x0c, 0x4a, 0x4b, 0x00, 0x0d, 0x0d, 
	0x0e, 0x5d, 0x10, 0x01, 0x0e, 0x0e, 0x4e, 0x0e, 0x4c, 0x59, 0x40, 0x21, 0x1a, 0x1a, 0x00, 0x00, 
	0x1a, 0x1d, 0x1a, 0x1d, 0x1c, 0x1b, 0x19, 0x18, 0x17, 0x16, 0x15, 0x14, 0x13, 0x12, 0x00, 0x11, 
	0x00, 0x11, 0x11, 0x11, 0x11, 0x11, 0x11, 0x11, 0x11, 0x11, 0x11, 0x09, 0x1c, 0x2b, 0x01, 0x11, 
	0x21, 0x15, 0x23, 0x35, 0x23, 0x35, 0x23, 0x35, 0x33, 0x35, 0x21, 0x35, 0x21, 0x35, 0x21, 0x15, 
	0x07, 0x21, 0x15, 0x21, 0x05, 0x33, 0x15, 0x23, 0x17, 0x35, 0x33, 0x15, 0x03, 0x6b, 0xfe, 0x89, 
	0x7d, 0xfa, 0x7d, 0x7d, 0x01, 0xf4, 0xfe, 0x0c, 0x02, 0x71, 0x7d, 0xfe, 0x89, 0x01, 0x77, 0xfe, 
	0x89, 0x7d, 0x7d, 0x7d, 0xfa, 0x03, 0x6b, 0xfe, 0x0c, 0x7d, 0x7d, 0x7d, 0x7d, 0x7d, 0x7d, 0x7d, 
	0x7d, 0xfa, 0x7d, 0xfa, 0x7d, 0x7d, 0x7d, 0x7d, 0x00, 0x03, 0x00, 0x00, 0x00, 0x7d, 0x03, 0x6b, 
	0x03, 0xe8, 0x00, 0x15, 0x00, 0x19, 0x00, 0x1d, 0x00, 0xaf, 0x4b, 0xb0, 0x0a, 0x50, 0x58, 0x40, 
	0x42, 0x07, 0x01, 0x05, 0x0c, 0x04, 0x04, 0x05, 0x70, 0x00, 0x09, 0x03, 0x02, 0x03, 0x09, 0x02, 
	0x7e, 0x00, 0x02, 0x00, 0x0e, 0x01, 0x02, 0x0e, 0x65, 0x00, 0x01, 0x00, 0x00, 0x0d, 0x01, 0x00, 
	0x65, 0x00, 0x0c, 0x0c, 0x06, 0x5d, 0x00, 0x06, 0x06, 0x49, 0x4b, 0x00, 0x03, 0x03, 0x04, 0x5d, 
	0x0b, 0x08, 0x02, 0x04, 0x04, 0x4c, 0x4b, 0x00, 0x0d, 0x0d, 0x0a, 0x5e, 0x0f, 0x01, 0x0a, 0x0a, 
	0x4a, 0x0a, 0x4c, 0x1b, 0x40, 0x43, 0x07, 0x01, 0x05, 0x0c, 0x04, 0x0c, 0x05, 0x04, 0x7e, 0x00, 
	0x09, 0x03, 0x02, 0x03, 0x09, 0x02, 0x7e, 0x00, 0x02, 0x00, 0x0e, 0x01, 0x02, 0x0e, 0x65, 0x00, 
	0x01, 0x00, 0x00, 0x0d, 0x01, 0x00, 0x65, 0x00, 0x0c, 0x0c, 0x06, 0x5d, 0x00, 0x06, 0x06, 0x49, 
	0x4b, 0x00, 0x03, 0x03, 0x04, 0x5d, 0x0b, 0x08, 0x02, 0x04, 0x04, 0x4c, 0x4b, 0x00, 0x0d, 0x0d, 
	0x0a, 0x5e, 0x0f, 0x01, 0x0a, 0x0a, 0x4a, 0x0a, 0x4c, 0x59, 0x40, 0x1c, 0x00, 0x00, 0x1d, 0x1c, 
	0x1b, 0x1a, 0x19, 0x18, 0x17, 0x16, 0x00, 0x15, 0x00, 0x15, 0x14, 0x13, 0x11, 0x11, 0x11, 0x11, 
	0x11, 0x11, 0x11, 0x11, 0x11, 0x10, 0x09, 0x1d, 0x2b, 0x37, 0x35, 0x23, 0x35, 0x33, 0x35, 0x21, 
	0x35, 0x21, 0x35, 0x33, 0x35, 0x33, 0x35, 0x33, 0x15, 0x33, 0x15, 0x33, 0x15, 0x33, 0x11, 0x01, 
	0x33, 0x35, 0x23, 0x03, 0x21, 0x35, 0x21, 0x7d, 0x7d, 0x7d, 0x01, 0xf4, 0xfe, 0x0c, 0x7d, 0x7d, 
	0x7d, 0x7d, 0x7d, 0x7d, 0xfe, 0x0c, 0x7d, 0x7d, 0x7d, 0x01, 0x77, 0xfe, 0x89, 0x7d, 0x7d, 0x7d, 
	0x7d, 0x7d, 0x7d, 0x7d, 0x7d, 0x7d, 0x7d, 0x7d, 0xfe, 0x0c, 0x02, 0x71, 0x7d, 0xfd, 0x8f, 0x7d, 
	0x00, 0x03, 0x00, 0x00, 0x00, 0x7d, 0x03, 0x6b, 0x03, 0xe8, 0x00, 0x17, 0x00, 0x1b, 0x00, 0x1f, 
	0x00, 0xb3, 0x4b, 0xb0, 0x0a, 0x50, 0x58, 0x40, 0x43, 0x06, 0x01, 0x04, 0x08, 0x09, 0x09, 0x04, 
	0x70, 0x00, 0x0a, 0x03, 0x02, 0x03, 0x0a, 0x02, 0x7e, 0x00, 0x02, 0x00, 0x0f, 0x01, 0x02, 0x0f, 
	0x65, 0x00, 0x01, 0x00, 0x00, 0x0e, 0x01, 0x00, 0x65, 0x0d, 0x01, 0x08, 0x08, 0x05, 0x5d, 0x07, 
	0x01, 0x05, 0x05, 0x49, 0x4b, 0x00, 0x03, 0x03, 0x09, 0x5d, 0x0c, 0x01, 0x09, 0x09, 0x4c, 0x4b, 
	0x00, 0x0e, 0x0e, 0x0b, 0x5e, 0x10, 0x01, 0x0b, 0x0b, 0x4a, 0x0b, 0x4c, 0x1b, 0x40, 0x44, 0x06, 
	0x01, 0x04, 0x08, 0x09, 0x08, 0x04, 0x09, 0x7e, 0x00, 0x0a, 0x03, 0x02, 0x03, 0x0a, 0x02, 0x7e, 
	0x00, 0x02, 0x00, 0x0f, 0x01, 0x02, 0x0f, 0x65, 0x00, 0x01, 0x00, 0x00, 0x0e, 0x01, 0x00, 0x65, 
	0x0d, 0x01, 0x08, 0x08, 0x05, 0x5d, 0x07, 0x01, 0x05, 0x05, 0x49, 0x4b, 0x00, 0x03, 0x03, 0x09, 
	0x5d, 0x0c, 0x01, 0x09, 0x09, 0x4c, 0x4b, 0x00, 0x0e, 0x0e, 0x0b, 0x5e, 0x10, 0x01, 0x0b, 0x0b, 
	0x4a, 0x0b, 0x4c, 0x59, 0x40, 0x1e, 0x00, 0x00, 0x1f, 0x1e, 0x1d, 0x1c, 0x1b, 0x1a, 0x19, 0x18, 
	0x00, 0x17, 0x00, 0x17, 0x16, 0x15, 0x14, 0x13, 0x11, 0x11, 0x11, 0x11, 0x11, 0x11, 0x11, 0x11, 
	0x11, 0x11, 0x09, 0x1d, 0x2b, 0x37, 0x35, 0x23, 0x35, 0x33, 0x35, 0x21, 0x35, 0x21, 0x35, 0x33, 
	0x35, 0x33, 0x15, 0x33, 0x35, 0x33, 0x15, 0x23, 0x15, 0x33, 0x15, 0x33, 0x11, 0x01, 0x33, 0x35, 
	0x23, 0x11, 0x21, 0x35, 0x21, 0x7d, 0x7d, 0x7d, 0x01, 0xf4, 0xfe, 0x0c, 0x7d, 0xfa, 0x7d, 0x7d, 
	0x7d, 0x7d, 0x7d, 0xfd, 0x8f, 0x7d, 0x7d, 0x01, 0x77, 0xfe, 0x89, 0x7d, 0x7d, 0x7d, 0x7d, 0x7d, 
	0xfa, 0x7d, 0x7d, 0x7d, 0x7d, 0x7d, 0x7d, 0xfe, 0x0c, 0x02, 0x71, 0x7d, 0xfd, 0x8f, 0x7d, 0x00, 
	0x00, 0x03, 0x00, 0x00, 0x00, 0x7d, 0x03, 0x6b, 0x02, 0xee, 0x00, 0x11, 0x00, 0x15, 0x00, 0x19, 
	0x00, 0x8a, 0x4b, 0xb0, 0x0a, 0x50, 0x58, 0x40, 0x31, 0x00, 0x05, 0x03, 0x02, 0x02, 0x05, 0x70, 
	0x09, 0x01, 0x02, 0x0c, 0x01, 0x06, 0x01, 0x02, 0x06, 0x66, 0x00, 0x01, 0x00, 0x00, 0x07, 0x01, 
	0x00, 0x65, 0x0a, 0x01, 0x03, 0x03, 0x04, 0x5d, 0x00, 0x04, 0x04, 0x4c, 0x4b, 0x0b, 0x01, 0x07, 
	0x07, 0x08, 0x5d, 0x0d, 0x01, 0x08, 0x08, 0x4a, 0x08, 0x4c, 0x1b, 0x40, 0x32, 0x00, 0x05, 0x03, 
	0x02, 0x03, 0x05, 0x02, 0x7e, 0x09, 0x01, 0x02, 0x0c, 0x01, 0x06, 0x01, 0x02, 0x06, 0x66, 0x00, 
	0x01, 0x00, 0x00, 0x07, 0x01, 0x00, 0x65, 0x0a, 0x01, 0x03, 0x03, 0x04, 0x5d, 0x00, 0x04, 0x04, 
	0x4c, 0x4b, 0x0b, 0x01, 0x07, 0x07, 0x08, 0x5d, 0x0d, 0x01, 0x08, 0x08, 0x4a, 0x08, 0x4c, 0x59, 
	0x40, 0x19, 0x00, 0x00, 0x19, 0x18, 0x17, 0x16, 0x15, 0x14, 0x13, 0x12, 0x00, 0x11, 0x00, 0x11, 
	0x11, 0x11, 0x11, 0x11, 0x11, 0x11, 0x11, 0x11, 0x0e, 0x09, 0x1c, 0x2b, 0x37, 0x35, 0x23, 0x35, 
	0x33, 0x35, 0x33, 0x35, 0x23, 0x35, 0x21, 0x15, 0x33, 0x15, 0x21, 0x15, 0x33, 0x15, 0x03, 0x33, 
	0x35, 0x23, 0x03, 0x33, 0x35, 0x23, 0x7d, 0x7d, 0x7d, 0xfa, 0xfa, 0x02, 0x71, 0x7d, 0xfe, 0x89, 
	0xfa, 0xfa, 0x7d, 0x7d, 0xfa, 0x7d, 0x7d, 0x7d, 0x7d, 0x7d, 0x7d, 0x7d, 0x7d, 0x7d, 0xfa, 0x7d, 
	0x7d, 0x01, 0x77, 0x7d, 0xfe, 0x89, 0x7d, 0x00, 0x00, 0x02, 0x00, 0x00, 0x00, 0x7d, 0x03, 0x6b, 
	0x03, 0xe8, 0x00, 0x0b, 0x00, 0x0f, 0x00, 0x3c, 0x40, 0x39, 0x00, 0x03, 0x00, 0x00, 0x03, 0x55, 
	0x04, 0x01, 0x00, 0x00, 0x01, 0x5d, 0x00, 0x01, 0x01, 0x49, 0x4b, 0x00, 0x07, 0x07, 0x02, 0x5d, 
	0x00, 0x02, 0x02, 0x4c, 0x4b, 0x00, 0x06, 0x06, 0x05, 0x5d, 0x08, 0x01, 0x05, 0x05, 0x4a, 0x05, 
	0x4c, 0x00, 0x00, 0x0f, 0x0e, 0x0d, 0x0c, 0x00, 0x0b, 0x00, 0x0b, 0x11, 0x11, 0x11, 0x11, 0x11, 
	0x09, 0x09, 0x19, 0x2b, 0x37, 0x35, 0x23, 0x11, 0x33, 0x15, 0x21, 0x15, 0x33, 0x11, 0x23, 0x15, 
	0x25, 0x21, 0x11, 0x21, 0x7d, 0x7d, 0xfa, 0x01, 0xf4, 0x7d, 0x7d, 0xfe, 0x0c, 0x01, 0x77, 0xfe, 
	0x89, 0x7d, 0x7d, 0x02, 0xee, 0xfa, 0x7d, 0xfe, 0x89, 0x7d, 0x7d, 0x01, 0x77, 0x00, 0x00, 0x00, 
	0x00, 0x01, 0x00, 0x00, 0x00, 0x7d, 0x03, 0x6b, 0x02, 0xee, 0x00, 0x0b, 0x00, 0x2f, 0x40, 0x2c, 
	0x00, 0x01, 0x00, 0x00, 0x04, 0x01, 0x00, 0x65, 0x00, 0x03, 0x03, 0x02, 0x5d, 0x00, 0x02, 0x02, 
	0x4c, 0x4b, 0x00, 0x04, 0x04, 0x05, 0x5d, 0x06, 0x01, 0x05, 0x05, 0x4a, 0x05, 0x4c, 0x00, 0x00, 
	0x00, 0x0b, 0x00, 0x0b, 0x11, 0x11, 0x11, 0x11, 0x11, 0x07, 0x09, 0x19, 0x2b, 0x37, 0x35, 0x23, 
	0x11, 0x33, 0x35, 0x21, 0x15, 0x21, 0x11, 0x21, 0x15, 0x7d, 0x7d, 0x7d, 0x02, 0xee, 0xfd, 0x8f, 
	0x02, 0x71, 0x7d, 0x7d, 0x01, 0x77, 0x7d, 0x7d, 0xfe, 0x89, 0x7d, 0x00, 0x00, 0x02, 0x00, 0x00, 
	0x00, 0x7d, 0x03, 0x6b, 0x03, 0xe8, 0x00, 0x03, 0x00, 0x13, 0x00, 0x81, 0x4b, 0xb0, 0x0a, 0x50, 
	0x58, 0x40, 0x30, 0x00, 0x08, 0x00, 0x07, 0x07, 0x08, 0x70, 0x00, 0x06, 0x00, 0x05, 0x03, 0x06, 
	0x05, 0x65, 0x00, 0x00, 0x00, 0x01, 0x5d, 0x00, 0x01, 0x01, 0x49, 0x4b, 0x00, 0x02, 0x02, 0x07, 
	0x5d, 0x0a, 0x09, 0x02, 0x07, 0x07, 0x4c, 0x4b, 0x00, 0x03, 0x03, 0x04, 0x5d, 0x00, 0x04, 0x04, 
	0x4a, 0x04, 0x4c, 0x1b, 0x40, 0x31, 0x00, 0x08, 0x00, 0x07, 0x00, 0x08, 0x07, 0x7e, 0x00, 0x06, 
	0x00, 0x05, 0x03, 0x06, 0x05, 0x65, 0x00, 0x00, 0x00, 0x01, 0x5d, 0x00, 0x01, 0x01, 0x49, 0x4b, 
	0x00, 0x02, 0x02, 0x07, 0x5d, 0x0a, 0x09, 0x02, 0x07, 0x07, 0x4c, 0x4b, 0x00, 0x03, 0x03, 0x04, 
	0x5d, 0x00, 0x04, 0x04, 0x4a, 0x04, 0x4c, 0x59, 0x40, 0x12, 0x04, 0x04, 0x04, 0x13, 0x04, 0x13, 
	0x11, 0x11, 0x11, 0x11, 0x11, 0x11, 0x12, 0x11, 0x10, 0x0b, 0x09, 0x1d, 0x2b, 0x01, 0x23, 0x35, 
	0x33, 0x17, 0x15, 0x21, 0x11, 0x21, 0x15, 0x21, 0x35, 0x23, 0x11, 0x33, 0x35, 0x33, 0x35, 0x33, 
	0x15, 0x02, 0x71, 0x7d, 0x7d, 0xfa, 0xfd, 0x8f, 0x02, 0x71, 0xfd, 0x12, 0x7d, 0x7d, 0xfa, 0x7d, 
	0x03, 0x6b, 0x7d, 0xfa, 0x7d, 0xfe, 0x89, 0x7d, 0x7d, 0x01, 0x77, 0x7d, 0x7d, 0x7d, 0x00, 0x00, 
	0x00, 0x01, 0x00, 0x00, 0x00, 0x7d, 0x03, 0x6b, 0x03, 0xe8, 0x00, 0x17, 0x00, 0x89, 0x4b, 0xb0, 
	0x0a, 0x50, 0x58, 0x40, 0x32, 0x00, 0x05, 0x03, 0x02, 0x02, 0x05, 0x70, 0x00, 0x01, 0x00, 0x00, 
	0x0a, 0x01, 0x00, 0x65, 0x07, 0x01, 0x03, 0x03, 0x04, 0x5d, 0x06, 0x01, 0x04, 0x04, 0x49, 0x4b, 
	0x00, 0x09, 0x09, 0x02, 0x5d, 0x08, 0x01, 0x02, 0x02, 0x4c, 0x4b, 0x00, 0x0a, 0x0a, 0x0b, 0x5e, 
	0x0c, 0x01, 0x0b, 0x0b, 0x4a, 0x0b, 0x4c, 0x1b, 0x40, 0x33, 0x00, 0x05, 0x03, 0x02, 0x03, 0x05, 
	0x02, 0x7e, 0x00, 0x01, 0x00, 0x00, 0x0a, 0x01, 0x00, 0x65, 0x07, 0x01, 0x03, 0x03, 0x04, 0x5d, 
	0x06, 0x01, 0x04, 0x04, 0x49, 0x4b, 0x00, 0x09, 0x09, 0x02, 0x5d, 0x08, 0x01, 0x02, 0x02, 0x4c, 
	0x4b, 0x00, 0x0a, 0x0a, 0x0b, 0x5e, 0x0c, 0x01, 0x0b, 0x0b, 0x4a, 0x0b, 0x4c, 0x59, 0x40, 0x16, 
	0x00, 0x00, 0x00, 0x17, 0x00, 0x17, 0x16, 0x15, 0x14, 0x13, 0x11, 0x11, 0x11, 0x11, 0x11, 0x11, 
	0x11, 0x11, 0x11, 0x0d, 0x09, 0x1d, 0x2b, 0x37, 0x35, 0x23, 0x11, 0x33, 0x35, 0x33, 0x35, 0x23, 
	0x35, 0x33, 0x15, 0x33, 0x35, 0x33, 0x15, 0x23, 0x15, 0x33, 0x15, 0x21, 0x11, 0x21, 0x15, 0x7d, 
	0x7d, 0x7d, 0x7d, 0x7d, 0xfa, 0x7d, 0xfa, 0x7d, 0xfa, 0xfd, 0x8f, 0x02, 0x71, 0x7d, 0x7d, 0x01, 
	0x77, 0x7d, 0x7d, 0x7d, 0x7d, 0x7d, 0x7d, 0x7d, 0x7d, 0xfe, 0x89, 0x7d, 0x00, 0x02, 0x00, 0x00, 
	0x00, 0x00, 0x03, 0x6b, 0x02, 0xee, 0x00, 0x0f, 0x00, 0x13, 0x00, 0x43, 0x40, 0x40, 0x00, 0x06, 
	0x00, 0x05, 0x01, 0x06, 0x05, 0x65, 0x00, 0x01, 0x04, 0x01, 0x02, 0x03, 0x01, 0x02, 0x65, 0x00, 
	0x00, 0x00, 0x07, 0x5d, 0x0a, 0x01, 0x07, 0x07, 0x4c, 0x4b, 0x00, 0x03, 0x03, 0x4a, 0x4b, 0x00, 
	0x08, 0x08, 0x09, 0x5d, 0x00, 0x09, 0x09, 0x4e, 0x09, 0x4c, 0x00, 0x00, 0x13, 0x12, 0x11, 0x10, 
	0x00, 0x0f, 0x00, 0x0f, 0x11, 0x11, 0x11, 0x11, 0x11, 0x11, 0x11, 0x0b, 0x09, 0x1b, 0x2b, 0x01, 
	0x15, 0x21, 0x15, 0x21, 0x15, 0x23, 0x15, 0x23, 0x35, 0x21, 0x35, 0x23, 0x35, 0x33, 0x35, 0x13, 
	0x33, 0x15, 0x23, 0x03, 0x6b, 0xfd, 0x8f, 0x02, 0x71, 0xfa, 0x7d, 0xfe, 0x89, 0x7d, 0x7d, 0x7d, 
	0xfa, 0xfa, 0x02, 0xee, 0x7d, 0xfa, 0x7d, 0x7d, 0x7d, 0x7d, 0xfa, 0x7d, 0xfd, 0x8f, 0x7d, 0x00, 
	0x00, 0x02, 0x00, 0x00, 0x00, 0x7d, 0x03, 0x6b, 0x03, 0xe8, 0x00, 0x11, 0x00, 0x15, 0x00, 0x86, 
	0x4b, 0xb0, 0x0a, 0x50, 0x58, 0x40, 0x31, 0x04, 0x01, 0x02, 0x0a, 0x05, 0x05, 0x02, 0x70, 0x00, 
	0x01, 0x00, 0x00, 0x07, 0x01, 0x00, 0x65, 0x00, 0x0a, 0x0a, 0x03, 0x5d, 0x00, 0x03, 0x03, 0x49, 
	0x4b, 0x00, 0x06, 0x06, 0x05, 0x5d, 0x09, 0x01, 0x05, 0x05, 0x4c, 0x4b, 0x00, 0x07, 0x07, 0x08, 
	0x5e, 0x0b, 0x01, 0x08, 0x08, 0x4a, 0x08, 0x4c, 0x1b, 0x40, 0x32, 0x04, 0x01, 0x02, 0x0a, 0x05, 
	0x0a, 0x02, 0x05, 0x7e, 0x00, 0x01, 0x00, 0x00, 0x07, 0x01, 0x00, 0x65, 0x00, 0x0a, 0x0a, 0x03, 
	0x5d, 0x00, 0x03, 0x03, 0x49, 0x4b, 0x00, 0x06, 0x06, 0x05, 0x5d, 0x09, 0x01, 0x05, 0x05, 0x4c, 
	0x4b, 0x00, 0x07, 0x07, 0x08, 0x5e, 0x0b, 0x01, 0x08, 0x08, 0x4a, 0x08, 0x4c, 0x59, 0x40, 0x15, 
	0x00, 0x00, 0x15, 0x14, 0x13, 0x12, 0x00, 0x11, 0x00, 0x11, 0x11, 0x11, 0x11, 0x11, 0x11, 0x11, 
	0x11, 0x11, 0x0c, 0x09, 0x1c, 0x2b, 0x37, 0x35, 0x23, 0x11, 0x33, 0x35, 0x33, 0x35, 0x21, 0x15, 
	0x33, 0x15, 0x33, 0x15, 0x21, 0x11, 0x21, 0x15, 0x01, 0x33, 0x35, 0x23, 0x7d, 0x7d, 0x7d, 0x7d, 
	0x01, 0x77, 0x7d, 0x7d, 0xfd, 0x8f, 0x02, 0x71, 0xfe, 0x0c, 0x7d, 0x7d, 0x7d, 0x7d, 0x01, 0x77, 
	0xfa, 0x7d, 0x7d, 0x7d, 0x7d, 0xfe, 0x89, 0x7d, 0x02, 0x71, 0x7d, 0x00, 0x00, 0x02, 0x00, 0x00, 
	0x00, 0x7d, 0x03, 0x6b, 0x03, 0xe8, 0x00, 0x03, 0x00, 0x0f, 0x00, 0x46, 0x40, 0x43, 0x00, 0x03, 
	0x00, 0x02, 0x06, 0x03, 0x02, 0x65, 0x08, 0x01, 0x01, 0x01, 0x00, 0x5d, 0x00, 0x00, 0x00, 0x49, 
	0x4b, 0x00, 0x05, 0x05, 0x04, 0x5d, 0x00, 0x04, 0x04, 0x4c, 0x4b, 0x00, 0x06, 0x06, 0x07, 0x5d, 
	0x09, 0x01, 0x07, 0x07, 0x4a, 0x07, 0x4c, 0x04, 0x04, 0x00, 0x00, 0x04, 0x0f, 0x04, 0x0f, 0x0e, 
	0x0d, 0x0c, 0x0b, 0x0a, 0x09, 0x08, 0x07, 0x06, 0x05, 0x00, 0x03, 0x00, 0x03, 0x11, 0x0a, 0x09, 
	0x15, 0x2b, 0x01, 0x35, 0x33, 0x15, 0x01, 0x35, 0x23, 0x11, 0x33, 0x35, 0x21, 0x15, 0x21, 0x11, 
	0x21, 0x15, 0x01, 0x77, 0xfa, 0xfe, 0x0c, 0x7d, 0x7d, 0x02, 0xee, 0xfd, 0x8f, 0x02, 0x71, 0x03, 
	0x6b, 0x7d, 0x7d, 0xfd, 0x12, 0x7d, 0x01, 0x77, 0x7d, 0x7d, 0xfe, 0x89, 0x7d, 0x00, 0x00, 0x00, 
	0x00, 0x02, 0x00, 0x00, 0x00, 0x7d, 0x03, 0x6b, 0x03, 0xe8, 0x00, 0x09, 0x00, 0x0d, 0x00, 0x37, 
	0x40, 0x34, 0x00, 0x01, 0x00, 0x00, 0x05, 0x01, 0x00, 0x65, 0x00, 0x03, 0x03, 0x49, 0x4b, 0x00, 
	0x06, 0x06, 0x02, 0x5d, 0x00, 0x02, 0x02, 0x4c, 0x4b, 0x00, 0x05, 0x05, 0x04, 0x5e, 0x07, 0x01, 
	0x04, 0x04, 0x4a, 0x04, 0x4c, 0x00, 0x00, 0x0d, 0x0c, 0x0b, 0x0a, 0x00, 0x09, 0x00, 0x09, 0x11, 
	0x11, 0x11, 0x11, 0x08, 0x09, 0x18, 0x2b, 0x37, 0x35, 0x23, 0x11, 0x33, 0x35, 0x21, 0x35, 0x33, 
	0x11, 0x25, 0x21, 0x11, 0x21, 0x7d, 0x7d, 0x7d, 0x01, 0xf4, 0xfa, 0xfd, 0x8f, 0x01, 0x77, 0xfe, 
	0x89, 0x7d, 0x7d, 0x01, 0x77, 0x7d, 0xfa, 0xfc, 0x95, 0x7d, 0x01, 0x77, 0x00, 0x04, 0x00, 0x00, 
	0x00, 0x7d, 0x03, 0x6b, 0x03, 0xe8, 0x00, 0x13, 0x00, 0x17, 0x00, 0x1b, 0x00, 0x1f, 0x00, 0x6d, 
	0x40, 0x6a, 0x00, 0x07, 0x0a, 0x05, 0x0a, 0x07, 0x05, 0x7e, 0x08, 0x01, 0x04, 0x00, 0x0e, 0x03, 
	0x04, 0x0e, 0x66, 0x10, 0x09, 0x02, 0x03, 0x02, 0x01, 0x00, 0x0f, 0x03, 0x00, 0x65, 0x00, 0x0a, 
	0x0a, 0x06, 0x5d, 0x0b, 0x01, 0x06, 0x06, 0x49, 0x4b, 0x00, 0x05, 0x05, 0x06, 0x5d, 0x0b, 0x01, 
	0x06, 0x06, 0x49, 0x4b, 0x00, 0x0c, 0x0c, 0x0d, 0x5d, 0x11, 0x01, 0x0d, 0x0d, 0x4c, 0x4b, 0x00, 
	0x0f, 0x0f, 0x01, 0x5e, 0x00, 0x01, 0x01, 0x4a, 0x01, 0x4c, 0x18, 0x18, 0x00, 0x00, 0x1f, 0x1e, 
	0x1d, 0x1c, 0x18, 0x1b, 0x18, 0x1b, 0x1a, 0x19, 0x17, 0x16, 0x15, 0x14, 0x00, 0x13, 0x00, 0x13, 
	0x11, 0x11, 0x11, 0x11, 0x11, 0x11, 0x11, 0x11, 0x11, 0x12, 0x09, 0x1d, 0x2b, 0x01, 0x15, 0x23, 
	0x15, 0x21, 0x35, 0x23, 0x35, 0x33, 0x35, 0x33, 0x35, 0x23, 0x35, 0x33, 0x15, 0x33, 0x15, 0x33, 
	0x15, 0x11, 0x23, 0x35, 0x33, 0x05, 0x15, 0x23, 0x35, 0x05, 0x21, 0x15, 0x21, 0x03, 0x6b, 0x7d, 
	0xfd, 0x8f, 0x7d, 0x7d, 0xfa, 0xfa, 0xfa, 0xfa, 0x7d, 0x7d, 0x7d, 0xfd, 0x8f, 0x7d, 0x02, 0x71, 
	0xfe, 0x89, 0x01, 0x77, 0x01, 0xf4, 0xfa, 0x7d, 0x7d, 0xfa, 0x7d, 0x7d, 0xfa, 0x7d, 0xfa, 0x7d, 
	0x01, 0x77, 0x7d, 0xfa, 0x7d, 0x7d, 0xfa, 0xfa, 0x00, 0x03, 0x00, 0x00, 0x00, 0x7d, 0x03, 0xe8, 
	0x03, 0xe8, 0x00, 0x09, 0x00, 0x0f, 0x00, 0x13, 0x00, 0x49, 0x40, 0x46, 0x00, 0x01, 0x00, 0x00, 
	0x08, 0x01, 0x00, 0x65, 0x00, 0x06, 0x06, 0x03, 0x5d, 0x05, 0x01, 0x03, 0x03, 0x49, 0x4b, 0x09, 
	0x0b, 0x02, 0x07, 0x07, 0x02, 0x5d, 0x00, 0x02, 0x02, 0x4c, 0x4b, 0x00, 0x08, 0x08, 0x04, 0x5e, 
	0x0a, 0x01, 0x04, 0x04, 0x4a, 0x04, 0x4c, 0x0a, 0x0a, 0x00, 0x00, 0x13, 0x12, 0x11, 0x10, 0x0a, 
	0x0f, 0x0a, 0x0f, 0x0e, 0x0d, 0x0c, 0x0b, 0x00, 0x09, 0x00, 0x09, 0x11, 0x11, 0x11, 0x11, 0x0c, 
	0x09, 0x18, 0x2b, 0x37, 0x35, 0x23, 0x11, 0x33, 0x35, 0x33, 0x35, 0x33, 0x11, 0x13, 0x11, 0x33, 
	0x15, 0x23, 0x15, 0x01, 0x33, 0x11, 0x23, 0x7d, 0x7d, 0x7d, 0xfa, 0xfa, 0x7d, 0xfa, 0x7d, 0xfd, 
	0x8f, 0x7d, 0x7d, 0x7d, 0x7d, 0x01, 0x77, 0x7d, 0xfa, 0xfc, 0x95, 0x01, 0xf4, 0x01, 0x77, 0xfa, 
	0x7d, 0xfe, 0x89, 0x01, 0x77, 0x00, 0x00, 0x00, 0x00, 0x02, 0x00, 0x00, 0x00, 0x7d, 0x03, 0x6b, 
	0x03, 0xe8, 0x00, 0x0f, 0x00, 0x13, 0x00, 0x43, 0x40, 0x40, 0x05, 0x01, 0x03, 0x00, 0x06, 0x02, 
	0x03, 0x06, 0x65, 0x00, 0x01, 0x00, 0x00, 0x08, 0x01, 0x00, 0x65, 0x00, 0x04, 0x04, 0x49, 0x4b, 
	0x00, 0x09, 0x09, 0x02, 0x5d, 0x00, 0x02, 0x02, 0x4c, 0x4b, 0x00, 0x08, 0x08, 0x07, 0x5e, 0x0a, 
	0x01, 0x07, 0x07, 0x4a, 0x07, 0x4c, 0x00, 0x00, 0x13, 0x12, 0x11, 0x10, 0x00, 0x0f, 0x00, 0x0f, 
	0x11, 0x11, 0x11, 0x11, 0x11, 0x11, 0x11, 0x0b, 0x09, 0x1b, 0x2b, 0x37, 0x35, 0x23, 0x11, 0x33, 
	0x35, 0x33, 0x35, 0x33, 0x35, 0x33, 0x15, 0x33, 0x15, 0x23, 0x11, 0x25, 0x33, 0x11, 0x23, 0x7d, 
	0x7d, 0x7d, 0xfa, 0x7d, 0xfa, 0x7d, 0x7d, 0xfe, 0x0c, 0xfa, 0xfa, 0x7d, 0x7d, 0x01, 0x77, 0x7d, 
	0x7d, 0x7d, 0x7d, 0x7d, 0xfd, 0x8f, 0x7d, 0x01, 0x77, 0x00, 0x00, 0x00, 0x00, 0x02, 0x00, 0x00, 
	0x00, 0x7d, 0x03, 0x6b, 0x02, 0xee, 0x00, 0x0d, 0x00, 0x11, 0x00, 0x3d, 0x40, 0x3a, 0x00, 0x07, 
	0x00, 0x04, 0x00, 0x07, 0x04, 0x66, 0x03, 0x01, 0x01, 0x00, 0x00, 0x05, 0x01, 0x00, 0x65, 0x00, 
	0x08, 0x08, 0x02, 0x5d, 0x00, 0x02, 0x02, 0x4c, 0x4b, 0x00, 0x05, 0x05, 0x06, 0x5d, 0x09, 0x01, 
	0x06, 0x06, 0x4a, 0x06, 0x4c, 0x00, 0x00, 0x11, 0x10, 0x0f, 0x0e, 0x00, 0x0d, 0x00, 0x0d, 0x11, 
	0x11, 0x11, 0x11, 0x11, 0x11, 0x0a, 0x09, 0x1a, 0x2b, 0x37, 0x35, 0x23, 0x11, 0x33, 0x35, 0x21, 
	0x15, 0x33, 0x15, 0x21, 0x15, 0x21, 0x15, 0x01, 0x21, 0x35, 0x21, 0x7d, 0x7d, 0x7d, 0x02, 0x71, 
	0x7d, 0xfd, 0x8f, 0x01, 0xf4, 0xfe, 0x0c, 0x01, 0x77, 0xfe, 0x89, 0x7d, 0x7d, 0x01, 0x77, 0x7d, 
	0x7d, 0xfa, 0x7d, 0x7d, 0x01, 0x77, 0x7d, 0x00, 0x00, 0x03, 0x00, 0x00, 0x00, 0x7d, 0x03, 0x6b, 
	0x03, 0xe8, 0x00, 0x03, 0x00, 0x15, 0x00, 0x19, 0x00, 0x99, 0x4b, 0xb0, 0x0a, 0x50, 0x58, 0x40, 
	0x39, 0x00, 0x08, 0x00, 0x07, 0x07, 0x08, 0x70, 0x00, 0x0c, 0x00, 0x02, 0x05, 0x0c, 0x02, 0x66, 
	0x0d, 0x0a, 0x02, 0x06, 0x00, 0x05, 0x03, 0x06, 0x05, 0x65, 0x00, 0x00, 0x00, 0x01, 0x5d, 0x00, 
	0x01, 0x01, 0x49, 0x4b, 0x00, 0x0b, 0x0b, 0x07, 0x5d, 0x09, 0x01, 0x07, 0x07, 0x4c, 0x4b, 0x00, 
	0x03, 0x03, 0x04, 0x5d, 0x00, 0x04, 0x04, 0x4a, 0x04, 0x4c, 0x1b, 0x40, 0x3a, 0x00, 0x08, 0x00, 
	0x07, 0x00, 0x08, 0x07, 0x7e, 0x00, 0x0c, 0x00, 0x02, 0x05, 0x0c, 0x02, 0x66, 0x0d, 0x0a, 0x02, 
	0x06, 0x00, 0x05, 0x03, 0x06, 0x05, 0x65, 0x00, 0x00, 0x00, 0x01, 0x5d, 0x00, 0x01, 0x01, 0x49, 
	0x4b, 0x00, 0x0b, 0x0b, 0x07, 0x5d, 0x09, 0x01, 0x07, 0x07, 0x4c, 0x4b, 0x00, 0x03, 0x03, 0x04, 
	0x5d, 0x00, 0x04, 0x04, 0x4a, 0x04, 0x4c, 0x59, 0x40, 0x18, 0x04, 0x04, 0x19, 0x18, 0x17, 0x16, 
	0x04, 0x15, 0x04, 0x15, 0x14, 0x13, 0x11, 0x11, 0x11, 0x11, 0x11, 0x11, 0x12, 0x11, 0x10, 0x0e, 
	0x09, 0x1d, 0x2b, 0x01, 0x23, 0x35, 0x33, 0x13, 0x15, 0x21, 0x15, 0x21, 0x15, 0x21, 0x35, 0x23, 
	0x11, 0x33, 0x35, 0x33, 0x35, 0x33, 0x15, 0x33, 0x15, 0x23, 0x21, 0x15, 0x21, 0x02, 0x71, 0x7d, 
	0x7d, 0xfa, 0xfd, 0x8f, 0x01, 0xf4, 0xfd, 0x8f, 0x7d, 0x7d, 0xfa, 0x7d, 0xfa, 0x7d, 0xfe, 0x89, 
	0x01, 0x77, 0x03, 0x6b, 0x7d, 0xfe, 0x89, 0xfa, 0x7d, 0x7d, 0x7d, 0x01, 0x77, 0x7d, 0x7d, 0x7d, 
	0x7d, 0x7d, 0x00, 0x00, 0x00, 0x04, 0x00, 0x00, 0x00, 0x7d, 0x03, 0x6b, 0x03, 0xe8, 0x00, 0x03, 
	0x00, 0x07, 0x00, 0x19, 0x00, 0x1d, 0x00, 0x63, 0x40, 0x60, 0x00, 0x0a, 0x00, 0x0d, 0x08, 0x0a, 
	0x0d, 0x65, 0x00, 0x0e, 0x00, 0x04, 0x07, 0x0e, 0x04, 0x66, 0x10, 0x0c, 0x02, 0x08, 0x00, 0x07, 
	0x05, 0x08, 0x07, 0x65, 0x02, 0x01, 0x00, 0x00, 0x01, 0x5d, 0x03, 0x0f, 0x02, 0x01, 0x01, 0x49, 
	0x4b, 0x0b, 0x01, 0x09, 0x09, 0x4c, 0x4b, 0x00, 0x05, 0x05, 0x06, 0x5e, 0x00, 0x06, 0x06, 0x4a, 
	0x06, 0x4c, 0x08, 0x08, 0x00, 0x00, 0x1d, 0x1c, 0x1b, 0x1a, 0x08, 0x19, 0x08, 0x19, 0x18, 0x17, 
	0x16, 0x15, 0x14, 0x13, 0x12, 0x11, 0x10, 0x0f, 0x0e, 0x0d, 0x0c, 0x0b, 0x0a, 0x09, 0x07, 0x06, 
	0x05, 0x04, 0x00, 0x03, 0x00, 0x03, 0x11, 0x11, 0x09, 0x15, 0x2b, 0x13, 0x15, 0x23, 0x35, 0x05, 
	0x23, 0x35, 0x33, 0x13, 0x15, 0x21, 0x15, 0x21, 0x15, 0x21, 0x35, 0x23, 0x11, 0x33, 0x35, 0x33, 
	0x35, 0x21, 0x15, 0x33, 0x15, 0x23, 0x21, 0x15, 0x21, 0xfa, 0x7d, 0x02, 0x71, 0x7d, 0x7d, 0x7d, 
	0xfd, 0x8f, 0x01, 0xf4, 0xfd, 0x8f, 0x7d, 0x7d, 0x7d, 0x01, 0x77, 0x7d, 0x7d, 0xfe, 0x89, 0x01, 
	0x77, 0x03, 0xe8, 0x7d, 0x7d, 0x7d, 0x7d, 0xfe, 0x89, 0xfa, 0x7d, 0x7d, 0x7d, 0x01, 0x77, 0x7d, 
	0x7d, 0x7d, 0x7d, 0x7d, 0x00, 0x02, 0x00, 0x00, 0x00, 0x7d, 0x03, 0x6b, 0x03, 0xe8, 0x00, 0x19, 
	0x00, 0x1d, 0x00, 0x56, 0x40, 0x53, 0x00, 0x05, 0x00, 0x0e, 0x01, 0x05, 0x0e, 0x65, 0x00, 0x0d, 
	0x00, 0x0a, 0x00, 0x0d, 0x0a, 0x66, 0x09, 0x01, 0x01, 0x00, 0x00, 0x0b, 0x01, 0x00, 0x65, 0x07, 
	0x01, 0x03, 0x03, 0x04, 0x5d, 0x06, 0x01, 0x04, 0x04, 0x49, 0x4b, 0x08, 0x01, 0x02, 0x02, 0x4c, 
	0x4b, 0x00, 0x0b, 0x0b, 0x0c, 0x5e, 0x0f, 0x01, 0x0c, 0x0c, 0x4a, 0x0c, 0x4c, 0x00, 0x00, 0x1d, 
	0x1c, 0x1b, 0x1a, 0x00, 0x19, 0x00, 0x19, 0x18, 0x17, 0x16, 0x15, 0x14, 0x13, 0x11, 0x11, 0x11, 
	0x11, 0x11, 0x11, 0x11, 0x11, 0x11, 0x10, 0x09, 0x1d, 0x2b, 0x37, 0x35, 0x23, 0x11, 0x33, 0x35, 
	0x33, 0x35, 0x23, 0x35, 0x33, 0x15, 0x33, 0x35, 0x33, 0x15, 0x23, 0x15, 0x33, 0x15, 0x33, 0x15, 
	0x21, 0x15, 0x21, 0x15, 0x01, 0x21, 0x35, 0x21, 0x7d, 0x7d, 0x7d, 0x7d, 0x7d, 0xfa, 0x7d, 0xfa, 
	0x7d, 0x7d, 0x7d, 0xfd, 0x8f, 0x01, 0xf4, 0xfe, 0x0c, 0x01, 0x77, 0xfe, 0x89, 0x7d, 0x7d, 0x01, 
	0x77, 0x7d, 0x7d, 0x7d, 0x7d, 0x7d, 0x7d, 0x7d, 0x7d, 0xfa, 0x7d, 0x7d, 0x01, 0x77, 0x7d, 0x00, 
	0x00, 0x03, 0x00, 0x00, 0x00, 0x7d, 0x03, 0x6b, 0x03, 0xe8, 0x00, 0x11, 0x00, 0x15, 0x00, 0x19, 
	0x00, 0x56, 0x40, 0x53, 0x04, 0x01, 0x02, 0x0a, 0x09, 0x0a, 0x02, 0x09, 0x7e, 0x00, 0x0b, 0x00, 
	0x06, 0x00, 0x0b, 0x06, 0x66, 0x05, 0x01, 0x01, 0x00, 0x00, 0x07, 0x01, 0x00, 0x65, 0x00, 0x0a, 
	0x0a, 0x03, 0x5d, 0x00, 0x03, 0x03, 0x49, 0x4b, 0x00, 0x0c, 0x0c, 0x09, 0x5d, 0x00, 0x09, 0x09, 
	0x4c, 0x4b, 0x00, 0x07, 0x07, 0x08, 0x5e, 0x0d, 0x01, 0x08, 0x08, 0x4a, 0x08, 0x4c, 0x00, 0x00, 
	0x19, 0x18, 0x17, 0x16, 0x15, 0x14, 0x13, 0x12, 0x00, 0x11, 0x00, 0x11, 0x11, 0x11, 0x11, 0x11, 
	0x11, 0x11, 0x11, 0x11, 0x0e, 0x09, 0x1c, 0x2b, 0x37, 0x35, 0x23, 0x11, 0x33, 0x35, 0x33, 0x35, 
	0x21, 0x15, 0x33, 0x15, 0x33, 0x15, 0x21, 0x15, 0x21, 0x15, 0x01, 0x33, 0x35, 0x23, 0x03, 0x21, 
	0x35, 0x21, 0x7d, 0x7d, 0x7d, 0x7d, 0x01, 0x77, 0x7d, 0x7d, 0xfd, 0x8f, 0x01, 0xf4, 0xfe, 0x89, 
	0x7d, 0x7d, 0x7d, 0x01, 0x77, 0xfe, 0x89, 0x7d, 0x7d, 0x01, 0x77, 0xfa, 0x7d, 0x7d, 0xfa, 0xfa, 
	0x7d, 0x7d, 0x02, 0x71, 0x7d, 0xfe, 0x89, 0x7d, 0x00, 0x04, 0x00, 0x00, 0x00, 0x7d, 0x03, 0x6b, 
	0x03, 0xe8, 0x00, 0x03, 0x00, 0x07, 0x00, 0x15, 0x00, 0x19, 0x00, 0x60, 0x40, 0x5d, 0x00, 0x0b, 
	0x00, 0x08, 0x04, 0x0b, 0x08, 0x66, 0x07, 0x01, 0x05, 0x00, 0x04, 0x09, 0x05, 0x04, 0x65, 0x0e, 
	0x03, 0x0d, 0x03, 0x01, 0x01, 0x00, 0x5d, 0x02, 0x01, 0x00, 0x00, 0x49, 0x4b, 0x00, 0x0c, 0x0c, 
	0x06, 0x5d, 0x00, 0x06, 0x06, 0x4c, 0x4b, 0x00, 0x09, 0x09, 0x0a, 0x5d, 0x0f, 0x01, 0x0a, 0x0a, 
	0x4a, 0x0a, 0x4c, 0x08, 0x08, 0x04, 0x04, 0x00, 0x00, 0x19, 0x18, 0x17, 0x16, 0x08, 0x15, 0x08, 
	0x15, 0x14, 0x13, 0x12, 0x11, 0x10, 0x0f, 0x0e, 0x0d, 0x0c, 0x0b, 0x0a, 0x09, 0x04, 0x07, 0x04, 
	0x07, 0x06, 0x05, 0x00, 0x03, 0x00, 0x03, 0x11, 0x10, 0x09, 0x15, 0x2b, 0x13, 0x35, 0x33, 0x15, 
	0x33, 0x35, 0x33, 0x15, 0x01, 0x35, 0x23, 0x11, 0x33, 0x35, 0x21, 0x15, 0x33, 0x15, 0x21, 0x15, 
	0x21, 0x15, 0x01, 0x21, 0x35, 0x21, 0x7d, 0xfa, 0x7d, 0xfa, 0xfd, 0x8f, 0x7d, 0x7d, 0x02, 0x71, 
	0x7d, 0xfd, 0x8f, 0x01, 0xf4, 0xfe, 0x0c, 0x01, 0x77, 0xfe, 0x89, 0x03, 0x6b, 0x7d, 0x7d, 0x7d, 
	0x7d, 0xfd, 0x12, 0x7d, 0x01, 0x77, 0x7d, 0x7d, 0xfa, 0x7d, 0x7d, 0x01, 0x77, 0x7d, 0x00, 0x00, 
	0x00, 0x03, 0x00, 0x00, 0x00, 0x7d, 0x03, 0x6b, 0x03, 0xe8, 0x00, 0x03, 0x00, 0x11, 0x00, 0x15, 
	0x00, 0x55, 0x40, 0x52, 0x00, 0x09, 0x00, 0x06, 0x02, 0x09, 0x06, 0x66, 0x05, 0x01, 0x03, 0x00, 
	0x02, 0x07, 0x03, 0x02, 0x65, 0x0b, 0x01, 0x01, 0x01, 0x00, 0x5d, 0x00, 0x00, 0x00, 0x49, 0x4b, 
	0x00, 0x0a, 0x0a, 0x04, 0x5d, 0x00, 0x04, 0x04, 0x4c, 0x4b, 0x00, 0x07, 0x07, 0x08, 0x5d, 0x0c, 
	0x01, 0x08, 0x08, 0x4a, 0x08, 0x4c, 0x04, 0x04, 0x00, 0x00, 0x15, 0x14, 0x13, 0x12, 0x04, 0x11, 
	0x04, 0x11, 0x10, 0x0f, 0x0e, 0x0d, 0x0c, 0x0b, 0x0a, 0x09, 0x08, 0x07, 0x06, 0x05, 0x00, 0x03, 
	0x00, 0x03, 0x11, 0x0d, 0x09, 0x15, 0x2b, 0x01, 0x35, 0x33, 0x15, 0x01, 0x35, 0x23, 0x11, 0x33, 
	0x35, 0x21, 0x15, 0x33, 0x15, 0x21, 0x15, 0x21, 0x15, 0x01, 0x21, 0x35, 0x21, 0x01, 0x77, 0xfa, 
	0xfe, 0x0c, 0x7d, 0x7d, 0x02, 0x71, 0x7d, 0xfd, 0x8f, 0x01, 0xf4, 0xfe, 0x0c, 0x01, 0x77, 0xfe, 
	0x89, 0x03, 0x6b, 0x7d, 0x7d, 0xfd, 0x12, 0x7d, 0x01, 0x77, 0x7d, 0x7d, 0xfa, 0x7d, 0x7d, 0x01, 
	0x77, 0x7d, 0x00, 0x00, 0x00, 0x03, 0x00, 0x00, 0x00, 0x7d, 0x03, 0x6b, 0x03, 0xe8, 0x00, 0x03, 
	0x00, 0x15, 0x00, 0x19, 0x00, 0xa7, 0x4b, 0xb0, 0x0a, 0x50, 0x58, 0x40, 0x3a, 0x00, 0x08, 0x00, 
	0x07, 0x07, 0x08, 0x70, 0x00, 0x0c, 0x00, 0x02, 0x05, 0x0c, 0x02, 0x66, 0x0e, 0x0a, 0x02, 0x06, 
	0x00, 0x05, 0x03, 0x06, 0x05, 0x65, 0x00, 0x00, 0x00, 0x01, 0x5d, 0x0d, 0x01, 0x01, 0x01, 0x49, 
	0x4b, 0x00, 0x0b, 0x0b, 0x07, 0x5d, 0x09, 0x01, 0x07, 0x07, 0x4c, 0x4b, 0x00, 0x03, 0x03, 0x04, 
	0x5d, 0x00, 0x04, 0x04, 0x4a, 0x04, 0x4c, 0x1b, 0x40, 0x3b, 0x00, 0x08, 0x00, 0x07, 0x00, 0x08, 
	0x07, 0x7e, 0x00, 0x0c, 0x00, 0x02, 0x05, 0x0c, 0x02, 0x66, 0x0e, 0x0a, 0x02, 0x06, 0x00, 0x05, 
	0x03, 0x06, 0x05, 0x65, 0x00, 0x00, 0x00, 0x01, 0x5d, 0x0d, 0x01, 0x01, 0x01, 0x49, 0x4b, 0x00, 
	0x0b, 0x0b, 0x07, 0x5d, 0x09, 0x01, 0x07, 0x07, 0x4c, 0x4b, 0x00, 0x03, 0x03, 0x04, 0x5d, 0x00, 
	0x04, 0x04, 0x4a, 0x04, 0x4c, 0x59, 0x40, 0x24, 0x04, 0x04, 0x00, 0x00, 0x19, 0x18, 0x17, 0x16, 
	0x04, 0x15, 0x04, 0x15, 0x14, 0x13, 0x12, 0x11, 0x10, 0x0f, 0x0e, 0x0d, 0x0c, 0x0b, 0x0a, 0x09, 
	0x08, 0x07, 0x06, 0x05, 0x00, 0x03, 0x00, 0x03, 0x11, 0x0f, 0x09, 0x15, 0x2b, 0x01, 0x15, 0x23, 
	0x35, 0x01, 0x15, 0x21, 0x15, 0x21, 0x15, 0x21, 0x35, 0x23, 0x11, 0x33, 0x35, 0x33, 0x35, 0x33, 
	0x15, 0x33, 0x15, 0x23, 0x21, 0x15, 0x21, 0x01, 0x77, 0x7d, 0x02, 0x71, 0xfd, 0x8f, 0x01, 0xf4, 
	0xfd, 0x8f, 0x7d, 0x7d, 0xfa, 0x7d, 0xfa, 0x7d, 0xfe, 0x89, 0x01, 0x77, 0x03, 0xe8, 0x7d, 0x7d, 
	0xfe, 0x89, 0xfa, 0x7d, 0x7d, 0x7d, 0x01, 0x77, 0x7d, 0x7d, 0x7d, 0x7d, 0x7d, 0x00, 0x00, 0x00, 
	0x00, 0x03, 0x00, 0x00, 0x00, 0x7d, 0x03, 0x6b, 0x03, 0xe8, 0x00, 0x03, 0x00, 0x11, 0x00, 0x15, 
	0x00, 0x55, 0x40, 0x52, 0x00, 0x09, 0x00, 0x06, 0x02, 0x09, 0x06, 0x66, 0x05, 0x01, 0x03, 0x00, 
	0x02, 0x07, 0x03, 0x02, 0x65, 0x0b, 0x01, 0x01, 0x01, 0x00, 0x5d, 0x00, 0x00, 0x00, 0x49, 0x4b, 
	0x00, 0x0a, 0x0a, 0x04, 0x5d, 0x00, 0x04, 0x04, 0x4c, 0x4b, 0x00, 0x07, 0x07, 0x08, 0x5d, 0x0c, 
	0x01, 0x08, 0x08, 0x4a, 0x08, 0x4c, 0x04, 0x04, 0x00, 0x00, 0x15, 0x14, 0x13, 0x12, 0x04, 0x11, 
	0x04, 0x11, 0x10, 0x0f, 0x0e, 0x0d, 0x0c, 0x0b, 0x0a, 0x09, 0x08, 0x07, 0x06, 0x05, 0x00, 0x03, 
	0x00, 0x03, 0x11, 0x0d, 0x09, 0x15, 0x2b, 0x13, 0x35, 0x21, 0x15, 0x01, 0x35, 0x23, 0x11, 0x33, 
	0x35, 0x21, 0x15, 0x33, 0x15, 0x21, 0x15, 0x21, 0x15, 0x01, 0x21, 0x35, 0x21, 0x7d, 0x02, 0x71, 
	0xfd, 0x8f, 0x7d, 0x7d, 0x02, 0x71, 0x7d, 0xfd, 0x8f, 0x01, 0xf4, 0xfe, 0x0c, 0x01, 0x77, 0xfe, 
	0x89, 0x03, 0x6b, 0x7d, 0x7d, 0xfd, 0x12, 0x7d, 0x01, 0x77, 0x7d, 0x7d, 0xfa, 0x7d, 0x7d, 0x01, 
	0x77, 0x7d, 0x00, 0x00, 0x00, 0x04, 0x00, 0x00, 0x00, 0x00, 0x03, 0x6b, 0x03, 0xe8, 0x00, 0x11, 
	0x00, 0x15, 0x00, 0x19, 0x00, 0x1d, 0x00, 0xb8, 0x4b, 0xb0, 0x0a, 0x50, 0x58, 0x40, 0x44, 0x00, 
	0x03, 0x02, 0x0b, 0x02, 0x03, 0x70, 0x0f, 0x08, 0x02, 0x06, 0x00, 0x05, 0x01, 0x06, 0x05, 0x65, 
	0x00, 0x01, 0x04, 0x01, 0x02, 0x03, 0x01, 0x02, 0x65, 0x00, 0x09, 0x09, 0x07, 0x5d, 0x00, 0x07, 
	0x07, 0x49, 0x4b, 0x00, 0x00, 0x00, 0x0a, 0x5d, 0x00, 0x0a, 0x0a, 0x4c, 0x4b, 0x00, 0x0b, 0x0b, 
	0x0c, 0x5d, 0x00, 0x0c, 0x0c, 0x4a, 0x4b, 0x00, 0x0d, 0x0d, 0x0e, 0x5d, 0x10, 0x01, 0x0e, 0x0e, 
	0x4e, 0x0e, 0x4c, 0x1b, 0x40, 0x45, 0x00, 0x03, 0x02, 0x0b, 0x02, 0x03, 0x0b, 0x7e, 0x0f, 0x08, 
	0x02, 0x06, 0x00, 0x05, 0x01, 0x06, 0x05, 0x65, 0x00, 0x01, 0x04, 0x01, 0x02, 0x03, 0x01, 0x02, 
	0x65, 0x00, 0x09, 0x09, 0x07, 0x5d, 0x00, 0x07, 0x07, 0x49, 0x4b, 0x00, 0x00, 0x00, 0x0a, 0x5d, 
	0x00, 0x0a, 0x0a, 0x4c, 0x4b, 0x00, 0x0b, 0x0b, 0x0c, 0x5d, 0x00, 0x0c, 0x0c, 0x4a, 0x4b, 0x00, 
	0x0d, 0x0d, 0x0e, 0x5d, 0x10, 0x01, 0x0e, 0x0e, 0x4e, 0x0e, 0x4c, 0x59, 0x40, 0x21, 0x1a, 0x1a, 
	0x00, 0x00, 0x1a, 0x1d, 0x1a, 0x1d, 0x1c, 0x1b, 0x19, 0x18, 0x17, 0x16, 0x15, 0x14, 0x13, 0x12, 
	0x00, 0x11, 0x00, 0x11, 0x11, 0x11, 0x11, 0x11, 0x11, 0x11, 0x11, 0x11, 0x11, 0x09, 0x1c, 0x2b, 
	0x01, 0x15, 0x21, 0x15, 0x21, 0x15, 0x23, 0x15, 0x23, 0x35, 0x23, 0x35, 0x23, 0x11, 0x33, 0x35, 
	0x21, 0x15, 0x23, 0x21, 0x15, 0x21, 0x01, 0x33, 0x15, 0x23, 0x17, 0x35, 0x33, 0x15, 0x03, 0x6b, 
	0xfd, 0x8f, 0x01, 0xf4, 0xfa, 0x7d, 0xfa, 0x7d, 0x7d, 0x02, 0x71, 0x7d, 0xfe, 0x89, 0x01, 0x77, 
	0xfe, 0x89, 0x7d, 0x7d, 0x7d, 0xfa, 0x03, 0x6b, 0xfa, 0x7d, 0x7d, 0x7d, 0x7d, 0x7d, 0x01, 0x77, 
	0x7d, 0x7d, 0x7d, 0xfe, 0x0c, 0x7d, 0x7d, 0x7d, 0x7d, 0x00, 0x00, 0x00, 0x00, 0x01, 0x00, 0x7d, 
	0x00, 0x7d, 0x03, 0x6b, 0x03, 0xe8, 0x00, 0x0f, 0x00, 0x35, 0x40, 0x32, 0x00, 0x04, 0x04, 0x03, 
	0x5d, 0x00, 0x03, 0x03, 0x49, 0x4b, 0x06, 0x01, 0x00, 0x00, 0x01, 0x5d, 0x05, 0x01, 0x01, 0x01, 
	0x4c, 0x4b, 0x00, 0x02, 0x02, 0x07, 0x5d, 0x08, 0x01, 0x07, 0x07, 0x4a, 0x07, 0x4c, 0x00, 0x00, 
	0x00, 0x0f, 0x00, 0x0f, 0x11, 0x11, 0x11, 0x11, 0x11, 0x11, 0x11, 0x09, 0x09, 0x1b, 0x2b, 0x25, 
	0x11, 0x23, 0x35, 0x33, 0x35, 0x33, 0x35, 0x21, 0x15, 0x23, 0x15, 0x33, 0x15, 0x23, 0x11, 0x01, 
	0x77, 0xfa, 0xfa, 0x7d, 0x01, 0x77, 0xfa, 0xfa, 0xfa, 0x7d, 0x01, 0xf4, 0x7d, 0x7d, 0x7d, 0x7d, 
	0x7d, 0x7d, 0xfe, 0x0c, 0x00, 0x02, 0x00, 0x00, 0x00, 0x00, 0x03, 0x6b, 0x02, 0xee, 0x00, 0x0d, 
	0x00, 0x11, 0x00, 0x41, 0x40, 0x3e, 0x00, 0x03, 0x00, 0x02, 0x07, 0x03, 0x02, 0x65, 0x00, 0x07, 
	0x00, 0x01, 0x05, 0x07, 0x01, 0x65, 0x00, 0x08, 0x08, 0x04, 0x5d, 0x00, 0x04, 0x04, 0x4c, 0x4b, 
	0x00, 0x05, 0x05, 0x4a, 0x4b, 0x00, 0x00, 0x00, 0x06, 0x5d, 0x09, 0x01, 0x06, 0x06, 0x4e, 0x06, 
	0x4c, 0x00, 0x00, 0x11, 0x10, 0x0f, 0x0e, 0x00, 0x0d, 0x00, 0x0d, 0x11, 0x11, 0x11, 0x11, 0x11, 
	0x11, 0x0a, 0x09, 0x1a, 0x2b, 0x33, 0x35, 0x21, 0x35, 0x21, 0x35, 0x23, 0x35, 0x33, 0x35, 0x21, 
	0x11, 0x23, 0x15, 0x01, 0x21, 0x35, 0x21, 0x7d, 0x01, 0xf4, 0xfe, 0x0c, 0x7d, 0x7d, 0x02, 0xee, 
	0x7d, 0xfe, 0x0c, 0x01, 0x77, 0xfe, 0x89, 0x7d, 0x7d, 0x7d, 0xfa, 0x7d, 0xfd, 0x8f, 0x7d, 0x01, 
	0x77, 0xfa, 0x00, 0x00, 0x00, 0x04, 0x00, 0x00, 0x00, 0x00, 0x03, 0x6b, 0x03, 0xe8, 0x00, 0x03, 
	0x00, 0x07, 0x00, 0x19, 0x00, 0x1d, 0x00, 0x67, 0x40, 0x64, 0x00, 0x0b, 0x00, 0x0d, 0x09, 0x0b, 
	0x0d, 0x65, 0x00, 0x09, 0x00, 0x08, 0x0e, 0x09, 0x08, 0x65, 0x00, 0x0e, 0x00, 0x07, 0x04, 0x0e, 
	0x07, 0x66, 0x02, 0x01, 0x00, 0x00, 0x01, 0x5d, 0x03, 0x0f, 0x02, 0x01, 0x01, 0x49, 0x4b, 0x10, 
	0x0c, 0x02, 0x0a, 0x0a, 0x4c, 0x4b, 0x00, 0x04, 0x04, 0x4a, 0x4b, 0x00, 0x06, 0x06, 0x05, 0x5d, 
	0x00, 0x05, 0x05, 0x4e, 0x05, 0x4c, 0x08, 0x08, 0x00, 0x00, 0x1d, 0x1c, 0x1b, 0x1a, 0x08, 0x19, 
	0x08, 0x19, 0x18, 0x17, 0x16, 0x15, 0x14, 0x13, 0x12, 0x11, 0x10, 0x0f, 0x0e, 0x0d, 0x0c, 0x0b, 
	0x0a, 0x09, 0x07, 0x06, 0x05, 0x04, 0x00, 0x03, 0x00, 0x03, 0x11, 0x11, 0x09, 0x15, 0x2b, 0x13, 
	0x15, 0x23, 0x35, 0x05, 0x23, 0x35, 0x33, 0x17, 0x11, 0x23, 0x15, 0x21, 0x35, 0x21, 0x35, 0x21, 
	0x35, 0x23, 0x35, 0x33, 0x35, 0x33, 0x35, 0x21, 0x15, 0x15, 0x21, 0x15, 0x21, 0xfa, 0x7d, 0x02, 
	0x71, 0x7d, 0x7d, 0x7d, 0x7d, 0xfd, 0x8f, 0x01, 0xf4, 0xfe, 0x0c, 0x7d, 0x7d, 0x7d, 0x01, 0x77, 
	0xfe, 0x89, 0x01, 0x77, 0x03, 0xe8, 0x7d, 0x7d, 0x7d, 0x7d, 0xfa, 0xfd, 0x8f, 0x7d, 0x7d, 0x7d, 
	0x7d, 0xfa, 0x7d, 0x7d, 0x7d, 0x7d, 0xfa, 0x00, 0x00, 0x03, 0x00, 0x00, 0x00, 0x00, 0x03, 0x6b, 
	0x03, 0xe8, 0x00, 0x13, 0x00, 0x17, 0x00, 0x1b, 0x00, 0x5c, 0x40, 0x59, 0x06, 0x01, 0x04, 0x0b, 
	0x07, 0x0b, 0x04, 0x07, 0x7e, 0x00, 0x03, 0x00, 0x02, 0x0c, 0x03, 0x02, 0x65, 0x00, 0x0c, 0x00, 
	0x01, 0x08, 0x0c, 0x01, 0x66, 0x00, 0x0b, 0x0b, 0x05, 0x5d, 0x00, 0x05, 0x05, 0x49, 0x4b, 0x00, 
	0x0d, 0x0d, 0x07, 0x5d, 0x0a, 0x01, 0x07, 0x07, 0x4c, 0x4b, 0x00, 0x08, 0x08, 0x4a, 0x4b, 0x00, 
	0x00, 0x00, 0x09, 0x5d, 0x0e, 0x01, 0x09, 0x09, 0x4e, 0x09, 0x4c, 0x00, 0x00, 0x1b, 0x1a, 0x19, 
	0x18, 0x17, 0x16, 0x15, 0x14, 0x00, 0x13, 0x00, 0x13, 0x11, 0x11, 0x11, 0x11, 0x11, 0x11, 0x11, 
	0x11, 0x11, 0x0f, 0x09, 0x1d, 0x2b, 0x33, 0x35, 0x21, 0x35, 0x21, 0x35, 0x23, 0x35, 0x33, 0x35, 
	0x33, 0x35, 0x21, 0x15, 0x33, 0x15, 0x33, 0x11, 0x23, 0x15, 0x01, 0x33, 0x35, 0x23, 0x03, 0x21, 
	0x35, 0x21, 0x7d, 0x01, 0xf4, 0xfe, 0x0c, 0x7d, 0x7d, 0x7d, 0x01, 0x77, 0x7d, 0x7d, 0x7d, 0xfe, 
	0x89, 0x7d, 0x7d, 0x7d, 0x01, 0x77, 0xfe, 0x89, 0x7d, 0x7d, 0x7d, 0xfa, 0xfa, 0x7d, 0x7d, 0x7d, 
	0xfd, 0x8f, 0x7d, 0x02, 0xee, 0x7d, 0xfe, 0x0c, 0xfa, 0x00, 0x00, 0x00, 0x00, 0x02, 0x00, 0x00, 
	0x00, 0x00, 0x03, 0x6b, 0x03, 0xe8, 0x00, 0x15, 0x00, 0x19, 0x00, 0xa1, 0x4b, 0xb0, 0x0a, 0x50, 
	0x58, 0x40, 0x3d, 0x00, 0x05, 0x07, 0x04, 0x04, 0x05, 0x70, 0x00, 0x03, 0x00, 0x02, 0x0b, 0x03, 
	0x02, 0x65, 0x00, 0x0b, 0x00, 0x01, 0x09, 0x0b, 0x01, 0x66, 0x00, 0x07, 0x07, 0x06, 0x5d, 0x00, 
	0x06, 0x06, 0x49, 0x4b, 0x00, 0x0c, 0x0c, 0x04, 0x5d, 0x08, 0x01, 0x04, 0x04, 0x4c, 0x4b, 0x00, 
	0x09, 0x09, 0x4a, 0x4b, 0x00, 0x00, 0x00, 0x0a, 0x5d, 0x0d, 0x01, 0x0a, 0x0a, 0x4e, 0x0a, 0x4c, 
	0x1b, 0x40, 0x3e, 0x00, 0x05, 0x07, 0x04, 0x07, 0x05, 0x04, 0x7e, 0x00, 0x03, 0x00, 0x02, 0x0b, 
	0x03, 0x02, 0x65, 0x00, 0x0b, 0x00, 0x01, 0x09, 0x0b, 0x01, 0x66, 0x00, 0x07, 0x07, 0x06, 0x5d, 
	0x00, 0x06, 0x06, 0x49, 0x4b, 0x00, 0x0c, 0x0c, 0x04, 0x5d, 0x08, 0x01, 0x04, 0x04, 0x4c, 0x4b, 
	0x00, 0x09, 0x09, 0x4a, 0x4b, 0x00, 0x00, 0x00, 0x0a, 0x5d, 0x0d, 0x01, 0x0a, 0x0a, 0x4e, 0x0a, 
	0x4c, 0x59, 0x40, 0x18, 0x00, 0x00, 0x19, 0x18, 0x17, 0x16, 0x00, 0x15, 0x00, 0x15, 0x14, 0x13, 
	0x11, 0x11, 0x11, 0x11, 0x11, 0x11, 0x11, 0x11, 0x11, 0x0e, 0x09, 0x1d, 0x2b, 0x33, 0x35, 0x21, 
	0x35, 0x21, 0x35, 0x23, 0x35, 0x33, 0x35, 0x33, 0x35, 0x33, 0x35, 0x33, 0x15, 0x23, 0x15, 0x21, 
	0x11, 0x23, 0x15, 0x01, 0x21, 0x35, 0x21, 0x7d, 0x01, 0xf4, 0xfe, 0x0c, 0x7d, 0x7d, 0x7d, 0x7d, 
	0xfa, 0x7d, 0x01, 0x77, 0x7d, 0xfe, 0x0c, 0x01, 0x77, 0xfe, 0x89, 0x7d, 0x7d, 0x7d, 0xfa, 0x7d, 
	0x7d, 0x7d, 0x7d, 0x7d, 0xfd, 0x8f, 0x7d, 0x01, 0x77, 0xfa, 0x00, 0x00, 0x00, 0x03, 0x00, 0x00, 
	0x00, 0x00, 0x03, 0x6b, 0x03, 0xe8, 0x00, 0x03, 0x00, 0x11, 0x00, 0x15, 0x00, 0x59, 0x40, 0x56, 
	0x00, 0x05, 0x00, 0x04, 0x09, 0x05, 0x04, 0x65, 0x00, 0x09, 0x00, 0x03, 0x07, 0x09, 0x03, 0x65, 
	0x0b, 0x01, 0x01, 0x01, 0x00, 0x5d, 0x00, 0x00, 0x00, 0x49, 0x4b, 0x00, 0x0a, 0x0a, 0x06, 0x5d, 
	0x00, 0x06, 0x06, 0x4c, 0x4b, 0x00, 0x07, 0x07, 0x4a, 0x4b, 0x00, 0x02, 0x02, 0x08, 0x5d, 0x0c, 
	0x01, 0x08, 0x08, 0x4e, 0x08, 0x4c, 0x04, 0x04, 0x00, 0x00, 0x15, 0x14, 0x13, 0x12, 0x04, 0x11, 
	0x04, 0x11, 0x10, 0x0f, 0x0e, 0x0d, 0x0c, 0x0b, 0x0a, 0x09, 0x08, 0x07, 0x06, 0x05, 0x00, 0x03, 
	0x00, 0x03, 0x11, 0x0d, 0x09, 0x15, 0x2b, 0x01, 0x35, 0x33, 0x15, 0x01, 0x35, 0x21, 0x35, 0x21, 
	0x35, 0x23, 0x35, 0x33, 0x35, 0x21, 0x11, 0x23, 0x15, 0x01, 0x21, 0x35, 0x21, 0x01, 0x77, 0xfa, 
	0xfe, 0x0c, 0x01, 0xf4, 0xfe, 0x0c, 0x7d, 0x7d, 0x02, 0xee, 0x7d, 0xfe, 0x0c, 0x01, 0x77, 0xfe, 
	0x89, 0x03, 0x6b, 0x7d, 0x7d, 0xfc, 0x95, 0x7d, 0x7d, 0x7d, 0xfa, 0x7d, 0xfd, 0x8f, 0x7d, 0x01, 
	0x77, 0xfa, 0x00, 0x00, 0x00, 0x01, 0x00, 0x00, 0x00, 0x7d, 0x03, 0x6b, 0x03, 0xe8, 0x00, 0x0b, 
	0x00, 0x2d, 0x40, 0x2a, 0x00, 0x00, 0x00, 0x49, 0x4b, 0x00, 0x04, 0x04, 0x01, 0x5d, 0x00, 0x01, 
	0x01, 0x4c, 0x4b, 0x00, 0x02, 0x02, 0x03, 0x5d, 0x06, 0x05, 0x02, 0x03, 0x03, 0x4a, 0x03, 0x4c, 
	0x00, 0x00, 0x00, 0x0b, 0x00, 0x0b, 0x11, 0x11, 0x11, 0x11, 0x11, 0x07, 0x09, 0x19, 0x2b, 0x35, 
	0x11, 0x33, 0x15, 0x21, 0x15, 0x33, 0x11, 0x23, 0x11, 0x21, 0x11, 0xfa, 0x01, 0xf4, 0x7d, 0xfa, 
	0xfe, 0x89, 0x7d, 0x03, 0x6b, 0xfa, 0x7d, 0xfe, 0x0c, 0x01, 0xf4, 0xfe, 0x0c, 0x00, 0x00, 0x00, 
	0x00, 0x01, 0x00, 0x00, 0x00, 0x7d, 0x03, 0x6b, 0x03, 0xe8, 0x00, 0x13, 0x00, 0x39, 0x40, 0x36, 
	0x03, 0x01, 0x01, 0x04, 0x01, 0x00, 0x05, 0x01, 0x00, 0x65, 0x00, 0x05, 0x00, 0x08, 0x06, 0x05, 
	0x08, 0x65, 0x00, 0x02, 0x02, 0x49, 0x4b, 0x00, 0x06, 0x06, 0x07, 0x5d, 0x0a, 0x09, 0x02, 0x07, 
	0x07, 0x4a, 0x07, 0x4c, 0x00, 0x00, 0x00, 0x13, 0x00, 0x13, 0x11, 0x11, 0x11, 0x11, 0x11, 0x11, 
	0x11, 0x11, 0x11, 0x0b, 0x09, 0x1d, 0x2b, 0x37, 0x11, 0x23, 0x35, 0x33, 0x35, 0x33, 0x15, 0x33, 
	0x15, 0x23, 0x15, 0x21, 0x15, 0x33, 0x11, 0x23, 0x11, 0x23, 0x11, 0x7d, 0x7d, 0x7d, 0xfa, 0xfa, 
	0xfa, 0x01, 0x77, 0x7d, 0xfa, 0xfa, 0x7d, 0x02, 0x71, 0x7d, 0x7d, 0x7d, 0x7d, 0x7d, 0x7d, 0xfe, 
	0x89, 0x01, 0x77, 0xfe, 0x89, 0x00, 0x00, 0x00, 0x00, 0x01, 0x00, 0x00, 0x00, 0x7d, 0x03, 0x6b, 
	0x03, 0xe8, 0x00, 0x15, 0x00, 0x40, 0x40, 0x3d, 0x02, 0x01, 0x00, 0x05, 0x01, 0x03, 0x06, 0x00, 
	0x03, 0x65, 0x00, 0x06, 0x00, 0x09, 0x07, 0x06, 0x09, 0x65, 0x00, 0x04, 0x04, 0x01, 0x5d, 0x00, 
	0x01, 0x01, 0x49, 0x4b, 0x00, 0x07, 0x07, 0x08, 0x5d, 0x0b, 0x0a, 0x02, 0x08, 0x08, 0x4a, 0x08, 
	0x4c, 0x00, 0x00, 0x00, 0x15, 0x00, 0x15, 0x14, 0x13, 0x11, 0x11, 0x11, 0x11, 0x11, 0x11, 0x11, 
	0x11, 0x11, 0x0c, 0x09, 0x1d, 0x2b, 0x35, 0x11, 0x33, 0x35, 0x21, 0x15, 0x33, 0x15, 0x23, 0x35, 
	0x23, 0x15, 0x23, 0x15, 0x21, 0x15, 0x33, 0x11, 0x23, 0x11, 0x21, 0x11, 0xfa, 0x01, 0x77, 0x7d, 
	0xfa, 0x7d, 0x7d, 0x01, 0xf4, 0x7d, 0xfa, 0xfe, 0x89, 0x7d, 0x02, 0xee, 0x7d, 0x7d, 0x7d, 0x7d, 
	0x7d, 0x7d, 0x7d, 0xfe, 0x89, 0x01, 0x77, 0xfe, 0x89, 0x00, 0x00, 0x00, 0x00, 0x02, 0x00, 0x7d, 
	0x00, 0x7d, 0x03, 0x6b, 0x03, 0xe8, 0x00, 0x03, 0x00, 0x0d, 0x00, 0x3d, 0x40, 0x3a, 0x07, 0x01, 
	0x01, 0x01, 0x00, 0x5d, 0x00, 0x00, 0x00, 0x49, 0x4b, 0x00, 0x03, 0x03, 0x04, 0x5d, 0x00, 0x04, 
	0x04, 0x4c, 0x4b, 0x05, 0x01, 0x02, 0x02, 0x06, 0x5d, 0x08, 0x01, 0x06, 0x06, 0x4a, 0x06, 0x4c, 
	0x04, 0x04, 0x00, 0x00, 0x04, 0x0d, 0x04, 0x0d, 0x0c, 0x0b, 0x0a, 0x09, 0x08, 0x07, 0x06, 0x05, 
	0x00, 0x03, 0x00, 0x03, 0x11, 0x09, 0x09, 0x15, 0x2b, 0x01, 0x35, 0x33, 0x15, 0x01, 0x35, 0x33, 
	0x11, 0x23, 0x35, 0x21, 0x11, 0x33, 0x15, 0x01, 0x77, 0xfa, 0xfe, 0x0c, 0xfa, 0x7d, 0x01, 0x77, 
	0xfa, 0x03, 0x6b, 0x7d, 0x7d, 0xfd, 0x12, 0x7d, 0x01, 0x77, 0x7d, 0xfe, 0x0c, 0x7d, 0x00, 0x00, 
	0x00, 0x01, 0x00, 0x7d, 0x00, 0x7d, 0x03, 0x6b, 0x02, 0xee, 0x00, 0x09, 0x00, 0x27, 0x40, 0x24, 
	0x00, 0x01, 0x01, 0x02, 0x5d, 0x00, 0x02, 0x02, 0x4c, 0x4b, 0x03, 0x01, 0x00, 0x00, 0x04, 0x5d, 
	0x05, 0x01, 0x04, 0x04, 0x4a, 0x04, 0x4c, 0x00, 0x00, 0x00, 0x09, 0x00, 0x09, 0x11, 0x11, 0x11, 
	0x11, 0x06, 0x09, 0x18, 0x2b, 0x37, 0x35, 0x33, 0x11, 0x23, 0x35, 0x21, 0x11, 0x33, 0x15, 0x7d, 
	0xfa, 0x7d, 0x01, 0x77, 0xfa, 0x7d, 0x7d, 0x01, 0x77, 0x7d, 0xfe, 0x0c, 0x7d, 0x00, 0x00, 0x00, 
	0x00, 0x03, 0x00, 0x7d, 0x00, 0x7d, 0x03, 0x6b, 0x03, 0xe8, 0x00, 0x03, 0x00, 0x07, 0x00, 0x11, 
	0x00, 0x3b, 0x40, 0x38, 0x00, 0x03, 0x00, 0x02, 0x07, 0x03, 0x02, 0x65, 0x00, 0x07, 0x00, 0x06, 
	0x05, 0x07, 0x06, 0x65, 0x00, 0x00, 0x00, 0x01, 0x5d, 0x00, 0x01, 0x01, 0x49, 0x4b, 0x09, 0x08, 
	0x02, 0x05, 0x05, 0x04, 0x5d, 0x00, 0x04, 0x04, 0x4a, 0x04, 0x4c, 0x08, 0x08, 0x08, 0x11, 0x08, 
	0x11, 0x11, 0x11, 0x11, 0x12, 0x11, 0x11, 0x11, 0x10, 0x0a, 0x09, 0x1c, 0x2b, 0x01, 0x23, 0x35, 
	0x33, 0x07, 0x23, 0x35, 0x33, 0x01, 0x15, 0x21, 0x35, 0x33, 0x35, 0x23, 0x35, 0x21, 0x11, 0x02, 
	0x71, 0x7d, 0x7d, 0x7d, 0x7d, 0x7d, 0x01, 0x77, 0xfd, 0x12, 0xfa, 0x7d, 0x01, 0x77, 0x03, 0x6b, 
	0x7d, 0xfa, 0x7d, 0xfd, 0x8f, 0x7d, 0x7d, 0xfa, 0x7d, 0xfe, 0x89, 0x00, 0x00, 0x04, 0x00, 0x7d, 
	0x00, 0x7d, 0x03, 0x6b, 0x03, 0xe8, 0x00, 0x03, 0x00, 0x07, 0x00, 0x0b, 0x00, 0x15, 0x00, 0x49, 
	0x40, 0x46, 0x00, 0x04, 0x0b, 0x01, 0x05, 0x09, 0x04, 0x05, 0x65, 0x00, 0x09, 0x00, 0x08, 0x07, 
	0x09, 0x08, 0x65, 0x02, 0x01, 0x00, 0x00, 0x01, 0x5d, 0x03, 0x01, 0x01, 0x01, 0x49, 0x4b, 0x0c, 
	0x0a, 0x02, 0x07, 0x07, 0x06, 0x5d, 0x00, 0x06, 0x06, 0x4a, 0x06, 0x4c, 0x0c, 0x0c, 0x08, 0x08, 
	0x0c, 0x15, 0x0c, 0x15, 0x14, 0x13, 0x12, 0x11, 0x10, 0x0f, 0x0e, 0x0d, 0x08, 0x0b, 0x08, 0x0b, 
	0x12, 0x11, 0x11, 0x11, 0x10, 0x0d, 0x09, 0x19, 0x2b, 0x13, 0x23, 0x35, 0x33, 0x05, 0x23, 0x35, 
	0x33, 0x05, 0x35, 0x21, 0x15, 0x13, 0x15, 0x21, 0x35, 0x33, 0x35, 0x23, 0x35, 0x21, 0x11, 0xfa, 
	0x7d, 0x7d, 0x01, 0xf4, 0x7d, 0x7d, 0xfe, 0x0c, 0x01, 0x77, 0xfa, 0xfd, 0x12, 0xfa, 0x7d, 0x01, 
	0x77, 0x03, 0x6b, 0x7d, 0x7d, 0x7d, 0xfa, 0x7d, 0x7d, 0xfe, 0x0c, 0x7d, 0x7d, 0xfa, 0x7d, 0xfe, 
	0x89, 0x00, 0x00, 0x00, 0x00, 0x02, 0x00, 0x7d, 0x00, 0x7d, 0x03, 0x6b, 0x03, 0xe8, 0x00, 0x0b, 
	0x00, 0x15, 0x00, 0x49, 0x40, 0x46, 0x02, 0x01, 0x00, 0x0b, 0x05, 0x02, 0x03, 0x08, 0x00, 0x03, 
	0x65, 0x00, 0x08, 0x00, 0x07, 0x06, 0x08, 0x07, 0x65, 0x00, 0x04, 0x04, 0x01, 0x5d, 0x00, 0x01, 
	0x01, 0x49, 0x4b, 0x09, 0x01, 0x06, 0x06, 0x0a, 0x5d, 0x0c, 0x01, 0x0a, 0x0a, 0x4a, 0x0a, 0x4c, 
	0x0c, 0x0c, 0x00, 0x00, 0x0c, 0x15, 0x0c, 0x15, 0x14, 0x13, 0x12, 0x11, 0x10, 0x0f, 0x0e, 0x0d, 
	0x00, 0x0b, 0x00, 0x0b, 0x11, 0x11, 0x11, 0x11, 0x11, 0x0d, 0x09, 0x19, 0x2b, 0x13, 0x35, 0x33, 
	0x35, 0x21, 0x15, 0x33, 0x15, 0x23, 0x35, 0x23, 0x15, 0x03, 0x35, 0x33, 0x35, 0x23, 0x35, 0x21, 
	0x11, 0x33, 0x15, 0x7d, 0x7d, 0x01, 0x77, 0x7d, 0xfa, 0x7d, 0xfa, 0xfa, 0x7d, 0x01, 0x77, 0xfa, 
	0x02, 0xee, 0x7d, 0x7d, 0x7d, 0x7d, 0x7d, 0x7d, 0xfd, 0x8f, 0x7d, 0xfa, 0x7d, 0xfe, 0x89, 0x7d, 
	0x00, 0x03, 0x00, 0x7d, 0x00, 0x7d, 0x03, 0x6b, 0x03, 0xe8, 0x00, 0x03, 0x00, 0x07, 0x00, 0x11, 
	0x00, 0x48, 0x40, 0x45, 0x0a, 0x03, 0x09, 0x03, 0x01, 0x01, 0x00, 0x5d, 0x02, 0x01, 0x00, 0x00, 
	0x49, 0x4b, 0x00, 0x05, 0x05, 0x06, 0x5d, 0x00, 0x06, 0x06, 0x4c, 0x4b, 0x07, 0x01, 0x04, 0x04, 
	0x08, 0x5d, 0x0b, 0x01, 0x08, 0x08, 0x4a, 0x08, 0x4c, 0x08, 0x08, 0x04, 0x04, 0x00, 0x00, 0x08, 
	0x11, 0x08, 0x11, 0x10, 0x0f, 0x0e, 0x0d, 0x0c, 0x0b, 0x0a, 0x09, 0x04, 0x07, 0x04, 0x07, 0x06, 
	0x05, 0x00, 0x03, 0x00, 0x03, 0x11, 0x0c, 0x09, 0x15, 0x2b, 0x13, 0x35, 0x33, 0x15, 0x33, 0x35, 
	0x33, 0x15, 0x01, 0x35, 0x33, 0x11, 0x23, 0x35, 0x21, 0x11, 0x33, 0x15, 0x7d, 0xfa, 0x7d, 0xfa, 
	0xfd, 0x8f, 0xfa, 0x7d, 0x01, 0x77, 0xfa, 0x03, 0x6b, 0x7d, 0x7d, 0x7d, 0x7d, 0xfd, 0x12, 0x7d, 
	0x01, 0x77, 0x7d, 0xfe, 0x0c, 0x7d, 0x00, 0x00, 0x00, 0x03, 0x00, 0x7d, 0x00, 0x7d, 0x03, 0x6b, 
	0x03, 0xe8, 0x00, 0x03, 0x00, 0x07, 0x00, 0x11, 0x00, 0x45, 0x40, 0x42, 0x00, 0x02, 0x09, 0x01, 
	0x03, 0x07, 0x02, 0x03, 0x65, 0x00, 0x07, 0x00, 0x06, 0x05, 0x07, 0x06, 0x65, 0x00, 0x00, 0x00, 
	0x01, 0x5d, 0x00, 0x01, 0x01, 0x49, 0x4b, 0x0a, 0x08, 0x02, 0x05, 0x05, 0x04, 0x5d, 0x00, 0x04, 
	0x04, 0x4a, 0x04, 0x4c, 0x08, 0x08, 0x04, 0x04, 0x08, 0x11, 0x08, 0x11, 0x10, 0x0f, 0x0e, 0x0d, 
	0x0c, 0x0b, 0x0a, 0x09, 0x04, 0x07, 0x04, 0x07, 0x12, 0x11, 0x10, 0x0b, 0x09, 0x17, 0x2b, 0x01, 
	0x23, 0x35, 0x33, 0x15, 0x35, 0x33, 0x15, 0x01, 0x15, 0x21, 0x35, 0x33, 0x35, 0x23, 0x35, 0x21, 
	0x11, 0x01, 0x77, 0x7d, 0x7d, 0x7d, 0x01, 0x77, 0xfd, 0x12, 0xfa, 0x7d, 0x01, 0x77, 0x03, 0x6b, 
	0x7d, 0xfa, 0x7d, 0x7d, 0xfe, 0x0c, 0x7d, 0x7d, 0xfa, 0x7d, 0xfe, 0x89, 0x00, 0x04, 0x00, 0x00, 
	0x00, 0x00, 0x03, 0x6b, 0x03, 0xe8, 0x00, 0x03, 0x00, 0x07, 0x00, 0x0d, 0x00, 0x17, 0x00, 0x61, 
	0x40, 0x5e, 0x0e, 0x01, 0x06, 0x04, 0x0a, 0x04, 0x06, 0x0a, 0x7e, 0x0d, 0x03, 0x0c, 0x03, 0x01, 
	0x01, 0x00, 0x5d, 0x02, 0x01, 0x00, 0x00, 0x49, 0x4b, 0x08, 0x01, 0x04, 0x04, 0x05, 0x5d, 0x09, 
	0x01, 0x05, 0x05, 0x4c, 0x4b, 0x00, 0x0a, 0x0a, 0x4a, 0x4b, 0x00, 0x07, 0x07, 0x0b, 0x5d, 0x0f, 
	0x01, 0x0b, 0x0b, 0x4e, 0x0b, 0x4c, 0x0e, 0x0e, 0x08, 0x08, 0x04, 0x04, 0x00, 0x00, 0x0e, 0x17, 
	0x0e, 0x17, 0x16, 0x15, 0x14, 0x13, 0x12, 0x11, 0x10, 0x0f, 0x08, 0x0d, 0x08, 0x0d, 0x0c, 0x0b, 
	0x0a, 0x09, 0x04, 0x07, 0x04, 0x07, 0x06, 0x05, 0x00, 0x03, 0x00, 0x03, 0x11, 0x10, 0x09, 0x15, 
	0x2b, 0x13, 0x35, 0x33, 0x15, 0x33, 0x35, 0x33, 0x15, 0x01, 0x11, 0x23, 0x35, 0x21, 0x11, 0x07, 
	0x35, 0x21, 0x11, 0x23, 0x35, 0x21, 0x11, 0x23, 0x15, 0x7d, 0xfa, 0xfa, 0xfa, 0xfd, 0x12, 0x7d, 
	0x01, 0x77, 0x7d, 0x01, 0x77, 0x7d, 0x01, 0x77, 0x7d, 0x03, 0x6b, 0x7d, 0x7d, 0x7d, 0x7d, 0xfd, 
	0x8f, 0x01, 0x77, 0x7d, 0xfe, 0x0c, 0xfa, 0x7d, 0x01, 0xf4, 0x7d, 0xfd, 0x8f, 0x7d, 0x00, 0x00, 
	0x00, 0x02, 0x00, 0x7d, 0x00, 0x7d, 0x03, 0x6b, 0x03, 0xe8, 0x00, 0x03, 0x00, 0x0d, 0x00, 0x3d, 
	0x40, 0x3a, 0x07, 0x01, 0x01, 0x01, 0x00, 0x5d, 0x00, 0x00, 0x00, 0x49, 0x4b, 0x00, 0x03, 0x03, 
	0x04, 0x5d, 0x00, 0x04, 0x04, 0x4c, 0x4b, 0x05, 0x01, 0x02, 0x02, 0x06, 0x5d, 0x08, 0x01, 0x06, 
	0x06, 0x4a, 0x06, 0x4c, 0x04, 0x04, 0x00, 0x00, 0x04, 0x0d, 0x04, 0x0d, 0x0c, 0x0b, 0x0a, 0x09, 
	0x08, 0x07, 0x06, 0x05, 0x00, 0x03, 0x00, 0x03, 0x11, 0x09, 0x09, 0x15, 0x2b, 0x13, 0x35, 0x21, 
	0x15, 0x01, 0x35, 0x33, 0x11, 0x23, 0x35, 0x21, 0x11, 0x33, 0x15, 0x7d, 0x02, 0x71, 0xfd, 0x8f, 
	0xfa, 0x7d, 0x01, 0x77, 0xfa, 0x03, 0x6b, 0x7d, 0x7d, 0xfd, 0x12, 0x7d, 0x01, 0x77, 0x7d, 0xfe, 
	0x0c, 0x7d, 0x00, 0x00, 0x00, 0x04, 0x00, 0x7d, 0x00, 0x00, 0x03, 0x6b, 0x03, 0xe8, 0x00, 0x03, 
	0x00, 0x11, 0x00, 0x15, 0x00, 0x19, 0x00, 0x5d, 0x40, 0x5a, 0x00, 0x03, 0x02, 0x09, 0x02, 0x03, 
	0x09, 0x7e, 0x0d, 0x08, 0x02, 0x05, 0x04, 0x01, 0x02, 0x03, 0x05, 0x02, 0x65, 0x00, 0x00, 0x00, 
	0x01, 0x5d, 0x00, 0x01, 0x01, 0x49, 0x4b, 0x00, 0x06, 0x06, 0x07, 0x5d, 0x00, 0x07, 0x07, 0x4c, 
	0x4b, 0x00, 0x09, 0x09, 0x0a, 0x5d, 0x00, 0x0a, 0x0a, 0x4a, 0x4b, 0x00, 0x0b, 0x0b, 0x0c, 0x5d, 
	0x0e, 0x01, 0x0c, 0x0c, 0x4e, 0x0c, 0x4c, 0x16, 0x16, 0x04, 0x04, 0x16, 0x19, 0x16, 0x19, 0x18, 
	0x17, 0x15, 0x14, 0x13, 0x12, 0x04, 0x11, 0x04, 0x11, 0x11, 0x11, 0x11, 0x11, 0x11, 0x12, 0x11, 
	0x10, 0x0f, 0x09, 0x1c, 0x2b, 0x01, 0x23, 0x35, 0x33, 0x13, 0x15, 0x21, 0x15, 0x23, 0x35, 0x23, 
	0x35, 0x33, 0x35, 0x23, 0x35, 0x21, 0x15, 0x05, 0x33, 0x15, 0x23, 0x17, 0x35, 0x33, 0x15, 0x02, 
	0x71, 0xfa, 0xfa, 0xfa, 0xfe, 0x89, 0x7d, 0xfa, 0xfa, 0x7d, 0x01, 0x77, 0xfe, 0x89, 0x7d, 0x7d, 
	0x7d, 0xfa, 0x03, 0x6b, 0x7d, 0xfe, 0x0c, 0x7d, 0x7d, 0x7d, 0x7d, 0x7d, 0x7d, 0xfa, 0xfa, 0x7d, 
	0x7d, 0x7d, 0x7d, 0x00, 0x00, 0x05, 0x00, 0x7d, 0x00, 0x7d, 0x03, 0x6b, 0x03, 0xe8, 0x00, 0x03, 
	0x00, 0x07, 0x00, 0x0b, 0x00, 0x0f, 0x00, 0x19, 0x00, 0x53, 0x40, 0x50, 0x06, 0x01, 0x04, 0x07, 
	0x01, 0x05, 0x0c, 0x04, 0x05, 0x65, 0x00, 0x0c, 0x00, 0x0b, 0x08, 0x0c, 0x0b, 0x65, 0x02, 0x01, 
	0x00, 0x00, 0x01, 0x5d, 0x0e, 0x03, 0x0d, 0x03, 0x01, 0x01, 0x49, 0x4b, 0x0a, 0x01, 0x08, 0x08, 
	0x09, 0x5d, 0x00, 0x09, 0x09, 0x4a, 0x09, 0x4c, 0x04, 0x04, 0x00, 0x00, 0x19, 0x18, 0x17, 0x16, 
	0x15, 0x14, 0x13, 0x12, 0x11, 0x10, 0x0f, 0x0e, 0x0d, 0x0c, 0x0b, 0x0a, 0x09, 0x08, 0x04, 0x07, 
	0x04, 0x07, 0x06, 0x05, 0x00, 0x03, 0x00, 0x03, 0x11, 0x0f, 0x09, 0x15, 0x2b, 0x01, 0x15, 0x23, 
	0x35, 0x21, 0x15, 0x23, 0x35, 0x05, 0x33, 0x15, 0x23, 0x25, 0x33, 0x15, 0x23, 0x13, 0x33, 0x15, 
	0x21, 0x35, 0x33, 0x35, 0x23, 0x35, 0x21, 0x01, 0xf4, 0xfa, 0x02, 0x71, 0x7d, 0xfd, 0x8f, 0x7d, 
	0x7d, 0x01, 0x77, 0xfa, 0xfa, 0x7d, 0xfa, 0xfd, 0x12, 0xfa, 0x7d, 0x01, 0x77, 0x03, 0xe8, 0x7d, 
	0x7d, 0x7d, 0x7d, 0x7d, 0x7d, 0x7d, 0x7d, 0xfe, 0x0c, 0x7d, 0x7d, 0xfa, 0x7d, 0x00, 0x00, 0x00, 
	0x00, 0x02, 0x00, 0x7d, 0x00, 0x00, 0x02, 0xee, 0x03, 0xe8, 0x00, 0x03, 0x00, 0x0d, 0x00, 0x41, 
	0x40, 0x3e, 0x07, 0x01, 0x01, 0x01, 0x00, 0x5d, 0x00, 0x00, 0x00, 0x49, 0x4b, 0x00, 0x03, 0x03, 
	0x04, 0x5d, 0x00, 0x04, 0x04, 0x4c, 0x4b, 0x00, 0x05, 0x05, 0x4a, 0x4b, 0x00, 0x02, 0x02, 0x06, 
	0x5d, 0x08, 0x01, 0x06, 0x06, 0x4e, 0x06, 0x4c, 0x04, 0x04, 0x00, 0x00, 0x04, 0x0d, 0x04, 0x0d, 
	0x0c, 0x0b, 0x0a, 0x09, 0x08, 0x07, 0x06, 0x05, 0x00, 0x03, 0x00, 0x03, 0x11, 0x09, 0x09, 0x15, 
	0x2b, 0x01, 0x35, 0x33, 0x15, 0x01, 0x35, 0x21, 0x11, 0x23, 0x35, 0x21, 0x11, 0x23, 0x15, 0x01, 
	0xf4, 0xfa, 0xfd, 0x8f, 0x01, 0x77, 0x7d, 0x01, 0x77, 0x7d, 0x03, 0x6b, 0x7d, 0x7d, 0xfc, 0x95, 
	0x7d, 0x01, 0xf4, 0x7d, 0xfd, 0x8f, 0x7d, 0x00, 0x00, 0x02, 0x00, 0x7d, 0x00, 0x00, 0x03, 0x6b, 
	0x03, 0xe8, 0x00, 0x0b, 0x00, 0x15, 0x00, 0x4d, 0x40, 0x4a, 0x02, 0x01, 0x00, 0x0b, 0x05, 0x02, 
	0x03, 0x08, 0x00, 0x03, 0x65, 0x00, 0x08, 0x00, 0x07, 0x09, 0x08, 0x07, 0x65, 0x00, 0x04, 0x04, 
	0x01, 0x5d, 0x00, 0x01, 0x01, 0x49, 0x4b, 0x00, 0x09, 0x09, 0x4a, 0x4b, 0x00, 0x06, 0x06, 0x0a, 
	0x5d, 0x0c, 0x01, 0x0a, 0x0a, 0x4e, 0x0a, 0x4c, 0x0c, 0x0c, 0x00, 0x00, 0x0c, 0x15, 0x0c, 0x15, 
	0x14, 0x13, 0x12, 0x11, 0x10, 0x0f, 0x0e, 0x0d, 0x00, 0x0b, 0x00, 0x0b, 0x11, 0x11, 0x11, 0x11, 
	0x11, 0x0d, 0x09, 0x19, 0x2b, 0x13, 0x35, 0x33, 0x35, 0x21, 0x15, 0x33, 0x15, 0x23, 0x35, 0x23, 
	0x15, 0x01, 0x35, 0x21, 0x11, 0x23, 0x35, 0x21, 0x11, 0x23, 0x15, 0xfa, 0x7d, 0x01, 0x77, 0x7d, 
	0xfa, 0x7d, 0xfe, 0x89, 0x01, 0x77, 0x7d, 0x01, 0x77, 0x7d, 0x02, 0xee, 0x7d, 0x7d, 0x7d, 0x7d, 
	0x7d, 0x7d, 0xfd, 0x12, 0x7d, 0x01, 0x77, 0x7d, 0xfe, 0x0c, 0x7d, 0x00, 0x00, 0x01, 0x00, 0x00, 
	0x00, 0x7d, 0x03, 0x6b, 0x03, 0xe8, 0x00, 0x17, 0x00, 0x9a, 0x4b, 0xb0, 0x0a, 0x50, 0x58, 0x40, 
	0x3a, 0x00, 0x05, 0x02, 0x01, 0x04, 0x05, 0x70, 0x00, 0x06, 0x0a, 0x09, 0x07, 0x06, 0x70, 0x00, 
	0x01, 0x00, 0x0a, 0x06, 0x01, 0x0a, 0x65, 0x00, 0x02, 0x00, 0x09, 0x07, 0x02, 0x09, 0x65, 0x00, 
	0x00, 0x00, 0x49, 0x4b, 0x00, 0x04, 0x04, 0x03, 0x5d, 0x00, 0x03, 0x03, 0x4c, 0x4b, 0x00, 0x07, 
	0x07, 0x08, 0x5e, 0x0c, 0x0b, 0x02, 0x08, 0x08, 0x4a, 0x08, 0x4c, 0x1b, 0x40, 0x3c, 0x00, 0x05, 
	0x02, 0x01, 0x02, 0x05, 0x01, 0x7e, 0x00, 0x06, 0x0a, 0x09, 0x0a, 0x06, 0x09, 0x7e, 0x00, 0x01, 
	0x00, 0x0a, 0x06, 0x01, 0x0a, 0x65, 0x00, 0x02, 0x00, 0x09, 0x07, 0x02, 0x09, 0x65, 0x00, 0x00, 
	0x00, 0x49, 0x4b, 0x00, 0x04, 0x04, 0x03, 0x5d, 0x00, 0x03, 0x03, 0x4c, 0x4b, 0x00, 0x07, 0x07, 
	0x08, 0x5e, 0x0c, 0x0b, 0x02, 0x08, 0x08, 0x4a, 0x08, 0x4c, 0x59, 0x40, 0x16, 0x00, 0x00, 0x00, 
	0x17, 0x00, 0x17, 0x16, 0x15, 0x14, 0x13, 0x11, 0x11, 0x11, 0x11, 0x11, 0x11, 0x11, 0x11, 0x11, 
	0x0d, 0x09, 0x1d, 0x2b, 0x35, 0x11, 0x33, 0x11, 0x33, 0x35, 0x33, 0x35, 0x33, 0x15, 0x23, 0x15, 
	0x23, 0x15, 0x33, 0x15, 0x33, 0x15, 0x23, 0x35, 0x23, 0x35, 0x23, 0x15, 0xfa, 0xfa, 0x7d, 0xfa, 
	0x7d, 0x7d, 0x7d, 0x7d, 0xfa, 0x7d, 0xfa, 0x7d, 0x03, 0x6b, 0xfe, 0x0c, 0x7d, 0x7d, 0x7d, 0x7d, 
	0x7d, 0x7d, 0x7d, 0x7d, 0x7d, 0xfa, 0x00, 0x00, 0x00, 0x02, 0x00, 0x00, 0x00, 0x00, 0x03, 0x6b, 
	0x03, 0xe8, 0x00, 0x17, 0x00, 0x1f, 0x00, 0xd2, 0x4b, 0xb0, 0x0a, 0x50, 0x58, 0x40, 0x50, 0x00, 
	0x05, 0x02, 0x01, 0x04, 0x05, 0x70, 0x00, 0x06, 0x0a, 0x09, 0x07, 0x06, 0x70, 0x00, 0x03, 0x00, 
	0x04, 0x02, 0x03, 0x04, 0x65, 0x00, 0x01, 0x00, 0x0a, 0x06, 0x01, 0x0a, 0x65, 0x00, 0x07, 0x08, 
	0x08, 0x07, 0x55, 0x10, 0x0b, 0x02, 0x08, 0x08, 0x00, 0x5d, 0x00, 0x00, 0x00, 0x49, 0x4b, 0x00, 
	0x09, 0x09, 0x02, 0x5d, 0x00, 0x02, 0x02, 0x4c, 0x4b, 0x00, 0x0d, 0x0d, 0x0e, 0x5d, 0x00, 0x0e, 
	0x0e, 0x4a, 0x4b, 0x00, 0x0c, 0x0c, 0x0f, 0x5d, 0x11, 0x01, 0x0f, 0x0f, 0x4e, 0x0f, 0x4c, 0x1b, 
	0x40, 0x52, 0x00, 0x05, 0x02, 0x01, 0x02, 0x05, 0x01, 0x7e, 0x00, 0x06, 0x0a, 0x09, 0x0a, 0x06, 
	0x09, 0x7e, 0x00, 0x03, 0x00, 0x04, 0x02, 0x03, 0x04, 0x65, 0x00, 0x01, 0x00, 0x0a, 0x06, 0x01, 
	0x0a, 0x65, 0x00, 0x07, 0x08, 0x08, 0x07, 0x55, 0x10, 0x0b, 0x02, 0x08, 0x08, 0x00, 0x5d, 0x00, 
	0x00, 0x00, 0x49, 0x4b, 0x00, 0x09, 0x09, 0x02, 0x5d, 0x00, 0x02, 0x02, 0x4c, 0x4b, 0x00, 0x0d, 
	0x0d, 0x0e, 0x5d, 0x00, 0x0e, 0x0e, 0x4a, 0x4b, 0x00, 0x0c, 0x0c, 0x0f, 0x5d, 0x11, 0x01, 0x0f, 
	0x0f, 0x4e, 0x0f, 0x4c, 0x59, 0x40, 0x22, 0x18, 0x18, 0x00, 0x00, 0x18, 0x1f, 0x18, 0x1f, 0x1e, 
	0x1d, 0x1c, 0x1b, 0x1a, 0x19, 0x00, 0x17, 0x00, 0x17, 0x16, 0x15, 0x14, 0x13, 0x11, 0x11, 0x11, 
	0x11, 0x11, 0x11, 0x11, 0x11, 0x11, 0x12, 0x09, 0x1d, 0x2b, 0x35, 0x11, 0x33, 0x11, 0x33, 0x35, 
	0x33, 0x35, 0x33, 0x15, 0x23, 0x15, 0x23, 0x15, 0x33, 0x15, 0x33, 0x15, 0x23, 0x35, 0x23, 0x35, 
	0x23, 0x15, 0x07, 0x35, 0x33, 0x35, 0x33, 0x15, 0x23, 0x15, 0xfa, 0xfa, 0x7d, 0xfa, 0x7d, 0x7d, 
	0x7d, 0x7d, 0xfa, 0x7d, 0xfa, 0x7d, 0x7d, 0xfa, 0x7d, 0xfa, 0x02, 0xee, 0xfe, 0x89, 0x7d, 0x7d, 
	0x7d, 0x7d, 0x7d, 0x7d, 0x7d, 0x7d, 0x7d, 0xfa, 0xfa, 0x7d, 0x7d, 0x7d, 0x7d, 0x00, 0x00, 0x00, 
	0x00, 0x01, 0x00, 0x00, 0x00, 0x7d, 0x03, 0x6b, 0x02, 0xee, 0x00, 0x17, 0x00, 0x92, 0x4b, 0xb0, 
	0x0a, 0x50, 0x58, 0x40, 0x36, 0x00, 0x05, 0x02, 0x01, 0x04, 0x05, 0x70, 0x00, 0x06, 0x0a, 0x09, 
	0x07, 0x06, 0x70, 0x00, 0x01, 0x00, 0x0a, 0x06, 0x01, 0x0a, 0x65, 0x00, 0x02, 0x00, 0x09, 0x07, 
	0x02, 0x09, 0x65, 0x00, 0x04, 0x04, 0x00, 0x5d, 0x03, 0x01, 0x00, 0x00, 0x4c, 0x4b, 0x00, 0x07, 
	0x07, 0x08, 0x5e, 0x0c, 0x0b, 0x02, 0x08, 0x08, 0x4a, 0x08, 0x4c, 0x1b, 0x40, 0x38, 0x00, 0x05, 
	0x02, 0x01, 0x02, 0x05, 0x01, 0x7e, 0x00, 0x06, 0x0a, 0x09, 0x0a, 0x06, 0x09, 0x7e, 0x00, 0x01, 
	0x00, 0x0a, 0x06, 0x01, 0x0a, 0x65, 0x00, 0x02, 0x00, 0x09, 0x07, 0x02, 0x09, 0x65, 0x00, 0x04, 
	0x04, 0x00, 0x5d, 0x03, 0x01, 0x00, 0x00, 0x4c, 0x4b, 0x00, 0x07, 0x07, 0x08, 0x5e, 0x0c, 0x0b, 
	0x02, 0x08, 0x08, 0x4a, 0x08, 0x4c, 0x59, 0x40, 0x16, 0x00, 0x00, 0x00, 0x17, 0x00, 0x17, 0x16, 
	0x15, 0x14, 0x13, 0x11, 0x11, 0x11, 0x11, 0x11, 0x11, 0x11, 0x11, 0x11, 0x0d, 0x09, 0x1d, 0x2b, 
	0x35, 0x11, 0x33, 0x15, 0x33, 0x35, 0x33, 0x35, 0x33, 0x15, 0x23, 0x15, 0x23, 0x15, 0x33, 0x15, 
	0x33, 0x15, 0x23, 0x35, 0x23, 0x35, 0x23, 0x15, 0xfa, 0xfa, 0x7d, 0xfa, 0x7d, 0x7d, 0x7d, 0x7d, 
	0xfa, 0x7d, 0xfa, 0x7d, 0x02, 0x71, 0xfa, 0x7d, 0x7d, 0x7d, 0x7d, 0x7d, 0x7d, 0x7d, 0x7d, 0x7d, 
	0xfa, 0x00, 0x00, 0x00, 0x00, 0x01, 0x00, 0x7d, 0x00, 0x7d, 0x03, 0x6b, 0x03, 0xe8, 0x00, 0x09, 
	0x00, 0x27, 0x40, 0x24, 0x00, 0x01, 0x01, 0x02, 0x5d, 0x00, 0x02, 0x02, 0x49, 0x4b, 0x03, 0x01, 
	0x00, 0x00, 0x04, 0x5d, 0x05, 0x01, 0x04, 0x04, 0x4a, 0x04, 0x4c, 0x00, 0x00, 0x00, 0x09, 0x00, 
	0x09, 0x11, 0x11, 0x11, 0x11, 0x06, 0x09, 0x18, 0x2b, 0x37, 0x35, 0x33, 0x11, 0x23, 0x35, 0x21, 
	0x11, 0x33, 0x15, 0x7d, 0xfa, 0x7d, 0x01, 0x77, 0xfa, 0x7d, 0x7d, 0x02, 0x71, 0x7d, 0xfd, 0x12, 
	0x7d, 0x00, 0x00, 0x00, 0x00, 0x02, 0x00, 0x00, 0x00, 0x7d, 0x02, 0xee, 0x03, 0xe8, 0x00, 0x03, 
	0x00, 0x11, 0x00, 0x3e, 0x40, 0x3b, 0x00, 0x06, 0x00, 0x05, 0x00, 0x06, 0x05, 0x7e, 0x00, 0x00, 
	0x00, 0x01, 0x5d, 0x00, 0x01, 0x01, 0x49, 0x4b, 0x00, 0x04, 0x04, 0x05, 0x5d, 0x07, 0x01, 0x05, 
	0x05, 0x4c, 0x4b, 0x09, 0x08, 0x02, 0x03, 0x03, 0x02, 0x5e, 0x00, 0x02, 0x02, 0x4a, 0x02, 0x4c, 
	0x04, 0x04, 0x04, 0x11, 0x04, 0x11, 0x11, 0x11, 0x11, 0x11, 0x11, 0x12, 0x11, 0x10, 0x0a, 0x09, 
	0x1c, 0x2b, 0x01, 0x23, 0x35, 0x33, 0x13, 0x15, 0x21, 0x35, 0x33, 0x11, 0x23, 0x35, 0x33, 0x35, 
	0x33, 0x15, 0x33, 0x11, 0x01, 0xf4, 0x7d, 0x7d, 0xfa, 0xfd, 0x12, 0xfa, 0x7d, 0x7d, 0x7d, 0x7d, 
	0x03, 0x6b, 0x7d, 0xfd, 0x12, 0x7d, 0x7d, 0x01, 0x77, 0x7d, 0x7d, 0x7d, 0xfe, 0x0c, 0x00, 0x00, 
	0x00, 0x02, 0x00, 0x00, 0x00, 0x7d, 0x03, 0x6b, 0x03, 0xe8, 0x00, 0x09, 0x00, 0x0f, 0x00, 0x7c, 
	0x4b, 0xb0, 0x0a, 0x50, 0x58, 0x40, 0x2b, 0x09, 0x01, 0x07, 0x06, 0x00, 0x06, 0x07, 0x70, 0x00, 
	0x01, 0x01, 0x02, 0x5d, 0x05, 0x01, 0x02, 0x02, 0x49, 0x4b, 0x00, 0x06, 0x06, 0x02, 0x5d, 0x05, 
	0x01, 0x02, 0x02, 0x49, 0x4b, 0x03, 0x01, 0x00, 0x00, 0x04, 0x5d, 0x08, 0x01, 0x04, 0x04, 0x4a, 
	0x04, 0x4c, 0x1b, 0x40, 0x2c, 0x09, 0x01, 0x07, 0x06, 0x00, 0x06, 0x07, 0x00, 0x7e, 0x00, 0x01, 
	0x01, 0x02, 0x5d, 0x05, 0x01, 0x02, 0x02, 0x49, 0x4b, 0x00, 0x06, 0x06, 0x02, 0x5d, 0x05, 0x01, 
	0x02, 0x02, 0x49, 0x4b, 0x03, 0x01, 0x00, 0x00, 0x04, 0x5d, 0x08, 0x01, 0x04, 0x04, 0x4a, 0x04, 
	0x4c, 0x59, 0x40, 0x17, 0x0a, 0x0a, 0x00, 0x00, 0x0a, 0x0f, 0x0a, 0x0f, 0x0e, 0x0d, 0x0c, 0x0b, 
	0x00, 0x09, 0x00, 0x09, 0x11, 0x11, 0x11, 0x11, 0x0a, 0x09, 0x18, 0x2b, 0x35, 0x35, 0x33, 0x11, 
	0x23, 0x35, 0x21, 0x11, 0x33, 0x15, 0x03, 0x11, 0x33, 0x15, 0x23, 0x15, 0xfa, 0x7d, 0x01, 0x77, 
	0xfa, 0x7d, 0xfa, 0x7d, 0x7d, 0x7d, 0x02, 0x71, 0x7d, 0xfd, 0x12, 0x7d, 0x01, 0xf4, 0x01, 0x77, 
	0xfa, 0x7d, 0x00, 0x00, 0x00, 0x01, 0x00, 0x7d, 0x00, 0x00, 0x03, 0x6b, 0x03, 0xe8, 0x00, 0x11, 
	0x00, 0x39, 0x40, 0x36, 0x05, 0x01, 0x02, 0x06, 0x01, 0x01, 0x07, 0x02, 0x01, 0x65, 0x00, 0x03, 
	0x03, 0x04, 0x5d, 0x00, 0x04, 0x04, 0x49, 0x4b, 0x00, 0x07, 0x07, 0x4a, 0x4b, 0x00, 0x00, 0x00, 
	0x08, 0x5d, 0x09, 0x01, 0x08, 0x08, 0x4e, 0x08, 0x4c, 0x00, 0x00, 0x00, 0x11, 0x00, 0x11, 0x11, 
	0x11, 0x11, 0x11, 0x11, 0x11, 0x11, 0x11, 0x0a, 0x09, 0x1c, 0x2b, 0x33, 0x35, 0x33, 0x35, 0x23, 
	0x35, 0x33, 0x11, 0x23, 0x35, 0x21, 0x11, 0x33, 0x15, 0x23, 0x15, 0x23, 0x15, 0xfa, 0x7d, 0xfa, 
	0xfa, 0x7d, 0x01, 0x77, 0xfa, 0xfa, 0x7d, 0x7d, 0x7d, 0x7d, 0x01, 0xf4, 0x7d, 0xfd, 0x8f, 0x7d, 
	0x7d, 0x7d, 0x00, 0x00, 0x00, 0x02, 0x00, 0x00, 0x00, 0x7d, 0x03, 0x6b, 0x03, 0xe8, 0x00, 0x09, 
	0x00, 0x0d, 0x00, 0x3a, 0x40, 0x37, 0x00, 0x01, 0x01, 0x02, 0x5d, 0x00, 0x02, 0x02, 0x49, 0x4b, 
	0x08, 0x01, 0x06, 0x06, 0x05, 0x5d, 0x00, 0x05, 0x05, 0x4c, 0x4b, 0x03, 0x01, 0x00, 0x00, 0x04, 
	0x5d, 0x07, 0x01, 0x04, 0x04, 0x4a, 0x04, 0x4c, 0x0a, 0x0a, 0x00, 0x00, 0x0a, 0x0d, 0x0a, 0x0d, 
	0x0c, 0x0b, 0x00, 0x09, 0x00, 0x09, 0x11, 0x11, 0x11, 0x11, 0x09, 0x09, 0x18, 0x2b, 0x35, 0x35, 
	0x33, 0x11, 0x23, 0x35, 0x21, 0x11, 0x33, 0x15, 0x03, 0x35, 0x33, 0x15, 0xfa, 0x7d, 0x01, 0x77, 
	0xfa, 0x7d, 0xfa, 0x7d, 0x7d, 0x02, 0x71, 0x7d, 0xfd, 0x12, 0x7d, 0x01, 0x77, 0xfa, 0xfa, 0x00, 
	0x00, 0x01, 0x00, 0x7d, 0x00, 0x7d, 0x03, 0x6b, 0x03, 0xe8, 0x00, 0x11, 0x00, 0x3d, 0x40, 0x3a, 
	0x00, 0x02, 0x00, 0x01, 0x00, 0x02, 0x01, 0x65, 0x00, 0x03, 0x03, 0x04, 0x5d, 0x00, 0x04, 0x04, 
	0x49, 0x4b, 0x00, 0x06, 0x06, 0x05, 0x5d, 0x00, 0x05, 0x05, 0x4c, 0x4b, 0x07, 0x01, 0x00, 0x00, 
	0x08, 0x5d, 0x09, 0x01, 0x08, 0x08, 0x4a, 0x08, 0x4c, 0x00, 0x00, 0x00, 0x11, 0x00, 0x11, 0x11, 
	0x11, 0x11, 0x11, 0x11, 0x11, 0x11, 0x11, 0x0a, 0x09, 0x1c, 0x2b, 0x37, 0x35, 0x33, 0x35, 0x23, 
	0x35, 0x33, 0x35, 0x23, 0x35, 0x21, 0x15, 0x33, 0x15, 0x23, 0x11, 0x33, 0x15, 0x7d, 0xfa, 0x7d, 
	0x7d, 0x7d, 0x01, 0x77, 0x7d, 0x7d, 0xfa, 0x7d, 0x7d, 0xfa, 0x7d, 0xfa, 0x7d, 0xfa, 0x7d, 0xfe, 
	0x89, 0x7d, 0x00, 0x00, 0x00, 0x01, 0x00, 0x00, 0x00, 0x7d, 0x03, 0x6b, 0x02, 0xee, 0x00, 0x0d, 
	0x00, 0x2b, 0x40, 0x28, 0x05, 0x01, 0x03, 0x03, 0x00, 0x5d, 0x00, 0x00, 0x00, 0x4c, 0x4b, 0x00, 
	0x01, 0x01, 0x02, 0x5d, 0x07, 0x06, 0x04, 0x03, 0x02, 0x02, 0x4a, 0x02, 0x4c, 0x00, 0x00, 0x00, 
	0x0d, 0x00, 0x0d, 0x11, 0x11, 0x11, 0x11, 0x11, 0x11, 0x08, 0x09, 0x1a, 0x2b, 0x35, 0x11, 0x21, 
	0x15, 0x33, 0x11, 0x23, 0x11, 0x23, 0x11, 0x23, 0x11, 0x23, 0x11, 0x02, 0xee, 0x7d, 0xfa, 0x7d, 
	0xfa, 0x7d, 0x7d, 0x02, 0x71, 0x7d, 0xfe, 0x0c, 0x01, 0xf4, 0xfe, 0x0c, 0x01, 0xf4, 0xfe, 0x0c, 
	0x00, 0x01, 0x00, 0x00, 0x00, 0x7d, 0x03, 0x6b, 0x02, 0xee, 0x00, 0x09, 0x00, 0x27, 0x40, 0x24, 
	0x00, 0x03, 0x03, 0x00, 0x5d, 0x00, 0x00, 0x00, 0x4c, 0x4b, 0x00, 0x01, 0x01, 0x02, 0x5d, 0x05, 
	0x04, 0x02, 0x02, 0x02, 0x4a, 0x02, 0x4c, 0x00, 0x00, 0x00, 0x09, 0x00, 0x09, 0x11, 0x11, 0x11, 
	0x11, 0x06, 0x09, 0x18, 0x2b, 0x35, 0x11, 0x21, 0x15, 0x33, 0x11, 0x23, 0x11, 0x21, 0x11, 0x02, 
	0xee, 0x7d, 0xfa, 0xfe, 0x89, 0x7d, 0x02, 0x71, 0x7d, 0xfe, 0x0c, 0x01, 0xf4, 0xfe, 0x0c, 0x00, 
	0x00, 0x02, 0x00, 0x00, 0x00, 0x7d, 0x03, 0x6b, 0x03, 0xe8, 0x00, 0x03, 0x00, 0x11, 0x00, 0x72, 
	0x4b, 0xb0, 0x0a, 0x50, 0x58, 0x40, 0x29, 0x00, 0x06, 0x00, 0x05, 0x05, 0x06, 0x70, 0x00, 0x00, 
	0x00, 0x01, 0x5d, 0x00, 0x01, 0x01, 0x49, 0x4b, 0x00, 0x03, 0x03, 0x05, 0x5d, 0x07, 0x01, 0x05, 
	0x05, 0x4c, 0x4b, 0x09, 0x01, 0x08, 0x08, 0x02, 0x5d, 0x04, 0x01, 0x02, 0x02, 0x4a, 0x02, 0x4c, 
	0x1b, 0x40, 0x2a, 0x00, 0x06, 0x00, 0x05, 0x00, 0x06, 0x05, 0x7e, 0x00, 0x00, 0x00, 0x01, 0x5d, 
	0x00, 0x01, 0x01, 0x49, 0x4b, 0x00, 0x03, 0x03, 0x05, 0x5d, 0x07, 0x01, 0x05, 0x05, 0x4c, 0x4b, 
	0x09, 0x01, 0x08, 0x08, 0x02, 0x5d, 0x04, 0x01, 0x02, 0x02, 0x4a, 0x02, 0x4c, 0x59, 0x40, 0x11, 
	0x04, 0x04, 0x04, 0x11, 0x04, 0x11, 0x11, 0x11, 0x11, 0x11, 0x11, 0x12, 0x11, 0x10, 0x0a, 0x09, 
	0x1c, 0x2b, 0x01, 0x23, 0x35, 0x33, 0x13, 0x11, 0x23, 0x11, 0x21, 0x11, 0x23, 0x11, 0x21, 0x35, 
	0x33, 0x15, 0x33, 0x15, 0x02, 0x71, 0x7d, 0x7d, 0xfa, 0xfa, 0xfe, 0x89, 0xfa, 0x01, 0x77, 0x7d, 
	0xfa, 0x03, 0x6b, 0x7d, 0xfe, 0x89, 0xfe, 0x0c, 0x01, 0xf4, 0xfe, 0x0c, 0x02, 0x71, 0x7d, 0x7d, 
	0x7d, 0x00, 0x00, 0x00, 0x00, 0x01, 0x00, 0x00, 0x00, 0x7d, 0x03, 0x6b, 0x03, 0xe8, 0x00, 0x15, 
	0x00, 0x3e, 0x40, 0x3b, 0x00, 0x03, 0x00, 0x09, 0x07, 0x03, 0x09, 0x65, 0x05, 0x01, 0x01, 0x01, 
	0x02, 0x5d, 0x04, 0x01, 0x02, 0x02, 0x49, 0x4b, 0x06, 0x01, 0x00, 0x00, 0x4c, 0x4b, 0x00, 0x07, 
	0x07, 0x08, 0x5e, 0x0b, 0x0a, 0x02, 0x08, 0x08, 0x4a, 0x08, 0x4c, 0x00, 0x00, 0x00, 0x15, 0x00, 
	0x15, 0x14, 0x13, 0x11, 0x11, 0x11, 0x11, 0x11, 0x11, 0x11, 0x11, 0x11, 0x0c, 0x09, 0x1d, 0x2b, 
	0x35, 0x11, 0x33, 0x35, 0x23, 0x35, 0x33, 0x15, 0x33, 0x35, 0x33, 0x15, 0x23, 0x15, 0x33, 0x15, 
	0x33, 0x11, 0x23, 0x11, 0x21, 0x11, 0xfa, 0x7d, 0xfa, 0x7d, 0xfa, 0x7d, 0x7d, 0x7d, 0xfa, 0xfe, 
	0x89, 0x7d, 0x02, 0x71, 0x7d, 0x7d, 0x7d, 0x7d, 0x7d, 0x7d, 0x7d, 0xfe, 0x0c, 0x01, 0xf4, 0xfe, 
	0x0c, 0x00, 0x00, 0x00, 0x00, 0x02, 0x00, 0x00, 0x00, 0x00, 0x03, 0x6b, 0x03, 0x6b, 0x00, 0x09, 
	0x00, 0x11, 0x00, 0x41, 0x40, 0x3e, 0x00, 0x03, 0x00, 0x01, 0x04, 0x03, 0x01, 0x65, 0x02, 0x01, 
	0x00, 0x00, 0x04, 0x5d, 0x09, 0x01, 0x04, 0x04, 0x4c, 0x4b, 0x00, 0x05, 0x05, 0x06, 0x5d, 0x00, 
	0x06, 0x06, 0x4a, 0x4b, 0x00, 0x08, 0x08, 0x07, 0x5d, 0x00, 0x07, 0x07, 0x4e, 0x07, 0x4c, 0x00, 
	0x00, 0x11, 0x10, 0x0f, 0x0e, 0x0d, 0x0c, 0x0b, 0x0a, 0x00, 0x09, 0x00, 0x09, 0x11, 0x11, 0x11, 
	0x11, 0x0a, 0x09, 0x18, 0x2b, 0x01, 0x11, 0x23, 0x11, 0x21, 0x11, 0x23, 0x11, 0x21, 0x15, 0x01, 
	0x33, 0x15, 0x23, 0x15, 0x23, 0x35, 0x33, 0x03, 0x6b, 0xfa, 0xfe, 0x89, 0xfa, 0x02, 0xee, 0xfe, 
	0x89, 0xfa, 0x7d, 0xfa, 0x7d, 0x02, 0xee, 0xfe, 0x0c, 0x01, 0xf4, 0xfe, 0x0c, 0x02, 0x71, 0x7d, 
	0xfe, 0x0c, 0x7d, 0x7d, 0x7d, 0x00, 0x00, 0x00, 0x00, 0x01, 0x00, 0x00, 0x00, 0x00, 0x03, 0x6b, 
	0x03, 0x6b, 0x00, 0x0d, 0x00, 0x38, 0x40, 0x35, 0x00, 0x02, 0x04, 0x05, 0x04, 0x02, 0x05, 0x7e, 
	0x00, 0x03, 0x00, 0x01, 0x04, 0x03, 0x01, 0x65, 0x00, 0x04, 0x04, 0x4c, 0x4b, 0x00, 0x05, 0x05, 
	0x4a, 0x4b, 0x00, 0x00, 0x00, 0x06, 0x5d, 0x07, 0x01, 0x06, 0x06, 0x4e, 0x06, 0x4c, 0x00, 0x00, 
	0x00, 0x0d, 0x00, 0x0d, 0x11, 0x11, 0x11, 0x11, 0x11, 0x11, 0x08, 0x09, 0x1a, 0x2b, 0x33, 0x35, 
	0x21, 0x11, 0x21, 0x11, 0x23, 0x11, 0x21, 0x15, 0x33, 0x11, 0x23, 0x15, 0xfa, 0x01, 0x77, 0xfe, 
	0x89, 0xfa, 0x02, 0xee, 0x7d, 0x7d, 0x7d, 0x02, 0x71, 0xfe, 0x0c, 0x02, 0x71, 0x7d, 0xfd, 0x8f, 
	0x7d, 0x00, 0x00, 0x00, 0x00, 0x02, 0x00, 0x00, 0x00, 0x7d, 0x03, 0x6b, 0x03, 0xe8, 0x00, 0x15, 
	0x00, 0x19, 0x00, 0x81, 0x4b, 0xb0, 0x0a, 0x50, 0x58, 0x40, 0x2d, 0x03, 0x01, 0x01, 0x05, 0x00, 
	0x00, 0x01, 0x70, 0x0c, 0x01, 0x05, 0x05, 0x02, 0x5d, 0x04, 0x01, 0x02, 0x02, 0x49, 0x4b, 0x00, 
	0x09, 0x09, 0x00, 0x5d, 0x0b, 0x06, 0x02, 0x00, 0x00, 0x4c, 0x4b, 0x00, 0x07, 0x07, 0x08, 0x5e, 
	0x0d, 0x0a, 0x02, 0x08, 0x08, 0x4a, 0x08, 0x4c, 0x1b, 0x40, 0x2e, 0x03, 0x01, 0x01, 0x05, 0x00, 
	0x05, 0x01, 0x00, 0x7e, 0x0c, 0x01, 0x05, 0x05, 0x02, 0x5d, 0x04, 0x01, 0x02, 0x02, 0x49, 0x4b, 
	0x00, 0x09, 0x09, 0x00, 0x5d, 0x0b, 0x06, 0x02, 0x00, 0x00, 0x4c, 0x4b, 0x00, 0x07, 0x07, 0x08, 
	0x5e, 0x0d, 0x0a, 0x02, 0x08, 0x08, 0x4a, 0x08, 0x4c, 0x59, 0x40, 0x18, 0x00, 0x00, 0x19, 0x18, 
	0x17, 0x16, 0x00, 0x15, 0x00, 0x15, 0x14, 0x13, 0x11, 0x11, 0x11, 0x11, 0x11, 0x11, 0x11, 0x11, 
	0x11, 0x0e, 0x09, 0x1d, 0x2b, 0x35, 0x11, 0x33, 0x35, 0x33, 0x35, 0x33, 0x15, 0x33, 0x35, 0x33, 
	0x15, 0x23, 0x15, 0x33, 0x15, 0x33, 0x11, 0x23, 0x11, 0x21, 0x11, 0x11, 0x33, 0x35, 0x23, 0x7d, 
	0x7d, 0xfa, 0x7d, 0x7d, 0x7d, 0x7d, 0x7d, 0xfa, 0xfe, 0x89, 0x7d, 0x7d, 0x7d, 0x02, 0x71, 0x7d, 
	0x7d, 0x7d, 0x7d, 0x7d, 0x7d, 0x7d, 0xfe, 0x0c, 0x01, 0xf4, 0xfe, 0x0c, 0x02, 0x71, 0x7d, 0x00, 
	0x00, 0x02, 0x00, 0x00, 0x00, 0x7d, 0x03, 0x6b, 0x02, 0xee, 0x00, 0x0b, 0x00, 0x0f, 0x00, 0x35, 
	0x40, 0x32, 0x03, 0x01, 0x01, 0x04, 0x01, 0x00, 0x06, 0x01, 0x00, 0x65, 0x00, 0x07, 0x07, 0x02, 
	0x5d, 0x00, 0x02, 0x02, 0x4c, 0x4b, 0x00, 0x06, 0x06, 0x05, 0x5d, 0x08, 0x01, 0x05, 0x05, 0x4a, 
	0x05, 0x4c, 0x00, 0x00, 0x0f, 0x0e, 0x0d, 0x0c, 0x00, 0x0b, 0x00, 0x0b, 0x11, 0x11, 0x11, 0x11, 
	0x11, 0x09, 0x09, 0x19, 0x2b, 0x37, 0x35, 0x23, 0x11, 0x33, 0x35, 0x21, 0x15, 0x33, 0x11, 0x23, 
	0x15, 0x25, 0x21, 0x11, 0x21, 0x7d, 0x7d, 0x7d, 0x02, 0x71, 0x7d, 0x7d, 0xfe, 0x0c, 0x01, 0x77, 
	0xfe, 0x89, 0x7d, 0x7d, 0x01, 0x77, 0x7d, 0x7d, 0xfe, 0x89, 0x7d, 0x7d, 0x01, 0x77, 0x00, 0x00, 
	0x00, 0x03, 0x00, 0x00, 0x00, 0x7d, 0x03, 0x6b, 0x03, 0xe8, 0x00, 0x03, 0x00, 0x13, 0x00, 0x17, 
	0x00, 0x89, 0x4b, 0xb0, 0x0a, 0x50, 0x58, 0x40, 0x32, 0x00, 0x07, 0x00, 0x06, 0x06, 0x07, 0x70, 
	0x0c, 0x09, 0x02, 0x05, 0x04, 0x01, 0x02, 0x0b, 0x05, 0x02, 0x65, 0x00, 0x00, 0x00, 0x01, 0x5d, 
	0x00, 0x01, 0x01, 0x49, 0x4b, 0x00, 0x0a, 0x0a, 0x06, 0x5d, 0x08, 0x01, 0x06, 0x06, 0x4c, 0x4b, 
	0x00, 0x0b, 0x0b, 0x03, 0x5d, 0x00, 0x03, 0x03, 0x4a, 0x03, 0x4c, 0x1b, 0x40, 0x33, 0x00, 0x07, 
	0x00, 0x06, 0x00, 0x07, 0x06, 0x7e, 0x0c, 0x09, 0x02, 0x05, 0x04, 0x01, 0x02, 0x0b, 0x05, 0x02, 
	0x65, 0x00, 0x00, 0x00, 0x01, 0x5d, 0x00, 0x01, 0x01, 0x49, 0x4b, 0x00, 0x0a, 0x0a, 0x06, 0x5d, 
	0x08, 0x01, 0x06, 0x06, 0x4c, 0x4b, 0x00, 0x0b, 0x0b, 0x03, 0x5d, 0x00, 0x03, 0x03, 0x4a, 0x03, 
	0x4c, 0x59, 0x40, 0x16, 0x04, 0x04, 0x17, 0x16, 0x15, 0x14, 0x04, 0x13, 0x04, 0x13, 0x11, 0x11, 
	0x11, 0x11, 0x11, 0x11, 0x12, 0x11, 0x10, 0x0d, 0x09, 0x1d, 0x2b, 0x01, 0x23, 0x35, 0x33, 0x13, 
	0x11, 0x23, 0x15, 0x21, 0x35, 0x23, 0x11, 0x33, 0x35, 0x33, 0x35, 0x33, 0x15, 0x33, 0x15, 0x23, 
	0x21, 0x11, 0x21, 0x02, 0x71, 0x7d, 0x7d, 0xfa, 0x7d, 0xfd, 0x8f, 0x7d, 0x7d, 0xfa, 0x7d, 0xfa, 
	0x7d, 0xfe, 0x89, 0x01, 0x77, 0x03, 0x6b, 0x7d, 0xfe, 0x89, 0xfe, 0x89, 0x7d, 0x7d, 0x01, 0x77, 
	0x7d, 0x7d, 0x7d, 0x7d, 0xfe, 0x89, 0x00, 0x00, 0x00, 0x04, 0x00, 0x00, 0x00, 0x7d, 0x03, 0x6b, 
	0x03, 0xe8, 0x00, 0x03, 0x00, 0x07, 0x00, 0x17, 0x00, 0x1b, 0x00, 0x5a, 0x40, 0x57, 0x00, 0x09, 
	0x00, 0x0c, 0x07, 0x09, 0x0c, 0x65, 0x0f, 0x0b, 0x02, 0x07, 0x06, 0x01, 0x04, 0x0d, 0x07, 0x04, 
	0x65, 0x02, 0x01, 0x00, 0x00, 0x01, 0x5d, 0x03, 0x0e, 0x02, 0x01, 0x01, 0x49, 0x4b, 0x0a, 0x01, 
	0x08, 0x08, 0x4c, 0x4b, 0x00, 0x0d, 0x0d, 0x05, 0x5e, 0x00, 0x05, 0x05, 0x4a, 0x05, 0x4c, 0x08, 
	0x08, 0x00, 0x00, 0x1b, 0x1a, 0x19, 0x18, 0x08, 0x17, 0x08, 0x17, 0x16, 0x15, 0x14, 0x13, 0x12, 
	0x11, 0x10, 0x0f, 0x0e, 0x0d, 0x0c, 0x0b, 0x0a, 0x09, 0x07, 0x06, 0x05, 0x04, 0x00, 0x03, 0x00, 
	0x03, 0x11, 0x10, 0x09, 0x15, 0x2b, 0x13, 0x15, 0x23, 0x35, 0x05, 0x23, 0x35, 0x33, 0x13, 0x11, 
	0x23, 0x15, 0x21, 0x35, 0x23, 0x11, 0x33, 0x35, 0x33, 0x35, 0x21, 0x15, 0x33, 0x15, 0x23, 0x21, 
	0x11, 0x21, 0xfa, 0x7d, 0x02, 0x71, 0x7d, 0x7d, 0x7d, 0x7d, 0xfd, 0x8f, 0x7d, 0x7d, 0x7d, 0x01, 
	0x77, 0x7d, 0x7d, 0xfe, 0x89, 0x01, 0x77, 0x03, 0xe8, 0x7d, 0x7d, 0x7d, 0x7d, 0xfe, 0x89, 0xfe, 
	0x89, 0x7d, 0x7d, 0x01, 0x77, 0x7d, 0x7d, 0x7d, 0x7d, 0xfe, 0x89, 0x00, 0x00, 0x03, 0x00, 0x00, 
	0x00, 0x7d, 0x03, 0x6b, 0x03, 0xe8, 0x00, 0x0f, 0x00, 0x13, 0x00, 0x17, 0x00, 0x4e, 0x40, 0x4b, 
	0x04, 0x01, 0x02, 0x09, 0x08, 0x09, 0x02, 0x08, 0x7e, 0x05, 0x01, 0x01, 0x06, 0x01, 0x00, 0x0a, 
	0x01, 0x00, 0x65, 0x00, 0x09, 0x09, 0x03, 0x5d, 0x00, 0x03, 0x03, 0x49, 0x4b, 0x00, 0x0b, 0x0b, 
	0x08, 0x5d, 0x00, 0x08, 0x08, 0x4c, 0x4b, 0x00, 0x0a, 0x0a, 0x07, 0x5e, 0x0c, 0x01, 0x07, 0x07, 
	0x4a, 0x07, 0x4c, 0x00, 0x00, 0x17, 0x16, 0x15, 0x14, 0x13, 0x12, 0x11, 0x10, 0x00, 0x0f, 0x00, 
	0x0f, 0x11, 0x11, 0x11, 0x11, 0x11, 0x11, 0x11, 0x0d, 0x09, 0x1b, 0x2b, 0x37, 0x35, 0x23, 0x11, 
	0x33, 0x35, 0x33, 0x35, 0x21, 0x15, 0x33, 0x15, 0x33, 0x11, 0x23, 0x15, 0x01, 0x33, 0x35, 0x23, 
	0x03, 0x21, 0x11, 0x21, 0x7d, 0x7d, 0x7d, 0x7d, 0x01, 0x77, 0x7d, 0x7d, 0x7d, 0xfe, 0x89, 0x7d, 
	0x7d, 0x7d, 0x01, 0x77, 0xfe, 0x89, 0x7d, 0x7d, 0x01, 0x77, 0xfa, 0x7d, 0x7d, 0xfa, 0xfe, 0x89, 
	0x7d, 0x02, 0x71, 0x7d, 0xfd, 0x8f, 0x01, 0x77, 0x00, 0x04, 0x00, 0x00, 0x00, 0x7d, 0x03, 0x6b, 
	0x03, 0xe8, 0x00, 0x03, 0x00, 0x07, 0x00, 0x13, 0x00, 0x17, 0x00, 0x57, 0x40, 0x54, 0x07, 0x01, 
	0x05, 0x08, 0x01, 0x04, 0x0a, 0x05, 0x04, 0x65, 0x0d, 0x03, 0x0c, 0x03, 0x01, 0x01, 0x00, 0x5d, 
	0x02, 0x01, 0x00, 0x00, 0x49, 0x4b, 0x00, 0x0b, 0x0b, 0x06, 0x5d, 0x00, 0x06, 0x06, 0x4c, 0x4b, 
	0x00, 0x0a, 0x0a, 0x09, 0x5d, 0x0e, 0x01, 0x09, 0x09, 0x4a, 0x09, 0x4c, 0x08, 0x08, 0x04, 0x04, 
	0x00, 0x00, 0x17, 0x16, 0x15, 0x14, 0x08, 0x13, 0x08, 0x13, 0x12, 0x11, 0x10, 0x0f, 0x0e, 0x0d, 
	0x0c, 0x0b, 0x0a, 0x09, 0x04, 0x07, 0x04, 0x07, 0x06, 0x05, 0x00, 0x03, 0x00, 0x03, 0x11, 0x0f, 
	0x09, 0x15, 0x2b, 0x13, 0x35, 0x33, 0x15, 0x33, 0x35, 0x33, 0x15, 0x01, 0x35, 0x23, 0x11, 0x33, 
	0x35, 0x21, 0x15, 0x33, 0x11, 0x23, 0x15, 0x25, 0x21, 0x11, 0x21, 0x7d, 0xfa, 0x7d, 0xfa, 0xfd, 
	0x8f, 0x7d, 0x7d, 0x02, 0x71, 0x7d, 0x7d, 0xfe, 0x0c, 0x01, 0x77, 0xfe, 0x89, 0x03, 0x6b, 0x7d, 
	0x7d, 0x7d, 0x7d, 0xfd, 0x12, 0x7d, 0x01, 0x77, 0x7d, 0x7d, 0xfe, 0x89, 0x7d, 0x7d, 0x01, 0x77, 
	0x00, 0x03, 0x00, 0x00, 0x00, 0x7d, 0x03, 0x6b, 0x03, 0xe8, 0x00, 0x03, 0x00, 0x13, 0x00, 0x17, 
	0x00, 0x97, 0x4b, 0xb0, 0x0a, 0x50, 0x58, 0x40, 0x33, 0x00, 0x07, 0x00, 0x06, 0x06, 0x07, 0x70, 
	0x0d, 0x09, 0x02, 0x05, 0x04, 0x01, 0x02, 0x0b, 0x05, 0x02, 0x65, 0x00, 0x00, 0x00, 0x01, 0x5d, 
	0x0c, 0x01, 0x01, 0x01, 0x49, 0x4b, 0x00, 0x0a, 0x0a, 0x06, 0x5d, 0x08, 0x01, 0x06, 0x06, 0x4c, 
	0x4b, 0x00, 0x0b, 0x0b, 0x03, 0x5d, 0x00, 0x03, 0x03, 0x4a, 0x03, 0x4c, 0x1b, 0x40, 0x34, 0x00, 
	0x07, 0x00, 0x06, 0x00, 0x07, 0x06, 0x7e, 0x0d, 0x09, 0x02, 0x05, 0x04, 0x01, 0x02, 0x0b, 0x05, 
	0x02, 0x65, 0x00, 0x00, 0x00, 0x01, 0x5d, 0x0c, 0x01, 0x01, 0x01, 0x49, 0x4b, 0x00, 0x0a, 0x0a, 
	0x06, 0x5d, 0x08, 0x01, 0x06, 0x06, 0x4c, 0x4b, 0x00, 0x0b, 0x0b, 0x03, 0x5d, 0x00, 0x03, 0x03, 
	0x4a, 0x03, 0x4c, 0x59, 0x40, 0x22, 0x04, 0x04, 0x00, 0x00, 0x17, 0x16, 0x15, 0x14, 0x04, 0x13, 
	0x04, 0x13, 0x12, 0x11, 0x10, 0x0f, 0x0e, 0x0d, 0x0c, 0x0b, 0x0a, 0x09, 0x08, 0x07, 0x06, 0x05, 
	0x00, 0x03, 0x00, 0x03, 0x11, 0x0e, 0x09, 0x15, 0x2b, 0x01, 0x15, 0x23, 0x35, 0x01, 0x11, 0x23, 
	0x15, 0x21, 0x35, 0x23, 0x11, 0x33, 0x35, 0x33, 0x35, 0x33, 0x15, 0x33, 0x15, 0x23, 0x21, 0x11, 
	0x21, 0x01, 0x77, 0x7d, 0x02, 0x71, 0x7d, 0xfd, 0x8f, 0x7d, 0x7d, 0xfa, 0x7d, 0xfa, 0x7d, 0xfe, 
	0x89, 0x01, 0x77, 0x03, 0xe8, 0x7d, 0x7d, 0xfe, 0x89, 0xfe, 0x89, 0x7d, 0x7d, 0x01, 0x77, 0x7d, 
	0x7d, 0x7d, 0x7d, 0xfe, 0x89, 0x00, 0x00, 0x00, 0x00, 0x04, 0x00, 0x00, 0x00, 0x7d, 0x03, 0x6b, 
	0x03, 0xe8, 0x00, 0x03, 0x00, 0x07, 0x00, 0x19, 0x00, 0x1d, 0x00, 0x95, 0x4b, 0xb0, 0x0a, 0x50, 
	0x58, 0x40, 0x35, 0x0a, 0x01, 0x08, 0x00, 0x09, 0x09, 0x08, 0x70, 0x0f, 0x0c, 0x02, 0x07, 0x06, 
	0x01, 0x04, 0x0e, 0x07, 0x04, 0x65, 0x02, 0x01, 0x00, 0x00, 0x01, 0x5d, 0x03, 0x01, 0x01, 0x01, 
	0x49, 0x4b, 0x00, 0x0d, 0x0d, 0x09, 0x5d, 0x0b, 0x01, 0x09, 0x09, 0x4c, 0x4b, 0x00, 0x0e, 0x0e, 
	0x05, 0x5e, 0x00, 0x05, 0x05, 0x4a, 0x05, 0x4c, 0x1b, 0x40, 0x36, 0x0a, 0x01, 0x08, 0x00, 0x09, 
	0x00, 0x08, 0x09, 0x7e, 0x0f, 0x0c, 0x02, 0x07, 0x06, 0x01, 0x04, 0x0e, 0x07, 0x04, 0x65, 0x02, 
	0x01, 0x00, 0x00, 0x01, 0x5d, 0x03, 0x01, 0x01, 0x01, 0x49, 0x4b, 0x00, 0x0d, 0x0d, 0x09, 0x5d, 
	0x0b, 0x01, 0x09, 0x09, 0x4c, 0x4b, 0x00, 0x0e, 0x0e, 0x05, 0x5e, 0x00, 0x05, 0x05, 0x4a, 0x05, 
	0x4c, 0x59, 0x40, 0x1c, 0x08, 0x08, 0x1d, 0x1c, 0x1b, 0x1a, 0x08, 0x19, 0x08, 0x19, 0x18, 0x17, 
	0x16, 0x15, 0x14, 0x13, 0x11, 0x11, 0x11, 0x11, 0x12, 0x11, 0x11, 0x11, 0x10, 0x10, 0x09, 0x1d, 
	0x2b, 0x01, 0x23, 0x35, 0x33, 0x05, 0x23, 0x35, 0x33, 0x13, 0x11, 0x23, 0x15, 0x21, 0x35, 0x23, 
	0x11, 0x33, 0x35, 0x33, 0x15, 0x33, 0x35, 0x33, 0x15, 0x33, 0x15, 0x23, 0x21, 0x11, 0x21, 0x01, 
	0x77, 0x7d, 0x7d, 0x01, 0x77, 0x7d, 0x7d, 0x7d, 0x7d, 0xfd, 0x8f, 0x7d, 0x7d, 0x7d, 0xfa, 0x7d, 
	0x7d, 0x7d, 0xfe, 0x89, 0x01, 0x77, 0x03, 0x6b, 0x7d, 0x7d, 0x7d, 0xfe, 0x89, 0xfe, 0x89, 0x7d, 
	0x7d, 0x01, 0x77, 0xfa, 0x7d, 0x7d, 0x7d, 0x7d, 0xfe, 0x89, 0x00, 0x00, 0x00, 0x03, 0x00, 0x00, 
	0x00, 0x7d, 0x03, 0x6b, 0x03, 0xe8, 0x00, 0x03, 0x00, 0x0f, 0x00, 0x13, 0x00, 0x4c, 0x40, 0x49, 
	0x05, 0x01, 0x03, 0x06, 0x01, 0x02, 0x08, 0x03, 0x02, 0x65, 0x0a, 0x01, 0x01, 0x01, 0x00, 0x5d, 
	0x00, 0x00, 0x00, 0x49, 0x4b, 0x00, 0x09, 0x09, 0x04, 0x5d, 0x00, 0x04, 0x04, 0x4c, 0x4b, 0x00, 
	0x08, 0x08, 0x07, 0x5d, 0x0b, 0x01, 0x07, 0x07, 0x4a, 0x07, 0x4c, 0x04, 0x04, 0x00, 0x00, 0x13, 
	0x12, 0x11, 0x10, 0x04, 0x0f, 0x04, 0x0f, 0x0e, 0x0d, 0x0c, 0x0b, 0x0a, 0x09, 0x08, 0x07, 0x06, 
	0x05, 0x00, 0x03, 0x00, 0x03, 0x11, 0x0c, 0x09, 0x15, 0x2b, 0x13, 0x35, 0x21, 0x15, 0x01, 0x35, 
	0x23, 0x11, 0x33, 0x35, 0x21, 0x15, 0x33, 0x11, 0x23, 0x15, 0x25, 0x21, 0x11, 0x21, 0x7d, 0x02, 
	0x71, 0xfd, 0x8f, 0x7d, 0x7d, 0x02, 0x71, 0x7d, 0x7d, 0xfe, 0x0c, 0x01, 0x77, 0xfe, 0x89, 0x03, 
	0x6b, 0x7d, 0x7d, 0xfd, 0x12, 0x7d, 0x01, 0x77, 0x7d, 0x7d, 0xfe, 0x89, 0x7d, 0x7d, 0x01, 0x77, 
	0x00, 0x03, 0x00, 0x00, 0x00, 0x7d, 0x03, 0x6b, 0x02, 0xee, 0x00, 0x0b, 0x00, 0x13, 0x00, 0x17, 
	0x00, 0x9c, 0x4b, 0xb0, 0x0a, 0x50, 0x58, 0x40, 0x37, 0x00, 0x07, 0x01, 0x0a, 0x08, 0x07, 0x70, 
	0x00, 0x09, 0x0b, 0x00, 0x06, 0x09, 0x70, 0x00, 0x0a, 0x0d, 0x01, 0x0b, 0x09, 0x0a, 0x0b, 0x65, 
	0x03, 0x01, 0x01, 0x04, 0x01, 0x00, 0x06, 0x01, 0x00, 0x65, 0x00, 0x08, 0x08, 0x02, 0x5d, 0x00, 
	0x02, 0x02, 0x4c, 0x4b, 0x00, 0x06, 0x06, 0x05, 0x5e, 0x0c, 0x01, 0x05, 0x05, 0x4a, 0x05, 0x4c, 
	0x1b, 0x40, 0x39, 0x00, 0x07, 0x01, 0x0a, 0x01, 0x07, 0x0a, 0x7e, 0x00, 0x09, 0x0b, 0x00, 0x0b, 
	0x09, 0x00, 0x7e, 0x00, 0x0a, 0x0d, 0x01, 0x0b, 0x09, 0x0a, 0x0b, 0x65, 0x03, 0x01, 0x01, 0x04, 
	0x01, 0x00, 0x06, 0x01, 0x00, 0x65, 0x00, 0x08, 0x08, 0x02, 0x5d, 0x00, 0x02, 0x02, 0x4c, 0x4b, 
	0x00, 0x06, 0x06, 0x05, 0x5e, 0x0c, 0x01, 0x05, 0x05, 0x4a, 0x05, 0x4c, 0x59, 0x40, 0x1e, 0x14, 
	0x14, 0x00, 0x00, 0x14, 0x17, 0x14, 0x17, 0x16, 0x15, 0x13, 0x12, 0x11, 0x10, 0x0f, 0x0e, 0x0d, 
	0x0c, 0x00, 0x0b, 0x00, 0x0b, 0x11, 0x11, 0x11, 0x11, 0x11, 0x0e, 0x09, 0x19, 0x2b, 0x37, 0x35, 
	0x23, 0x11, 0x33, 0x35, 0x21, 0x15, 0x33, 0x11, 0x23, 0x15, 0x25, 0x33, 0x35, 0x23, 0x35, 0x23, 
	0x15, 0x33, 0x31, 0x35, 0x33, 0x15, 0x7d, 0x7d, 0x7d, 0x02, 0x71, 0x7d, 0x7d, 0xfe, 0x89, 0xfa, 
	0x7d, 0xfa, 0x7d, 0x7d, 0x7d, 0x7d, 0x01, 0x77, 0x7d, 0x7d, 0xfe, 0x89, 0x7d, 0x7d, 0xfa, 0x7d, 
	0xfa, 0x7d, 0x7d, 0x00, 0x00, 0x03, 0x00, 0x00, 0x00, 0x7d, 0x03, 0x6b, 0x03, 0xe8, 0x00, 0x15, 
	0x00, 0x19, 0x00, 0x1d, 0x00, 0x95, 0x4b, 0xb0, 0x0a, 0x50, 0x58, 0x40, 0x35, 0x04, 0x01, 0x02, 
	0x06, 0x07, 0x07, 0x02, 0x70, 0x08, 0x01, 0x01, 0x09, 0x01, 0x00, 0x0d, 0x01, 0x00, 0x65, 0x0c, 
	0x01, 0x06, 0x06, 0x03, 0x5d, 0x05, 0x01, 0x03, 0x03, 0x49, 0x4b, 0x00, 0x0e, 0x0e, 0x07, 0x5d, 
	0x0b, 0x01, 0x07, 0x07, 0x4c, 0x4b, 0x00, 0x0d, 0x0d, 0x0a, 0x5e, 0x0f, 0x01, 0x0a, 0x0a, 0x4a, 
	0x0a, 0x4c, 0x1b, 0x40, 0x36, 0x04, 0x01, 0x02, 0x06, 0x07, 0x06, 0x02, 0x07, 0x7e, 0x08, 0x01, 
	0x01, 0x09, 0x01, 0x00, 0x0d, 0x01, 0x00, 0x65, 0x0c, 0x01, 0x06, 0x06, 0x03, 0x5d, 0x05, 0x01, 
	0x03, 0x03, 0x49, 0x4b, 0x00, 0x0e, 0x0e, 0x07, 0x5d, 0x0b, 0x01, 0x07, 0x07, 0x4c, 0x4b, 0x00, 
	0x0d, 0x0d, 0x0a, 0x5e, 0x0f, 0x01, 0x0a, 0x0a, 0x4a, 0x0a, 0x4c, 0x59, 0x40, 0x1c, 0x00, 0x00, 
	0x1d, 0x1c, 0x1b, 0x1a, 0x19, 0x18, 0x17, 0x16, 0x00, 0x15, 0x00, 0x15, 0x14, 0x13, 0x11, 0x11, 
	0x11, 0x11, 0x11, 0x11, 0x11, 0x11, 0x11, 0x10, 0x09, 0x1d, 0x2b, 0x37, 0x35, 0x23, 0x11, 0x33, 
	0x35, 0x33, 0x35, 0x33, 0x15, 0x33, 0x35, 0x33, 0x15, 0x23, 0x15, 0x33, 0x15, 0x33, 0x11, 0x23, 
	0x15, 0x01, 0x33, 0x35, 0x23, 0x11, 0x21, 0x11, 0x21, 0x7d, 0x7d, 0x7d, 0x7d, 0xfa, 0x7d, 0x7d, 
	0x7d, 0x7d, 0x7d, 0x7d, 0xfe, 0x0c, 0x7d, 0x7d, 0x01, 0x77, 0xfe, 0x89, 0x7d, 0x7d, 0x01, 0x77, 
	0xfa, 0x7d, 0x7d, 0x7d, 0x7d, 0x7d, 0x7d, 0xfe, 0x89, 0x7d, 0x02, 0x71, 0x7d, 0xfd, 0x8f, 0x01, 
	0x77, 0x00, 0x00, 0x00, 0x00, 0x03, 0x00, 0x00, 0x00, 0x7d, 0x03, 0x6b, 0x02, 0xee, 0x00, 0x0d, 
	0x00, 0x11, 0x00, 0x15, 0x00, 0x43, 0x40, 0x40, 0x00, 0x09, 0x00, 0x04, 0x00, 0x09, 0x04, 0x66, 
	0x03, 0x01, 0x01, 0x00, 0x00, 0x05, 0x01, 0x00, 0x65, 0x0a, 0x01, 0x08, 0x08, 0x02, 0x5d, 0x00, 
	0x02, 0x02, 0x4c, 0x4b, 0x07, 0x01, 0x05, 0x05, 0x06, 0x5d, 0x0b, 0x01, 0x06, 0x06, 0x4a, 0x06, 
	0x4c, 0x00, 0x00, 0x15, 0x14, 0x13, 0x12, 0x11, 0x10, 0x0f, 0x0e, 0x00, 0x0d, 0x00, 0x0d, 0x11, 
	0x11, 0x11, 0x11, 0x11, 0x11, 0x0c, 0x09, 0x1a, 0x2b, 0x37, 0x35, 0x23, 0x11, 0x33, 0x35, 0x21, 
	0x15, 0x33, 0x15, 0x21, 0x15, 0x33, 0x15, 0x25, 0x33, 0x11, 0x23, 0x17, 0x33, 0x35, 0x23, 0x7d, 
	0x7d, 0x7d, 0x02, 0x71, 0x7d, 0xfe, 0x89, 0xfa, 0xfe, 0x0c, 0x7d, 0x7d, 0xfa, 0x7d, 0x7d, 0x7d, 
	0x7d, 0x01, 0x77, 0x7d, 0x7d, 0xfa, 0x7d, 0x7d, 0x7d, 0x01, 0x77, 0x7d, 0x7d, 0x00, 0x00, 0x00, 
	0x00, 0x02, 0x00, 0x00, 0x00, 0x00, 0x03, 0x6b, 0x02, 0xee, 0x00, 0x09, 0x00, 0x0d, 0x00, 0x35, 
	0x40, 0x32, 0x00, 0x01, 0x00, 0x02, 0x05, 0x01, 0x02, 0x65, 0x00, 0x05, 0x00, 0x03, 0x04, 0x05, 
	0x03, 0x65, 0x00, 0x06, 0x06, 0x00, 0x5d, 0x00, 0x00, 0x00, 0x4c, 0x4b, 0x07, 0x01, 0x04, 0x04, 
	0x4e, 0x04, 0x4c, 0x00, 0x00, 0x0d, 0x0c, 0x0b, 0x0a, 0x00, 0x09, 0x00, 0x09, 0x11, 0x11, 0x11, 
	0x11, 0x08, 0x09, 0x18, 0x2b, 0x31, 0x11, 0x21, 0x15, 0x33, 0x15, 0x23, 0x15, 0x21, 0x15, 0x11, 
	0x21, 0x35, 0x21, 0x02, 0xee, 0x7d, 0x7d, 0xfe, 0x0c, 0x01, 0x77, 0xfe, 0x89, 0x02, 0xee, 0x7d, 
	0xfa, 0x7d, 0xfa, 0x01, 0x77, 0xfa, 0x00, 0x00, 0x00, 0x02, 0x00, 0x00, 0x00, 0x00, 0x03, 0x6b, 
	0x03, 0xe8, 0x00, 0x0b, 0x00, 0x0f, 0x00, 0x3b, 0x40, 0x38, 0x00, 0x02, 0x00, 0x03, 0x06, 0x02, 
	0x03, 0x65, 0x00, 0x06, 0x00, 0x04, 0x05, 0x06, 0x04, 0x65, 0x00, 0x00, 0x00, 0x49, 0x4b, 0x00, 
	0x07, 0x07, 0x01, 0x5d, 0x00, 0x01, 0x01, 0x4c, 0x4b, 0x08, 0x01, 0x05, 0x05, 0x4e, 0x05, 0x4c, 
	0x00, 0x00, 0x0f, 0x0e, 0x0d, 0x0c, 0x00, 0x0b, 0x00, 0x0b, 0x11, 0x11, 0x11, 0x11, 0x11, 0x09, 
	0x09, 0x19, 0x2b, 0x31, 0x11, 0x33, 0x15, 0x21, 0x15, 0x33, 0x15, 0x23, 0x15, 0x21, 0x15, 0x11, 
	0x21, 0x35, 0x21, 0xfa, 0x01, 0xf4, 0x7d, 0x7d, 0xfe, 0x0c, 0x01, 0x77, 0xfe, 0x89, 0x03, 0xe8, 
	0xfa, 0x7d, 0xfa, 0x7d, 0xfa, 0x01, 0x77, 0xfa, 0x00, 0x02, 0x00, 0x00, 0x00, 0x00, 0x03, 0x6b, 
	0x02, 0xee, 0x00, 0x09, 0x00, 0x0d, 0x00, 0x35, 0x40, 0x32, 0x00, 0x02, 0x00, 0x01, 0x05, 0x02, 
	0x01, 0x65, 0x00, 0x05, 0x00, 0x00, 0x04, 0x05, 0x00, 0x65, 0x00, 0x06, 0x06, 0x03, 0x5d, 0x00, 
	0x03, 0x03, 0x4c, 0x4b, 0x07, 0x01, 0x04, 0x04, 0x4e, 0x04, 0x4c, 0x00, 0x00, 0x0d, 0x0c, 0x0b, 
	0x0a, 0x00, 0x09, 0x00, 0x09, 0x11, 0x11, 0x11, 0x11, 0x08, 0x09, 0x18, 0x2b, 0x21, 0x35, 0x21, 
	0x35, 0x23, 0x35, 0x33, 0x35, 0x21, 0x11, 0x01, 0x21, 0x35, 0x21, 0x02, 0x71, 0xfe, 0x0c, 0x7d, 
	0x7d, 0x02, 0xee, 0xfd, 0x8f, 0x01, 0x77, 0xfe, 0x89, 0xfa, 0x7d, 0xfa, 0x7d, 0xfd, 0x12, 0x01, 
	0x77, 0xfa, 0x00, 0x00, 0x00, 0x02, 0x00, 0x7d, 0x00, 0x7d, 0x03, 0x6b, 0x02, 0xee, 0x00, 0x07, 
	0x00, 0x0b, 0x00, 0x2b, 0x40, 0x28, 0x00, 0x00, 0x00, 0x01, 0x02, 0x00, 0x01, 0x65, 0x00, 0x04, 
	0x04, 0x03, 0x5d, 0x06, 0x05, 0x02, 0x03, 0x03, 0x4c, 0x4b, 0x00, 0x02, 0x02, 0x4a, 0x02, 0x4c, 
	0x08, 0x08, 0x08, 0x0b, 0x08, 0x0b, 0x12, 0x11, 0x11, 0x11, 0x10, 0x07, 0x09, 0x19, 0x2b, 0x01, 
	0x33, 0x15, 0x23, 0x11, 0x23, 0x11, 0x33, 0x21, 0x15, 0x21, 0x35, 0x01, 0x77, 0x7d, 0x7d, 0xfa, 
	0xfa, 0x01, 0xf4, 0xfe, 0x89, 0x02, 0x71, 0x7d, 0xfe, 0x89, 0x02, 0x71, 0x7d, 0x7d, 0x00, 0x00, 
	0x00, 0x04, 0x00, 0x7d, 0x00, 0x7d, 0x03, 0x6b, 0x03, 0xe8, 0x00, 0x03, 0x00, 0x07, 0x00, 0x0f, 
	0x00, 0x13, 0x00, 0x41, 0x40, 0x3e, 0x00, 0x03, 0x00, 0x02, 0x07, 0x03, 0x02, 0x65, 0x00, 0x04, 
	0x00, 0x05, 0x06, 0x04, 0x05, 0x65, 0x00, 0x00, 0x00, 0x01, 0x5d, 0x00, 0x01, 0x01, 0x49, 0x4b, 
	0x00, 0x08, 0x08, 0x07, 0x5d, 0x0a, 0x09, 0x02, 0x07, 0x07, 0x4c, 0x4b, 0x00, 0x06, 0x06, 0x4a, 
	0x06, 0x4c, 0x10, 0x10, 0x10, 0x13, 0x10, 0x13, 0x12, 0x11, 0x11, 0x11, 0x11, 0x11, 0x11, 0x11, 
	0x10, 0x0b, 0x09, 0x1d, 0x2b, 0x01, 0x23, 0x35, 0x33, 0x07, 0x23, 0x35, 0x33, 0x07, 0x33, 0x15, 
	0x23, 0x11, 0x23, 0x11, 0x33, 0x21, 0x15, 0x21, 0x35, 0x02, 0x71, 0x7d, 0x7d, 0x7d, 0x7d, 0x7d, 
	0x7d, 0x7d, 0x7d, 0xfa, 0xfa, 0x01, 0xf4, 0xfe, 0x89, 0x03, 0x6b, 0x7d, 0xfa, 0x7d, 0xfa, 0x7d, 
	0xfe, 0x89, 0x02, 0x71, 0x7d, 0x7d, 0x00, 0x00, 0x00, 0x02, 0x00, 0x7d, 0x00, 0x7d, 0x03, 0x6b, 
	0x03, 0xe8, 0x00, 0x13, 0x00, 0x17, 0x00, 0x8c, 0x4b, 0xb0, 0x0a, 0x50, 0x58, 0x40, 0x33, 0x00, 
	0x03, 0x01, 0x0b, 0x00, 0x03, 0x70, 0x00, 0x0b, 0x00, 0x01, 0x0b, 0x6e, 0x00, 0x0a, 0x00, 0x08, 
	0x09, 0x0a, 0x08, 0x65, 0x05, 0x01, 0x01, 0x01, 0x02, 0x5d, 0x04, 0x01, 0x02, 0x02, 0x49, 0x4b, 
	0x00, 0x07, 0x07, 0x00, 0x5d, 0x06, 0x01, 0x00, 0x00, 0x4c, 0x4b, 0x0c, 0x01, 0x09, 0x09, 0x4a, 
	0x09, 0x4c, 0x1b, 0x40, 0x35, 0x00, 0x03, 0x01, 0x0b, 0x01, 0x03, 0x0b, 0x7e, 0x00, 0x0b, 0x00, 
	0x01, 0x0b, 0x00, 0x7c, 0x00, 0x0a, 0x00, 0x08, 0x09, 0x0a, 0x08, 0x65, 0x05, 0x01, 0x01, 0x01, 
	0x02, 0x5d, 0x04, 0x01, 0x02, 0x02, 0x49, 0x4b, 0x00, 0x07, 0x07, 0x00, 0x5d, 0x06, 0x01, 0x00, 
	0x00, 0x4c, 0x4b, 0x0c, 0x01, 0x09, 0x09, 0x4a, 0x09, 0x4c, 0x59, 0x40, 0x16, 0x00, 0x00, 0x17, 
	0x16, 0x15, 0x14, 0x00, 0x13, 0x00, 0x13, 0x11, 0x11, 0x11, 0x11, 0x11, 0x11, 0x11, 0x11, 0x11, 
	0x0d, 0x09, 0x1d, 0x2b, 0x37, 0x11, 0x33, 0x35, 0x23, 0x35, 0x33, 0x15, 0x33, 0x35, 0x33, 0x15, 
	0x23, 0x15, 0x33, 0x15, 0x21, 0x15, 0x23, 0x11, 0x11, 0x33, 0x35, 0x23, 0x7d, 0xfa, 0x7d, 0xfa, 
	0x7d, 0xfa, 0x7d, 0x7d, 0xfe, 0x89, 0x7d, 0x7d, 0x7d, 0x7d, 0x02, 0x71, 0x7d, 0x7d, 0x7d, 0x7d, 
	0x7d, 0x7d, 0x7d, 0x7d, 0xfe, 0x89, 0x01, 0xf4, 0x7d, 0x00, 0x00, 0x00, 0x00, 0x02, 0x00, 0x7d, 
	0x00, 0x00, 0x03, 0x6b, 0x03, 0x6b, 0x00, 0x0f, 0x00, 0x13, 0x00, 0x44, 0x40, 0x41, 0x00, 0x08, 
	0x00, 0x07, 0x08, 0x55, 0x0a, 0x09, 0x02, 0x07, 0x00, 0x06, 0x02, 0x07, 0x06, 0x65, 0x00, 0x01, 
	0x01, 0x00, 0x5d, 0x00, 0x00, 0x00, 0x4c, 0x4b, 0x00, 0x02, 0x02, 0x03, 0x5d, 0x00, 0x03, 0x03, 
	0x4a, 0x4b, 0x00, 0x05, 0x05, 0x04, 0x5d, 0x00, 0x04, 0x04, 0x4e, 0x04, 0x4c, 0x10, 0x10, 0x10, 
	0x13, 0x10, 0x13, 0x12, 0x11, 0x11, 0x11, 0x11, 0x11, 0x11, 0x11, 0x10, 0x0b, 0x09, 0x1d, 0x2b, 
	0x01, 0x33, 0x15, 0x23, 0x11, 0x33, 0x15, 0x23, 0x15, 0x23, 0x35, 0x33, 0x35, 0x23, 0x11, 0x33, 
	0x21, 0x15, 0x21, 0x35, 0x01, 0x77, 0x7d, 0x7d, 0x7d, 0x7d, 0xfa, 0x7d, 0x7d, 0xfa, 0x01, 0xf4, 
	0xfe, 0x89, 0x02, 0xee, 0x7d, 0xfe, 0x89, 0x7d, 0x7d, 0x7d, 0x7d, 0x02, 0x71, 0x7d, 0x7d, 0x00, 
	0x00, 0x01, 0x00, 0x00, 0x00, 0x7d, 0x03, 0x6b, 0x02, 0xee, 0x00, 0x13, 0x00, 0x43, 0x40, 0x40, 
	0x00, 0x03, 0x00, 0x02, 0x06, 0x03, 0x02, 0x65, 0x00, 0x06, 0x00, 0x01, 0x07, 0x06, 0x01, 0x65, 
	0x00, 0x07, 0x00, 0x08, 0x00, 0x07, 0x08, 0x65, 0x00, 0x05, 0x05, 0x04, 0x5d, 0x00, 0x04, 0x04, 
	0x4c, 0x4b, 0x00, 0x00, 0x00, 0x09, 0x5d, 0x0a, 0x01, 0x09, 0x09, 0x4a, 0x09, 0x4c, 0x00, 0x00, 
	0x00, 0x13, 0x00, 0x13, 0x11, 0x11, 0x11, 0x11, 0x11, 0x11, 0x11, 0x11, 0x11, 0x0b, 0x09, 0x1d, 
	0x2b, 0x35, 0x35, 0x21, 0x35, 0x21, 0x35, 0x23, 0x35, 0x33, 0x35, 0x21, 0x15, 0x21, 0x15, 0x21, 
	0x15, 0x33, 0x15, 0x23, 0x15, 0x02, 0x71, 0xfe, 0x0c, 0x7d, 0x7d, 0x02, 0x71, 0xfe, 0x0c, 0x01, 
	0xf4, 0x7d, 0x7d, 0x7d, 0x7d, 0x7d, 0x7d, 0x7d, 0x7d, 0x7d, 0x7d, 0x7d, 0x7d, 0x7d, 0x00, 0x00, 
	0x00, 0x02, 0x00, 0x00, 0x00, 0x7d, 0x03, 0x6b, 0x03, 0xe8, 0x00, 0x03, 0x00, 0x1b, 0x00, 0xa9, 
	0x4b, 0xb0, 0x0a, 0x50, 0x58, 0x40, 0x40, 0x00, 0x09, 0x00, 0x08, 0x08, 0x09, 0x70, 0x00, 0x07, 
	0x00, 0x06, 0x0c, 0x07, 0x06, 0x65, 0x00, 0x0c, 0x00, 0x05, 0x0d, 0x0c, 0x05, 0x65, 0x0e, 0x01, 
	0x0d, 0x00, 0x02, 0x04, 0x0d, 0x02, 0x65, 0x00, 0x00, 0x00, 0x01, 0x5d, 0x00, 0x01, 0x01, 0x49, 
	0x4b, 0x00, 0x0b, 0x0b, 0x08, 0x5d, 0x0a, 0x01, 0x08, 0x08, 0x4c, 0x4b, 0x00, 0x04, 0x04, 0x03, 
	0x5d, 0x00, 0x03, 0x03, 0x4a, 0x03, 0x4c, 0x1b, 0x40, 0x41, 0x00, 0x09, 0x00, 0x08, 0x00, 0x09, 
	0x08, 0x7e, 0x00, 0x07, 0x00, 0x06, 0x0c, 0x07, 0x06, 0x65, 0x00, 0x0c, 0x00, 0x05, 0x0d, 0x0c, 
	0x05, 0x65, 0x0e, 0x01, 0x0d, 0x00, 0x02, 0x04, 0x0d, 0x02, 0x65, 0x00, 0x00, 0x00, 0x01, 0x5d, 
	0x00, 0x01, 0x01, 0x49, 0x4b, 0x00, 0x0b, 0x0b, 0x08, 0x5d, 0x0a, 0x01, 0x08, 0x08, 0x4c, 0x4b, 
	0x00, 0x04, 0x04, 0x03, 0x5d, 0x00, 0x03, 0x03, 0x4a, 0x03, 0x4c, 0x59, 0x40, 0x1a, 0x04, 0x04, 
	0x04, 0x1b, 0x04, 0x1b, 0x1a, 0x19, 0x18, 0x17, 0x16, 0x15, 0x14, 0x13, 0x11, 0x11, 0x11, 0x11, 
	0x11, 0x11, 0x12, 0x11, 0x10, 0x0f, 0x09, 0x1d, 0x2b, 0x01, 0x23, 0x35, 0x33, 0x13, 0x15, 0x23, 
	0x15, 0x21, 0x35, 0x21, 0x35, 0x21, 0x35, 0x23, 0x35, 0x33, 0x35, 0x33, 0x35, 0x33, 0x15, 0x33, 
	0x15, 0x21, 0x15, 0x21, 0x15, 0x02, 0x71, 0x7d, 0x7d, 0xfa, 0x7d, 0xfd, 0x12, 0x02, 0x71, 0xfe, 
	0x0c, 0x7d, 0x7d, 0xfa, 0x7d, 0xfa, 0xfe, 0x0c, 0x01, 0xf4, 0x03, 0x6b, 0x7d, 0xfd, 0x8f, 0x7d, 
	0x7d, 0x7d, 0x7d, 0x7d, 0x7d, 0x7d, 0x7d, 0x7d, 0x7d, 0x7d, 0x7d, 0x00, 0x00, 0x01, 0x00, 0x00, 
	0x00, 0x7d, 0x03, 0x6b, 0x03, 0xe8, 0x00, 0x1f, 0x00, 0xb1, 0x4b, 0xb0, 0x0a, 0x50, 0x58, 0x40, 
	0x42, 0x00, 0x07, 0x05, 0x04, 0x04, 0x07, 0x70, 0x00, 0x03, 0x00, 0x02, 0x0c, 0x03, 0x02, 0x65, 
	0x00, 0x0c, 0x00, 0x01, 0x0d, 0x0c, 0x01, 0x66, 0x00, 0x0d, 0x00, 0x0e, 0x00, 0x0d, 0x0e, 0x65, 
	0x09, 0x01, 0x05, 0x05, 0x06, 0x5d, 0x08, 0x01, 0x06, 0x06, 0x49, 0x4b, 0x00, 0x0b, 0x0b, 0x04, 
	0x5d, 0x0a, 0x01, 0x04, 0x04, 0x4c, 0x4b, 0x00, 0x00, 0x00, 0x0f, 0x5d, 0x10, 0x01, 0x0f, 0x0f, 
	0x4a, 0x0f, 0x4c, 0x1b, 0x40, 0x43, 0x00, 0x07, 0x05, 0x04, 0x05, 0x07, 0x04, 0x7e, 0x00, 0x03, 
	0x00, 0x02, 0x0c, 0x03, 0x02, 0x65, 0x00, 0x0c, 0x00, 0x01, 0x0d, 0x0c, 0x01, 0x66, 0x00, 0x0d, 
	0x00, 0x0e, 0x00, 0x0d, 0x0e, 0x65, 0x09, 0x01, 0x05, 0x05, 0x06, 0x5d, 0x08, 0x01, 0x06, 0x06, 
	0x49, 0x4b, 0x00, 0x0b, 0x0b, 0x04, 0x5d, 0x0a, 0x01, 0x04, 0x04, 0x4c, 0x4b, 0x00, 0x00, 0x00, 
	0x0f, 0x5d, 0x10, 0x01, 0x0f, 0x0f, 0x4a, 0x0f, 0x4c, 0x59, 0x40, 0x1e, 0x00, 0x00, 0x00, 0x1f, 
	0x00, 0x1f, 0x1e, 0x1d, 0x1c, 0x1b, 0x1a, 0x19, 0x18, 0x17, 0x16, 0x15, 0x14, 0x13, 0x11, 0x11, 
	0x11, 0x11, 0x11, 0x11, 0x11, 0x11, 0x11, 0x11, 0x09, 0x1d, 0x2b, 0x35, 0x35, 0x21, 0x35, 0x21, 
	0x35, 0x23, 0x35, 0x33, 0x35, 0x33, 0x35, 0x23, 0x35, 0x33, 0x15, 0x33, 0x35, 0x33, 0x15, 0x23, 
	0x15, 0x33, 0x15, 0x21, 0x15, 0x21, 0x15, 0x33, 0x15, 0x23, 0x15, 0x02, 0x71, 0xfe, 0x0c, 0x7d, 
	0x7d, 0x7d, 0x7d, 0xfa, 0x7d, 0xfa, 0x7d, 0x7d, 0xfe, 0x0c, 0x01, 0xf4, 0x7d, 0x7d, 0x7d, 0x7d, 
	0x7d, 0x7d, 0x7d, 0x7d, 0x7d, 0x7d, 0x7d, 0x7d, 0x7d, 0x7d, 0x7d, 0x7d, 0x7d, 0x7d, 0x7d, 0x00, 
	0x00, 0x02, 0x00, 0x00, 0x00, 0x00, 0x03, 0x6b, 0x03, 0x6b, 0x00, 0x17, 0x00, 0x1b, 0x00, 0x59, 
	0x40, 0x56, 0x00, 0x08, 0x00, 0x09, 0x07, 0x08, 0x09, 0x65, 0x00, 0x0a, 0x00, 0x05, 0x0b, 0x0a, 
	0x05, 0x65, 0x0e, 0x01, 0x0b, 0x00, 0x00, 0x04, 0x0b, 0x00, 0x65, 0x00, 0x04, 0x03, 0x01, 0x01, 
	0x02, 0x04, 0x01, 0x65, 0x00, 0x06, 0x06, 0x07, 0x5d, 0x00, 0x07, 0x07, 0x4c, 0x4b, 0x00, 0x02, 
	0x02, 0x4a, 0x4b, 0x00, 0x0c, 0x0c, 0x0d, 0x5d, 0x00, 0x0d, 0x0d, 0x4e, 0x0d, 0x4c, 0x00, 0x00, 
	0x1b, 0x1a, 0x19, 0x18, 0x00, 0x17, 0x00, 0x17, 0x16, 0x15, 0x14, 0x13, 0x11, 0x11, 0x11, 0x11, 
	0x11, 0x11, 0x11, 0x11, 0x11, 0x0f, 0x09, 0x1d, 0x2b, 0x01, 0x15, 0x23, 0x15, 0x23, 0x15, 0x23, 
	0x35, 0x21, 0x35, 0x21, 0x35, 0x21, 0x35, 0x23, 0x35, 0x33, 0x35, 0x21, 0x15, 0x21, 0x15, 0x21, 
	0x15, 0x01, 0x33, 0x15, 0x23, 0x03, 0x6b, 0x7d, 0x7d, 0x7d, 0xfe, 0x0c, 0x02, 0x71, 0xfe, 0x0c, 
	0x7d, 0x7d, 0x02, 0x71, 0xfe, 0x0c, 0x01, 0xf4, 0xfe, 0x0c, 0xfa, 0xfa, 0x01, 0xf4, 0x7d, 0x7d, 
	0x7d, 0x7d, 0x7d, 0x7d, 0x7d, 0x7d, 0x7d, 0x7d, 0x7d, 0x7d, 0xfe, 0x89, 0x7d, 0x00, 0x00, 0x00, 
	0x00, 0x02, 0x00, 0x00, 0x00, 0x7d, 0x03, 0x6b, 0x03, 0xe8, 0x00, 0x17, 0x00, 0x1b, 0x00, 0xa9, 
	0x4b, 0xb0, 0x0a, 0x50, 0x58, 0x40, 0x40, 0x06, 0x01, 0x04, 0x0d, 0x0c, 0x0c, 0x04, 0x70, 0x00, 
	0x03, 0x00, 0x02, 0x08, 0x03, 0x02, 0x65, 0x00, 0x08, 0x00, 0x01, 0x09, 0x08, 0x01, 0x66, 0x00, 
	0x09, 0x00, 0x0a, 0x00, 0x09, 0x0a, 0x65, 0x00, 0x0d, 0x0d, 0x05, 0x5d, 0x00, 0x05, 0x05, 0x49, 
	0x4b, 0x00, 0x07, 0x07, 0x0c, 0x5d, 0x00, 0x0c, 0x0c, 0x4c, 0x4b, 0x00, 0x00, 0x00, 0x0b, 0x5d, 
	0x0e, 0x01, 0x0b, 0x0b, 0x4a, 0x0b, 0x4c, 0x1b, 0x40, 0x41, 0x06, 0x01, 0x04, 0x0d, 0x0c, 0x0d, 
	0x04, 0x0c, 0x7e, 0x00, 0x03, 0x00, 0x02, 0x08, 0x03, 0x02, 0x65, 0x00, 0x08, 0x00, 0x01, 0x09, 
	0x08, 0x01, 0x66, 0x00, 0x09, 0x00, 0x0a, 0x00, 0x09, 0x0a, 0x65, 0x00, 0x0d, 0x0d, 0x05, 0x5d, 
	0x00, 0x05, 0x05, 0x49, 0x4b, 0x00, 0x07, 0x07, 0x0c, 0x5d, 0x00, 0x0c, 0x0c, 0x4c, 0x4b, 0x00, 
	0x00, 0x00, 0x0b, 0x5d, 0x0e, 0x01, 0x0b, 0x0b, 0x4a, 0x0b, 0x4c, 0x59, 0x40, 0x1a, 0x00, 0x00, 
	0x1b, 0x1a, 0x19, 0x18, 0x00, 0x17, 0x00, 0x17, 0x16, 0x15, 0x14, 0x13, 0x11, 0x11, 0x11, 0x11, 
	0x11, 0x11, 0x11, 0x11, 0x11, 0x0f, 0x09, 0x1d, 0x2b, 0x35, 0x35, 0x21, 0x35, 0x21, 0x35, 0x23, 
	0x35, 0x33, 0x35, 0x33, 0x35, 0x21, 0x15, 0x33, 0x15, 0x21, 0x15, 0x21, 0x15, 0x33, 0x15, 0x23, 
	0x15, 0x01, 0x33, 0x35, 0x23, 0x02, 0x71, 0xfe, 0x0c, 0x7d, 0x7d, 0x7d, 0x01, 0x77, 0x7d, 0xfe, 
	0x0c, 0x01, 0xf4, 0x7d, 0x7d, 0xfe, 0x89, 0x7d, 0x7d, 0x7d, 0x7d, 0x7d, 0x7d, 0x7d, 0xfa, 0x7d, 
	0x7d, 0xfa, 0x7d, 0x7d, 0x7d, 0x7d, 0x02, 0x71, 0x7d, 0x00, 0x00, 0x00, 0x00, 0x01, 0x00, 0x7d, 
	0x00, 0x7d, 0x03, 0x6b, 0x03, 0xe8, 0x00, 0x1b, 0x00, 0x54, 0x40, 0x51, 0x0e, 0x0d, 0x02, 0x0b, 
	0x00, 0x00, 0x06, 0x0b, 0x00, 0x65, 0x00, 0x06, 0x00, 0x05, 0x01, 0x06, 0x05, 0x65, 0x00, 0x01, 
	0x08, 0x02, 0x01, 0x55, 0x00, 0x08, 0x09, 0x01, 0x02, 0x04, 0x08, 0x02, 0x65, 0x00, 0x07, 0x07, 
	0x0c, 0x5d, 0x00, 0x0c, 0x0c, 0x49, 0x4b, 0x00, 0x04, 0x04, 0x03, 0x5d, 0x0a, 0x01, 0x03, 0x03, 
	0x4a, 0x03, 0x4c, 0x00, 0x00, 0x00, 0x1b, 0x00, 0x1b, 0x1a, 0x19, 0x18, 0x17, 0x16, 0x15, 0x14, 
	0x13, 0x11, 0x11, 0x11, 0x11, 0x11, 0x11, 0x11, 0x11, 0x11, 0x0f, 0x09, 0x1d, 0x2b, 0x01, 0x15, 
	0x23, 0x15, 0x33, 0x15, 0x23, 0x15, 0x23, 0x35, 0x33, 0x35, 0x23, 0x35, 0x33, 0x35, 0x23, 0x11, 
	0x33, 0x15, 0x23, 0x15, 0x23, 0x11, 0x33, 0x35, 0x21, 0x15, 0x03, 0x6b, 0x7d, 0x7d, 0x7d, 0xfa, 
	0x7d, 0x7d, 0x7d, 0xfa, 0x7d, 0x7d, 0xfa, 0x7d, 0x01, 0xf4, 0x03, 0x6b, 0xfa, 0x7d, 0xfa, 0x7d, 
	0x7d, 0xfa, 0x7d, 0xfa, 0xfe, 0x0c, 0x7d, 0x7d, 0x02, 0xee, 0x7d, 0x7d, 0x00, 0x01, 0x01, 0x77, 
	0x00, 0x7d, 0x03, 0x6b, 0x03, 0xe8, 0x00, 0x07, 0x00, 0x25, 0x40, 0x22, 0x00, 0x02, 0x02, 0x01, 
	0x5d, 0x00, 0x01, 0x01, 0x49, 0x4b, 0x00, 0x00, 0x00, 0x03, 0x5d, 0x04, 0x01, 0x03, 0x03, 0x4a, 
	0x03, 0x4c, 0x00, 0x00, 0x00, 0x07, 0x00, 0x07, 0x11, 0x11, 0x11, 0x05, 0x09, 0x17, 0x2b, 0x25, 
	0x11, 0x33, 0x35, 0x21, 0x15, 0x23, 0x11, 0x01, 0x77, 0x7d, 0x01, 0x77, 0xfa, 0x7d, 0x02, 0xee, 
	0x7d, 0x7d, 0xfd, 0x12, 0x00, 0x01, 0x00, 0x7d, 0x00, 0x7d, 0x03, 0x6b, 0x03, 0xe8, 0x00, 0x0b, 
	0x00, 0x29, 0x40, 0x26, 0x00, 0x02, 0x02, 0x49, 0x4b, 0x04, 0x01, 0x00, 0x00, 0x01, 0x5d, 0x03, 
	0x01, 0x01, 0x01, 0x4c, 0x4b, 0x06, 0x01, 0x05, 0x05, 0x4a, 0x05, 0x4c, 0x00, 0x00, 0x00, 0x0b, 
	0x00, 0x0b, 0x11, 0x11, 0x11, 0x11, 0x11, 0x07, 0x09, 0x19, 0x2b, 0x25, 0x11, 0x23, 0x35, 0x33, 
	0x35, 0x33, 0x15, 0x33, 0x15, 0x23, 0x11, 0x01, 0x77, 0xfa, 0xfa, 0xfa, 0xfa, 0xfa, 0x7d, 0x01, 
	0xf4, 0x7d, 0xfa, 0xfa, 0x7d, 0xfe, 0x0c, 0x00, 0x00, 0x01, 0x00, 0x7d, 0x00, 0x7d, 0x03, 0x6b, 
	0x03, 0xe8, 0x00, 0x13, 0x00, 0x3d, 0x40, 0x3a, 0x00, 0x07, 0x00, 0x08, 0x01, 0x07, 0x08, 0x65, 
	0x00, 0x01, 0x00, 0x00, 0x09, 0x01, 0x00, 0x65, 0x00, 0x04, 0x04, 0x49, 0x4b, 0x06, 0x01, 0x02, 
	0x02, 0x03, 0x5d, 0x05, 0x01, 0x03, 0x03, 0x4c, 0x4b, 0x0a, 0x01, 0x09, 0x09, 0x4a, 0x09, 0x4c, 
	0x00, 0x00, 0x00, 0x13, 0x00, 0x13, 0x11, 0x11, 0x11, 0x11, 0x11, 0x11, 0x11, 0x11, 0x11, 0x0b, 
	0x09, 0x1d, 0x2b, 0x25, 0x35, 0x23, 0x35, 0x33, 0x35, 0x23, 0x35, 0x33, 0x35, 0x33, 0x15, 0x33, 
	0x15, 0x23, 0x15, 0x33, 0x15, 0x23, 0x15, 0x01, 0x77, 0x7d, 0x7d, 0xfa, 0xfa, 0xfa, 0xfa, 0xfa, 
	0x7d, 0x7d, 0x7d, 0x7d, 0x7d, 0xfa, 0x7d, 0xfa, 0xfa, 0x7d, 0x7d, 0x7d, 0xfa, 0x00, 0x00, 0x00, 
	0x00, 0x03, 0x00, 0x7d, 0x00, 0x7d, 0x03, 0x6b, 0x03, 0xe8, 0x00, 0x03, 0x00, 0x07, 0x00, 0x13, 
	0x00, 0x44, 0x40, 0x41, 0x0b, 0x09, 0x02, 0x07, 0x06, 0x01, 0x04, 0x05, 0x07, 0x04, 0x65, 0x02, 
	0x01, 0x00, 0x00, 0x01, 0x5d, 0x03, 0x0a, 0x02, 0x01, 0x01, 0x49, 0x4b, 0x00, 0x08, 0x08, 0x05, 
	0x5d, 0x00, 0x05, 0x05, 0x4a, 0x05, 0x4c, 0x08, 0x08, 0x00, 0x00, 0x08, 0x13, 0x08, 0x13, 0x12, 
	0x11, 0x10, 0x0f, 0x0e, 0x0d, 0x0c, 0x0b, 0x0a, 0x09, 0x07, 0x06, 0x05, 0x04, 0x00, 0x03, 0x00, 
	0x03, 0x11, 0x0c, 0x09, 0x15, 0x2b, 0x01, 0x15, 0x23, 0x35, 0x05, 0x23, 0x35, 0x33, 0x13, 0x15, 
	0x23, 0x11, 0x23, 0x11, 0x23, 0x35, 0x33, 0x35, 0x33, 0x15, 0x01, 0x77, 0x7d, 0x01, 0xf4, 0x7d, 
	0x7d, 0x7d, 0xfa, 0xfa, 0xfa, 0xfa, 0xfa, 0x03, 0xe8, 0x7d, 0x7d, 0x7d, 0x7d, 0xfe, 0x89, 0x7d, 
	0xfe, 0x89, 0x01, 0x77, 0x7d, 0xfa, 0xfa, 0x00, 0x00, 0x02, 0x00, 0x7d, 0x00, 0x00, 0x03, 0x6b, 
	0x03, 0xe8, 0x00, 0x0d, 0x00, 0x11, 0x00, 0x3d, 0x40, 0x3a, 0x03, 0x01, 0x00, 0x00, 0x04, 0x5d, 
	0x09, 0x06, 0x02, 0x04, 0x04, 0x4c, 0x4b, 0x00, 0x02, 0x02, 0x05, 0x5d, 0x00, 0x05, 0x05, 0x49, 
	0x4b, 0x00, 0x01, 0x01, 0x4a, 0x4b, 0x00, 0x07, 0x07, 0x08, 0x5d, 0x00, 0x08, 0x08, 0x4e, 0x08, 
	0x4c, 0x00, 0x00, 0x11, 0x10, 0x0f, 0x0e, 0x00, 0x0d, 0x00, 0x0d, 0x11, 0x11, 0x11, 0x11, 0x11, 
	0x11, 0x0a, 0x09, 0x1a, 0x2b, 0x01, 0x15, 0x23, 0x11, 0x23, 0x35, 0x23, 0x11, 0x23, 0x35, 0x33, 
	0x35, 0x33, 0x15, 0x01, 0x33, 0x15, 0x23, 0x03, 0x6b, 0xfa, 0x7d, 0x7d, 0xfa, 0xfa, 0xfa, 0xfe, 
	0x89, 0xfa, 0xfa, 0x02, 0xee, 0x7d, 0xfe, 0x0c, 0x7d, 0x01, 0x77, 0x7d, 0xfa, 0xfa, 0xfd, 0x8f, 
	0x7d, 0x00, 0x00, 0x00, 0x00, 0x01, 0x00, 0x00, 0x00, 0x7d, 0x03, 0x6b, 0x02, 0xee, 0x00, 0x09, 
	0x00, 0x27, 0x40, 0x24, 0x00, 0x00, 0x00, 0x01, 0x5d, 0x03, 0x01, 0x01, 0x01, 0x4c, 0x4b, 0x00, 
	0x02, 0x02, 0x04, 0x5e, 0x05, 0x01, 0x04, 0x04, 0x4a, 0x04, 0x4c, 0x00, 0x00, 0x00, 0x09, 0x00, 
	0x09, 0x11, 0x11, 0x11, 0x11, 0x06, 0x09, 0x18, 0x2b, 0x37, 0x35, 0x23, 0x11, 0x33, 0x11, 0x21, 
	0x11, 0x33, 0x11, 0x7d, 0x7d, 0xfa, 0x01, 0x77, 0xfa, 0x7d, 0x7d, 0x01, 0xf4, 0xfe, 0x0c, 0x01, 
	0xf4, 0xfd, 0x8f, 0x00, 0x00, 0x03, 0x00, 0x00, 0x00, 0x7d, 0x03, 0x6b, 0x03, 0xe8, 0x00, 0x03, 
	0x00, 0x07, 0x00, 0x11, 0x00, 0x3d, 0x40, 0x3a, 0x00, 0x03, 0x00, 0x02, 0x06, 0x03, 0x02, 0x65, 
	0x00, 0x00, 0x00, 0x01, 0x5d, 0x00, 0x01, 0x01, 0x49, 0x4b, 0x00, 0x05, 0x05, 0x06, 0x5d, 0x09, 
	0x08, 0x02, 0x06, 0x06, 0x4c, 0x4b, 0x00, 0x07, 0x07, 0x04, 0x5e, 0x00, 0x04, 0x04, 0x4a, 0x04, 
	0x4c, 0x08, 0x08, 0x08, 0x11, 0x08, 0x11, 0x11, 0x11, 0x11, 0x12, 0x11, 0x11, 0x11, 0x10, 0x0a, 
	0x09, 0x1c, 0x2b, 0x01, 0x23, 0x35, 0x33, 0x07, 0x23, 0x35, 0x33, 0x05, 0x11, 0x21, 0x35, 0x23, 
	0x11, 0x33, 0x11, 0x21, 0x11, 0x02, 0x71, 0x7d, 0x7d, 0x7d, 0x7d, 0x7d, 0x01, 0x77, 0xfd, 0x12, 
	0x7d, 0xfa, 0x01, 0x77, 0x03, 0x6b, 0x7d, 0xfa, 0x7d, 0x7d, 0xfd, 0x8f, 0x7d, 0x01, 0xf4, 0xfe, 
	0x0c, 0x01, 0xf4, 0x00, 0x00, 0x04, 0x00, 0x00, 0x00, 0x7d, 0x03, 0x6b, 0x03, 0xe8, 0x00, 0x03, 
	0x00, 0x07, 0x00, 0x0b, 0x00, 0x15, 0x00, 0x4f, 0x40, 0x4c, 0x00, 0x05, 0x00, 0x04, 0x08, 0x05, 
	0x04, 0x65, 0x02, 0x01, 0x00, 0x00, 0x01, 0x5d, 0x03, 0x0b, 0x02, 0x01, 0x01, 0x49, 0x4b, 0x00, 
	0x07, 0x07, 0x08, 0x5d, 0x0c, 0x0a, 0x02, 0x08, 0x08, 0x4c, 0x4b, 0x00, 0x09, 0x09, 0x06, 0x5e, 
	0x00, 0x06, 0x06, 0x4a, 0x06, 0x4c, 0x0c, 0x0c, 0x00, 0x00, 0x0c, 0x15, 0x0c, 0x15, 0x14, 0x13, 
	0x12, 0x11, 0x10, 0x0f, 0x0e, 0x0d, 0x0b, 0x0a, 0x09, 0x08, 0x07, 0x06, 0x05, 0x04, 0x00, 0x03, 
	0x00, 0x03, 0x11, 0x0d, 0x09, 0x15, 0x2b, 0x13, 0x15, 0x23, 0x35, 0x05, 0x23, 0x35, 0x33, 0x07, 
	0x21, 0x35, 0x21, 0x17, 0x11, 0x21, 0x35, 0x23, 0x11, 0x33, 0x11, 0x21, 0x11, 0xfa, 0x7d, 0x02, 
	0x71, 0x7d, 0x7d, 0x7d, 0xfe, 0x89, 0x01, 0x77, 0xfa, 0xfd, 0x12, 0x7d, 0xfa, 0x01, 0x77, 0x03, 
	0xe8, 0x7d, 0x7d, 0x7d, 0x7d, 0xfa, 0x7d, 0x7d, 0xfd, 0x8f, 0x7d, 0x01, 0xf4, 0xfe, 0x0c, 0x01, 
	0xf4, 0x00, 0x00, 0x00, 0x00, 0x02, 0x00, 0x00, 0x00, 0x7d, 0x03, 0x6b, 0x03, 0xe8, 0x00, 0x0b, 
	0x00, 0x15, 0x00, 0x49, 0x40, 0x46, 0x02, 0x01, 0x00, 0x0b, 0x05, 0x02, 0x03, 0x07, 0x00, 0x03, 
	0x65, 0x09, 0x01, 0x07, 0x00, 0x06, 0x08, 0x07, 0x06, 0x65, 0x00, 0x04, 0x04, 0x01, 0x5d, 0x00, 
	0x01, 0x01, 0x49, 0x4b, 0x00, 0x08, 0x08, 0x0a, 0x5e, 0x0c, 0x01, 0x0a, 0x0a, 0x4a, 0x0a, 0x4c, 
	0x0c, 0x0c, 0x00, 0x00, 0x0c, 0x15, 0x0c, 0x15, 0x14, 0x13, 0x12, 0x11, 0x10, 0x0f, 0x0e, 0x0d, 
	0x00, 0x0b, 0x00, 0x0b, 0x11, 0x11, 0x11, 0x11, 0x11, 0x0d, 0x09, 0x19, 0x2b, 0x13, 0x35, 0x33, 
	0x35, 0x21, 0x15, 0x33, 0x15, 0x23, 0x35, 0x23, 0x15, 0x03, 0x35, 0x23, 0x11, 0x33, 0x11, 0x21, 
	0x11, 0x33, 0x11, 0x7d, 0x7d, 0x01, 0x77, 0x7d, 0xfa, 0x7d, 0xfa, 0x7d, 0xfa, 0x01, 0x77, 0xfa, 
	0x02, 0xee, 0x7d, 0x7d, 0x7d, 0x7d, 0x7d, 0x7d, 0xfd, 0x8f, 0x7d, 0x01, 0x77, 0xfe, 0x89, 0x01, 
	0x77, 0xfe, 0x0c, 0x00, 0x00, 0x03, 0x00, 0x00, 0x00, 0x7d, 0x03, 0x6b, 0x03, 0xe8, 0x00, 0x03, 
	0x00, 0x07, 0x00, 0x11, 0x00, 0x48, 0x40, 0x45, 0x0a, 0x03, 0x09, 0x03, 0x01, 0x01, 0x00, 0x5d, 
	0x02, 0x01, 0x00, 0x00, 0x49, 0x4b, 0x00, 0x04, 0x04, 0x05, 0x5d, 0x07, 0x01, 0x05, 0x05, 0x4c, 
	0x4b, 0x00, 0x06, 0x06, 0x08, 0x5e, 0x0b, 0x01, 0x08, 0x08, 0x4a, 0x08, 0x4c, 0x08, 0x08, 0x04, 
	0x04, 0x00, 0x00, 0x08, 0x11, 0x08, 0x11, 0x10, 0x0f, 0x0e, 0x0d, 0x0c, 0x0b, 0x0a, 0x09, 0x04, 
	0x07, 0x04, 0x07, 0x06, 0x05, 0x00, 0x03, 0x00, 0x03, 0x11, 0x0c, 0x09, 0x15, 0x2b, 0x13, 0x35, 
	0x33, 0x15, 0x33, 0x35, 0x33, 0x15, 0x01, 0x35, 0x23, 0x11, 0x33, 0x11, 0x21, 0x11, 0x33, 0x11, 
	0x7d, 0xfa, 0x7d, 0xfa, 0xfd, 0x8f, 0x7d, 0xfa, 0x01, 0x77, 0xfa, 0x03, 0x6b, 0x7d, 0x7d, 0x7d, 
	0x7d, 0xfd, 0x12, 0x7d, 0x01, 0xf4, 0xfe, 0x0c, 0x01, 0xf4, 0xfd, 0x8f, 0x00, 0x03, 0x00, 0x00, 
	0x00, 0x7d, 0x03, 0x6b, 0x03, 0xe8, 0x00, 0x03, 0x00, 0x07, 0x00, 0x11, 0x00, 0x47, 0x40, 0x44, 
	0x00, 0x02, 0x09, 0x01, 0x03, 0x06, 0x02, 0x03, 0x65, 0x00, 0x00, 0x00, 0x01, 0x5d, 0x00, 0x01, 
	0x01, 0x49, 0x4b, 0x00, 0x05, 0x05, 0x06, 0x5d, 0x0a, 0x08, 0x02, 0x06, 0x06, 0x4c, 0x4b, 0x00, 
	0x07, 0x07, 0x04, 0x5e, 0x00, 0x04, 0x04, 0x4a, 0x04, 0x4c, 0x08, 0x08, 0x04, 0x04, 0x08, 0x11, 
	0x08, 0x11, 0x10, 0x0f, 0x0e, 0x0d, 0x0c, 0x0b, 0x0a, 0x09, 0x04, 0x07, 0x04, 0x07, 0x12, 0x11, 
	0x10, 0x0b, 0x09, 0x17, 0x2b, 0x01, 0x23, 0x35, 0x33, 0x15, 0x35, 0x33, 0x15, 0x21, 0x11, 0x21, 
	0x35, 0x23, 0x11, 0x33, 0x11, 0x21, 0x11, 0x01, 0x77, 0x7d, 0x7d, 0x7d, 0x01, 0x77, 0xfd, 0x12, 
	0x7d, 0xfa, 0x01, 0x77, 0x03, 0x6b, 0x7d, 0xfa, 0x7d, 0x7d, 0xfd, 0x8f, 0x7d, 0x01, 0xf4, 0xfe, 
	0x0c, 0x01, 0xf4, 0x00, 0x00, 0x04, 0x00, 0x00, 0x00, 0x7d, 0x03, 0x6b, 0x03, 0xe8, 0x00, 0x03, 
	0x00, 0x07, 0x00, 0x13, 0x00, 0x17, 0x00, 0x4a, 0x40, 0x47, 0x0d, 0x0b, 0x02, 0x07, 0x00, 0x0a, 
	0x06, 0x07, 0x0a, 0x65, 0x02, 0x01, 0x00, 0x00, 0x01, 0x5d, 0x03, 0x01, 0x01, 0x01, 0x49, 0x4b, 
	0x00, 0x05, 0x05, 0x06, 0x5d, 0x0c, 0x09, 0x02, 0x06, 0x06, 0x4c, 0x4b, 0x00, 0x08, 0x08, 0x04, 
	0x5e, 0x00, 0x04, 0x04, 0x4a, 0x04, 0x4c, 0x14, 0x14, 0x08, 0x08, 0x14, 0x17, 0x14, 0x17, 0x16, 
	0x15, 0x08, 0x13, 0x08, 0x13, 0x11, 0x11, 0x11, 0x11, 0x12, 0x11, 0x11, 0x11, 0x10, 0x0e, 0x09, 
	0x1d, 0x2b, 0x01, 0x23, 0x35, 0x33, 0x05, 0x23, 0x35, 0x33, 0x17, 0x11, 0x21, 0x35, 0x23, 0x11, 
	0x33, 0x35, 0x33, 0x11, 0x21, 0x11, 0x35, 0x15, 0x23, 0x35, 0x01, 0x77, 0x7d, 0x7d, 0x01, 0x77, 
	0x7d, 0x7d, 0x7d, 0xfd, 0x12, 0x7d, 0x7d, 0x7d, 0x01, 0x77, 0x7d, 0x03, 0x6b, 0x7d, 0x7d, 0x7d, 
	0xfa, 0xfd, 0x8f, 0x7d, 0x01, 0xf4, 0x7d, 0xfd, 0x8f, 0x01, 0xf4, 0x7d, 0x7d, 0x7d, 0x00, 0x00, 
	0x00, 0x02, 0x00, 0x00, 0x00, 0x7d, 0x03, 0x6b, 0x03, 0xe8, 0x00, 0x03, 0x00, 0x0d, 0x00, 0x3d, 
	0x40, 0x3a, 0x07, 0x01, 0x01, 0x01, 0x00, 0x5d, 0x00, 0x00, 0x00, 0x49, 0x4b, 0x00, 0x02, 0x02, 
	0x03, 0x5d, 0x05, 0x01, 0x03, 0x03, 0x4c, 0x4b, 0x00, 0x04, 0x04, 0x06, 0x5e, 0x08, 0x01, 0x06, 
	0x06, 0x4a, 0x06, 0x4c, 0x04, 0x04, 0x00, 0x00, 0x04, 0x0d, 0x04, 0x0d, 0x0c, 0x0b, 0x0a, 0x09, 
	0x08, 0x07, 0x06, 0x05, 0x00, 0x03, 0x00, 0x03, 0x11, 0x09, 0x09, 0x15, 0x2b, 0x13, 0x35, 0x21, 
	0x15, 0x01, 0x35, 0x23, 0x11, 0x33, 0x11, 0x21, 0x11, 0x33, 0x11, 0x7d, 0x02, 0x71, 0xfd, 0x8f, 
	0x7d, 0xfa, 0x01, 0x77, 0xfa, 0x03, 0x6b, 0x7d, 0x7d, 0xfd, 0x12, 0x7d, 0x01, 0xf4, 0xfe, 0x0c, 
	0x01, 0xf4, 0xfd, 0x8f, 0x00, 0x03, 0x00, 0x00, 0x00, 0x00, 0x03, 0x6b, 0x03, 0xe8, 0x00, 0x0d, 
	0x00, 0x11, 0x00, 0x15, 0x00, 0x8e, 0x4b, 0xb0, 0x0a, 0x50, 0x58, 0x40, 0x32, 0x00, 0x01, 0x00, 
	0x07, 0x00, 0x01, 0x70, 0x00, 0x05, 0x02, 0x01, 0x00, 0x01, 0x05, 0x00, 0x66, 0x00, 0x03, 0x03, 
	0x04, 0x5d, 0x0b, 0x06, 0x02, 0x04, 0x04, 0x49, 0x4b, 0x00, 0x07, 0x07, 0x08, 0x5d, 0x00, 0x08, 
	0x08, 0x4a, 0x4b, 0x00, 0x09, 0x09, 0x0a, 0x5d, 0x0c, 0x01, 0x0a, 0x0a, 0x4e, 0x0a, 0x4c, 0x1b, 
	0x40, 0x33, 0x00, 0x01, 0x00, 0x07, 0x00, 0x01, 0x07, 0x7e, 0x00, 0x05, 0x02, 0x01, 0x00, 0x01, 
	0x05, 0x00, 0x66, 0x00, 0x03, 0x03, 0x04, 0x5d, 0x0b, 0x06, 0x02, 0x04, 0x04, 0x49, 0x4b, 0x00, 
	0x07, 0x07, 0x08, 0x5d, 0x00, 0x08, 0x08, 0x4a, 0x4b, 0x00, 0x09, 0x09, 0x0a, 0x5d, 0x0c, 0x01, 
	0x0a, 0x0a, 0x4e, 0x0a, 0x4c, 0x59, 0x40, 0x1b, 0x12, 0x12, 0x00, 0x00, 0x12, 0x15, 0x12, 0x15, 
	0x14, 0x13, 0x11, 0x10, 0x0f, 0x0e, 0x00, 0x0d, 0x00, 0x0d, 0x11, 0x11, 0x11, 0x11, 0x11, 0x11, 
	0x0d, 0x09, 0x1a, 0x2b, 0x01, 0x11, 0x21, 0x15, 0x23, 0x35, 0x23, 0x35, 0x23, 0x11, 0x33, 0x11, 
	0x21, 0x11, 0x01, 0x33, 0x15, 0x23, 0x17, 0x35, 0x33, 0x15, 0x03, 0x6b, 0xfe, 0x89, 0x7d, 0xfa, 
	0x7d, 0xfa, 0x01, 0x77, 0xfe, 0x89, 0x7d, 0x7d, 0x7d, 0xfa, 0x03, 0xe8, 0xfd, 0x8f, 0x7d, 0x7d, 
	0x7d, 0x01, 0xf4, 0xfe, 0x0c, 0x01, 0xf4, 0xfd, 0x12, 0x7d, 0x7d, 0x7d, 0x7d, 0x00, 0x00, 0x00, 
	0x00, 0x03, 0x00, 0x00, 0x00, 0x7d, 0x03, 0x6b, 0x03, 0xe8, 0x00, 0x0d, 0x00, 0x11, 0x00, 0x1d, 
	0x00, 0x63, 0x40, 0x60, 0x0e, 0x01, 0x0a, 0x0c, 0x00, 0x0c, 0x0a, 0x00, 0x7e, 0x04, 0x01, 0x02, 
	0x0d, 0x01, 0x0b, 0x01, 0x02, 0x0b, 0x65, 0x00, 0x08, 0x08, 0x03, 0x5d, 0x00, 0x03, 0x03, 0x49, 
	0x4b, 0x00, 0x0c, 0x0c, 0x01, 0x5d, 0x07, 0x05, 0x02, 0x01, 0x01, 0x4c, 0x4b, 0x00, 0x00, 0x00, 
	0x01, 0x5d, 0x07, 0x05, 0x02, 0x01, 0x01, 0x4c, 0x4b, 0x00, 0x09, 0x09, 0x06, 0x5e, 0x0f, 0x01, 
	0x06, 0x06, 0x4a, 0x06, 0x4c, 0x00, 0x00, 0x1d, 0x1c, 0x1b, 0x1a, 0x19, 0x18, 0x17, 0x16, 0x15, 
	0x14, 0x13, 0x12, 0x11, 0x10, 0x0f, 0x0e, 0x00, 0x0d, 0x00, 0x0d, 0x11, 0x11, 0x11, 0x11, 0x11, 
	0x11, 0x10, 0x09, 0x1a, 0x2b, 0x37, 0x35, 0x23, 0x11, 0x33, 0x35, 0x33, 0x35, 0x21, 0x15, 0x33, 
	0x15, 0x33, 0x11, 0x01, 0x33, 0x35, 0x23, 0x03, 0x21, 0x11, 0x33, 0x35, 0x23, 0x15, 0x21, 0x35, 
	0x23, 0x15, 0x33, 0x7d, 0x7d, 0x7d, 0x7d, 0x01, 0x77, 0x7d, 0x7d, 0xfe, 0x0c, 0x7d, 0x7d, 0x7d, 
	0x01, 0x77, 0x7d, 0x7d, 0xfe, 0x89, 0x7d, 0x7d, 0x7d, 0x7d, 0x01, 0xf4, 0x7d, 0x7d, 0x7d, 0x7d, 
	0xfd, 0x8f, 0x02, 0x71, 0x7d, 0xfd, 0x8f, 0x01, 0x77, 0x7d, 0x7d, 0x7d, 0x7d, 0x00, 0x00, 0x00, 
	0x00, 0x03, 0x00, 0x00, 0x00, 0x7d, 0x03, 0x6b, 0x03, 0xe8, 0x00, 0x07, 0x00, 0x0b, 0x00, 0x17, 
	0x00, 0x45, 0x40, 0x42, 0x09, 0x01, 0x02, 0x00, 0x03, 0x08, 0x02, 0x03, 0x65, 0x04, 0x01, 0x00, 
	0x00, 0x01, 0x5d, 0x05, 0x01, 0x01, 0x01, 0x49, 0x4b, 0x00, 0x07, 0x07, 0x08, 0x5d, 0x0c, 0x0b, 
	0x02, 0x08, 0x08, 0x4c, 0x4b, 0x00, 0x0a, 0x0a, 0x06, 0x5e, 0x00, 0x06, 0x06, 0x4a, 0x06, 0x4c, 
	0x0c, 0x0c, 0x0c, 0x17, 0x0c, 0x17, 0x16, 0x15, 0x14, 0x13, 0x11, 0x11, 0x12, 0x11, 0x11, 0x11, 
	0x11, 0x11, 0x10, 0x0d, 0x09, 0x1d, 0x2b, 0x01, 0x23, 0x35, 0x33, 0x15, 0x33, 0x15, 0x23, 0x25, 
	0x23, 0x35, 0x33, 0x17, 0x11, 0x21, 0x35, 0x23, 0x11, 0x33, 0x35, 0x33, 0x11, 0x21, 0x11, 0x01, 
	0x77, 0x7d, 0xfa, 0x7d, 0xfa, 0x01, 0x77, 0x7d, 0x7d, 0x7d, 0xfd, 0x12, 0x7d, 0x7d, 0x7d, 0x01, 
	0x77, 0x03, 0x6b, 0x7d, 0x7d, 0x7d, 0x7d, 0x7d, 0xfa, 0xfd, 0x8f, 0x7d, 0x01, 0xf4, 0x7d, 0xfd, 
	0x8f, 0x01, 0xf4, 0x00, 0x00, 0x01, 0x00, 0x7d, 0x00, 0x7d, 0x03, 0x6b, 0x02, 0xee, 0x00, 0x0f, 
	0x00, 0x5f, 0x4b, 0xb0, 0x0a, 0x50, 0x58, 0x40, 0x20, 0x06, 0x01, 0x00, 0x03, 0x07, 0x01, 0x00, 
	0x70, 0x05, 0x01, 0x01, 0x01, 0x02, 0x5d, 0x04, 0x01, 0x02, 0x02, 0x4c, 0x4b, 0x00, 0x03, 0x03, 
	0x07, 0x5d, 0x08, 0x01, 0x07, 0x07, 0x4a, 0x07, 0x4c, 0x1b, 0x40, 0x21, 0x06, 0x01, 0x00, 0x03, 
	0x07, 0x03, 0x00, 0x07, 0x7e, 0x05, 0x01, 0x01, 0x01, 0x02, 0x5d, 0x04, 0x01, 0x02, 0x02, 0x4c, 
	0x4b, 0x00, 0x03, 0x03, 0x07, 0x5d, 0x08, 0x01, 0x07, 0x07, 0x4a, 0x07, 0x4c, 0x59, 0x40, 0x10, 
	0x00, 0x00, 0x00, 0x0f, 0x00, 0x0f, 0x11, 0x11, 0x11, 0x11, 0x11, 0x11, 0x11, 0x09, 0x09, 0x1b, 
	0x2b, 0x25, 0x35, 0x23, 0x35, 0x23, 0x11, 0x33, 0x11, 0x33, 0x11, 0x33, 0x11, 0x23, 0x15, 0x23, 
	0x15, 0x01, 0x77, 0x7d, 0x7d, 0xfa, 0xfa, 0xfa, 0x7d, 0x7d, 0x7d, 0x7d, 0x7d, 0x01, 0x77, 0xfe, 
	0x89, 0x01, 0x77, 0xfe, 0x89, 0x7d, 0x7d, 0x00, 0x00, 0x03, 0x00, 0x00, 0x00, 0x7d, 0x03, 0x6b, 
	0x02, 0xee, 0x00, 0x07, 0x00, 0x0b, 0x00, 0x13, 0x00, 0x3a, 0x40, 0x37, 0x06, 0x04, 0x02, 0x02, 
	0x02, 0x03, 0x5d, 0x0b, 0x09, 0x0a, 0x05, 0x04, 0x03, 0x03, 0x4c, 0x4b, 0x08, 0x01, 0x00, 0x00, 
	0x01, 0x5d, 0x07, 0x01, 0x01, 0x01, 0x4a, 0x01, 0x4c, 0x0c, 0x0c, 0x08, 0x08, 0x0c, 0x13, 0x0c, 
	0x13, 0x12, 0x11, 0x10, 0x0f, 0x0e, 0x0d, 0x08, 0x0b, 0x08, 0x0b, 0x12, 0x11, 0x11, 0x11, 0x10, 
	0x0c, 0x09, 0x19, 0x2b, 0x37, 0x33, 0x15, 0x23, 0x35, 0x23, 0x11, 0x33, 0x33, 0x11, 0x23, 0x11, 
	0x21, 0x11, 0x23, 0x15, 0x23, 0x35, 0x33, 0x11, 0xfa, 0x7d, 0xfa, 0x7d, 0xfa, 0xfa, 0x7d, 0x01, 
	0xf4, 0x7d, 0xfa, 0x7d, 0xfa, 0x7d, 0x7d, 0x01, 0xf4, 0xfe, 0x0c, 0x01, 0xf4, 0xfe, 0x0c, 0x7d, 
	0x7d, 0x01, 0xf4, 0x00, 0x00, 0x04, 0x00, 0x00, 0x00, 0x7d, 0x03, 0x6b, 0x03, 0xe8, 0x00, 0x0b, 
	0x00, 0x13, 0x00, 0x17, 0x00, 0x1f, 0x00, 0x54, 0x40, 0x51, 0x03, 0x01, 0x01, 0x04, 0x01, 0x00, 
	0x09, 0x01, 0x00, 0x65, 0x11, 0x0f, 0x10, 0x0b, 0x04, 0x09, 0x0c, 0x0a, 0x02, 0x08, 0x06, 0x09, 
	0x08, 0x65, 0x00, 0x05, 0x05, 0x02, 0x5d, 0x00, 0x02, 0x02, 0x49, 0x4b, 0x0e, 0x01, 0x06, 0x06, 
	0x07, 0x5d, 0x0d, 0x01, 0x07, 0x07, 0x4a, 0x07, 0x4c, 0x18, 0x18, 0x14, 0x14, 0x18, 0x1f, 0x18, 
	0x1f, 0x1e, 0x1d, 0x1c, 0x1b, 0x1a, 0x19, 0x14, 0x17, 0x14, 0x17, 0x16, 0x15, 0x13, 0x12, 0x11, 
	0x11, 0x11, 0x11, 0x11, 0x11, 0x11, 0x11, 0x10, 0x12, 0x09, 0x1d, 0x2b, 0x01, 0x23, 0x35, 0x33, 
	0x35, 0x21, 0x15, 0x33, 0x15, 0x23, 0x35, 0x23, 0x03, 0x33, 0x15, 0x23, 0x35, 0x23, 0x11, 0x33, 
	0x33, 0x11, 0x23, 0x11, 0x21, 0x11, 0x23, 0x15, 0x23, 0x35, 0x33, 0x11, 0x01, 0x77, 0xfa, 0x7d, 
	0x01, 0x77, 0x7d, 0xfa, 0x7d, 0x7d, 0x7d, 0xfa, 0x7d, 0xfa, 0xfa, 0x7d, 0x01, 0xf4, 0x7d, 0xfa, 
	0x7d, 0x02, 0xee, 0x7d, 0x7d, 0x7d, 0x7d, 0x7d, 0xfd, 0x8f, 0x7d, 0x7d, 0x01, 0x77, 0xfe, 0x89, 
	0x01, 0x77, 0xfe, 0x89, 0x7d, 0x7d, 0x01, 0x77, 0x00, 0x01, 0x00, 0x00, 0x00, 0x7d, 0x03, 0x6b, 
	0x02, 0xee, 0x00, 0x23, 0x00, 0xaa, 0x4b, 0xb0, 0x0a, 0x50, 0x58, 0x40, 0x3c, 0x0a, 0x01, 0x02, 
	0x05, 0x06, 0x03, 0x02, 0x70, 0x0b, 0x01, 0x01, 0x0f, 0x0e, 0x00, 0x01, 0x70, 0x00, 0x06, 0x00, 
	0x0f, 0x01, 0x06, 0x0f, 0x65, 0x07, 0x01, 0x05, 0x10, 0x01, 0x0e, 0x00, 0x05, 0x0e, 0x65, 0x09, 
	0x01, 0x03, 0x03, 0x04, 0x5d, 0x08, 0x01, 0x04, 0x04, 0x4c, 0x4b, 0x0c, 0x01, 0x00, 0x00, 0x0d, 
	0x5e, 0x12, 0x11, 0x02, 0x0d, 0x0d, 0x4a, 0x0d, 0x4c, 0x1b, 0x40, 0x3e, 0x0a, 0x01, 0x02, 0x05, 
	0x06, 0x05, 0x02, 0x06, 0x7e, 0x0b, 0x01, 0x01, 0x0f, 0x0e, 0x0f, 0x01, 0x0e, 0x7e, 0x00, 0x06, 
	0x00, 0x0f, 0x01, 0x06, 0x0f, 0x65, 0x07, 0x01, 0x05, 0x10, 0x01, 0x0e, 0x00, 0x05, 0x0e, 0x65, 
	0x09, 0x01, 0x03, 0x03, 0x04, 0x5d, 0x08, 0x01, 0x04, 0x04, 0x4c, 0x4b, 0x0c, 0x01, 0x00, 0x00, 
	0x0d, 0x5e, 0x12, 0x11, 0x02, 0x0d, 0x0d, 0x4a, 0x0d, 0x4c, 0x59, 0x40, 0x22, 0x00, 0x00, 0x00, 
	0x23, 0x00, 0x23, 0x22, 0x21, 0x20, 0x1f, 0x1e, 0x1d, 0x1c, 0x1b, 0x1a, 0x19, 0x18, 0x17, 0x16, 
	0x15, 0x14, 0x13, 0x11, 0x11, 0x11, 0x11, 0x11, 0x11, 0x11, 0x11, 0x11, 0x13, 0x09, 0x1d, 0x2b, 
	0x35, 0x35, 0x33, 0x35, 0x33, 0x35, 0x23, 0x35, 0x23, 0x35, 0x33, 0x15, 0x33, 0x15, 0x33, 0x35, 
	0x33, 0x35, 0x33, 0x15, 0x23, 0x15, 0x23, 0x15, 0x33, 0x15, 0x33, 0x15, 0x23, 0x35, 0x23, 0x35, 
	0x23, 0x15, 0x23, 0x15, 0x7d, 0x7d, 0x7d, 0x7d, 0xfa, 0x7d, 0x7d, 0x7d, 0xfa, 0x7d, 0x7d, 0x7d, 
	0x7d, 0xfa, 0x7d, 0x7d, 0x7d, 0x7d, 0x7d, 0x7d, 0x7d, 0x7d, 0x7d, 0x7d, 0x7d, 0x7d, 0x7d, 0x7d, 
	0x7d, 0x7d, 0x7d, 0x7d, 0x7d, 0x7d, 0x7d, 0x7d, 0x00, 0x01, 0x00, 0x00, 0x00, 0x00, 0x03, 0x6b, 
	0x02, 0xee, 0x00, 0x0f, 0x00, 0x37, 0x40, 0x34, 0x00, 0x04, 0x00, 0x01, 0x06, 0x04, 0x01, 0x65, 
	0x00, 0x02, 0x02, 0x03, 0x5d, 0x05, 0x01, 0x03, 0x03, 0x4c, 0x4b, 0x00, 0x06, 0x06, 0x4a, 0x4b, 
	0x00, 0x00, 0x00, 0x07, 0x5d, 0x08, 0x01, 0x07, 0x07, 0x4e, 0x07, 0x4c, 0x00, 0x00, 0x00, 0x0f, 
	0x00, 0x0f, 0x11, 0x11, 0x11, 0x11, 0x11, 0x11, 0x11, 0x09, 0x09, 0x1b, 0x2b, 0x33, 0x35, 0x21, 
	0x35, 0x21, 0x35, 0x23, 0x11, 0x33, 0x11, 0x21, 0x11, 0x33, 0x11, 0x23, 0x15, 0x7d, 0x01, 0xf4, 
	0xfe, 0x0c, 0x7d, 0xfa, 0x01, 0x77, 0xfa, 0x7d, 0x7d, 0x7d, 0x7d, 0x01, 0x77, 0xfe, 0x89, 0x01, 
	0x77, 0xfd, 0x8f, 0x7d, 0x00, 0x03, 0x00, 0x00, 0x00, 0x00, 0x03, 0x6b, 0x03, 0xe8, 0x00, 0x03, 
	0x00, 0x07, 0x00, 0x17, 0x00, 0x4f, 0x40, 0x4c, 0x00, 0x03, 0x00, 0x02, 0x09, 0x03, 0x02, 0x65, 
	0x00, 0x0a, 0x00, 0x07, 0x04, 0x0a, 0x07, 0x65, 0x00, 0x00, 0x00, 0x01, 0x5d, 0x00, 0x01, 0x01, 
	0x49, 0x4b, 0x00, 0x08, 0x08, 0x09, 0x5d, 0x0c, 0x0b, 0x02, 0x09, 0x09, 0x4c, 0x4b, 0x00, 0x04, 
	0x04, 0x4a, 0x4b, 0x00, 0x06, 0x06, 0x05, 0x5d, 0x00, 0x05, 0x05, 0x4e, 0x05, 0x4c, 0x08, 0x08, 
	0x08, 0x17, 0x08, 0x17, 0x16, 0x15, 0x14, 0x13, 0x11, 0x11, 0x11, 0x11, 0x12, 0x11, 0x11, 0x11, 
	0x10, 0x0d, 0x09, 0x1d, 0x2b, 0x01, 0x23, 0x35, 0x33, 0x07, 0x23, 0x35, 0x33, 0x05, 0x11, 0x23, 
	0x15, 0x21, 0x35, 0x21, 0x35, 0x21, 0x35, 0x23, 0x11, 0x33, 0x11, 0x21, 0x11, 0x02, 0x71, 0x7d, 
	0x7d, 0x7d, 0x7d, 0x7d, 0x01, 0x77, 0x7d, 0xfd, 0x8f, 0x01, 0xf4, 0xfe, 0x0c, 0x7d, 0xfa, 0x01, 
	0x77, 0x03, 0x6b, 0x7d, 0xfa, 0x7d, 0x7d, 0xfd, 0x8f, 0x7d, 0x7d, 0x7d, 0x7d, 0x01, 0x77, 0xfe, 
	0x89, 0x01, 0x77, 0x00, 0x00, 0x02, 0x00, 0x00, 0x00, 0x00, 0x03, 0x6b, 0x03, 0xe8, 0x00, 0x0b, 
	0x00, 0x1b, 0x00, 0x5f, 0x40, 0x5c, 0x02, 0x01, 0x00, 0x0e, 0x05, 0x02, 0x03, 0x09, 0x00, 0x03, 
	0x65, 0x00, 0x08, 0x0a, 0x09, 0x08, 0x55, 0x00, 0x0a, 0x00, 0x07, 0x0c, 0x0a, 0x07, 0x65, 0x00, 
	0x04, 0x04, 0x01, 0x5d, 0x00, 0x01, 0x01, 0x49, 0x4b, 0x0b, 0x01, 0x09, 0x09, 0x0c, 0x5d, 0x00, 
	0x0c, 0x0c, 0x4a, 0x4b, 0x00, 0x06, 0x06, 0x0d, 0x5d, 0x0f, 0x01, 0x0d, 0x0d, 0x4e, 0x0d, 0x4c, 
	0x0c, 0x0c, 0x00, 0x00, 0x0c, 0x1b, 0x0c, 0x1b, 0x1a, 0x19, 0x18, 0x17, 0x16, 0x15, 0x14, 0x13, 
	0x12, 0x11, 0x10, 0x0f, 0x0e, 0x0d, 0x00, 0x0b, 0x00, 0x0b, 0x11, 0x11, 0x11, 0x11, 0x11, 0x10, 
	0x09, 0x19, 0x2b, 0x13, 0x35, 0x33, 0x35, 0x21, 0x15, 0x33, 0x15, 0x23, 0x35, 0x23, 0x15, 0x03, 
	0x35, 0x21, 0x35, 0x21, 0x35, 0x23, 0x35, 0x33, 0x15, 0x21, 0x35, 0x33, 0x11, 0x23, 0x15, 0x7d, 
	0x7d, 0x01, 0x77, 0x7d, 0xfa, 0x7d, 0xfa, 0x01, 0xf4, 0xfe, 0x0c, 0x7d, 0xfa, 0x01, 0x77, 0xfa, 
	0x7d, 0x02, 0xee, 0x7d, 0x7d, 0x7d, 0x7d, 0x7d, 0x7d, 0xfd, 0x12, 0x7d, 0x7d, 0x7d, 0xfa, 0xfa, 
	0xfa, 0xfe, 0x0c, 0x7d, 0x00, 0x03, 0x00, 0x00, 0x00, 0x00, 0x03, 0x6b, 0x03, 0xe8, 0x00, 0x03, 
	0x00, 0x07, 0x00, 0x17, 0x00, 0x5b, 0x40, 0x58, 0x00, 0x08, 0x00, 0x05, 0x0a, 0x08, 0x05, 0x65, 
	0x0d, 0x03, 0x0c, 0x03, 0x01, 0x01, 0x00, 0x5d, 0x02, 0x01, 0x00, 0x00, 0x49, 0x4b, 0x00, 0x06, 
	0x06, 0x07, 0x5d, 0x09, 0x01, 0x07, 0x07, 0x4c, 0x4b, 0x00, 0x0a, 0x0a, 0x4a, 0x4b, 0x00, 0x04, 
	0x04, 0x0b, 0x5d, 0x0e, 0x01, 0x0b, 0x0b, 0x4e, 0x0b, 0x4c, 0x08, 0x08, 0x04, 0x04, 0x00, 0x00, 
	0x08, 0x17, 0x08, 0x17, 0x16, 0x15, 0x14, 0x13, 0x12, 0x11, 0x10, 0x0f, 0x0e, 0x0d, 0x0c, 0x0b, 
	0x0a, 0x09, 0x04, 0x07, 0x04, 0x07, 0x06, 0x05, 0x00, 0x03, 0x00, 0x03, 0x11, 0x0f, 0x09, 0x15, 
	0x2b, 0x13, 0x35, 0x33, 0x15, 0x33, 0x35, 0x33, 0x15, 0x01, 0x35, 0x21, 0x35, 0x21, 0x35, 0x23, 
	0x11, 0x33, 0x11, 0x21, 0x11, 0x33, 0x11, 0x23, 0x15, 0x7d, 0xfa, 0x7d, 0xfa, 0xfd, 0x8f, 0x01, 
	0xf4, 0xfe, 0x0c, 0x7d, 0xfa, 0x01, 0x77, 0xfa, 0x7d, 0x03, 0x6b, 0x7d, 0x7d, 0x7d, 0x7d, 0xfc, 
	0x95, 0x7d, 0x7d, 0x7d, 0x01, 0x77, 0xfe, 0x89, 0x01, 0x77, 0xfd, 0x8f, 0x7d, 0x00, 0x00, 0x00, 
	0x00, 0x01, 0x00, 0x00, 0x00, 0x7d, 0x03, 0x6b, 0x02, 0xee, 0x00, 0x13, 0x00, 0x88, 0x4b, 0xb0, 
	0x0a, 0x50, 0x58, 0x40, 0x33, 0x00, 0x06, 0x03, 0x02, 0x03, 0x06, 0x70, 0x00, 0x02, 0x07, 0x03, 
	0x02, 0x07, 0x7c, 0x00, 0x07, 0x01, 0x03, 0x07, 0x01, 0x7c, 0x00, 0x01, 0x00, 0x00, 0x01, 0x6e, 
	0x05, 0x01, 0x03, 0x03, 0x04, 0x5d, 0x00, 0x04, 0x04, 0x4c, 0x4b, 0x08, 0x01, 0x00, 0x00, 0x09, 
	0x5e, 0x0a, 0x01, 0x09, 0x09, 0x4a, 0x09, 0x4c, 0x1b, 0x40, 0x35, 0x00, 0x06, 0x03, 0x02, 0x03, 
	0x06, 0x02, 0x7e, 0x00, 0x02, 0x07, 0x03, 0x02, 0x07, 0x7c, 0x00, 0x07, 0x01, 0x03, 0x07, 0x01, 
	0x7c, 0x00, 0x01, 0x00, 0x03, 0x01, 0x00, 0x7c, 0x05, 0x01, 0x03, 0x03, 0x04, 0x5d, 0x00, 0x04, 
	0x04, 0x4c, 0x4b, 0x08, 0x01, 0x00, 0x00, 0x09, 0x5e, 0x0a, 0x01, 0x09, 0x09, 0x4a, 0x09, 0x4c, 
	0x59, 0x40, 0x12, 0x00, 0x00, 0x00, 0x13, 0x00, 0x13, 0x11, 0x11, 0x11, 0x11, 0x11, 0x11, 0x11, 
	0x11, 0x11, 0x0b, 0x09, 0x1d, 0x2b, 0x35, 0x35, 0x33, 0x35, 0x33, 0x35, 0x33, 0x35, 0x21, 0x35, 
	0x21, 0x15, 0x23, 0x15, 0x23, 0x15, 0x23, 0x15, 0x21, 0x15, 0x7d, 0x7d, 0x7d, 0xfe, 0x89, 0x03, 
	0x6b, 0x7d, 0x7d, 0x7d, 0x01, 0x77, 0x7d, 0x7d, 0x7d, 0x7d, 0x7d, 0x7d, 0x7d, 0x7d, 0x7d, 0x7d, 
	0x7d, 0x00, 0x00, 0x00, 0x00, 0x02, 0x00, 0x00, 0x00, 0x7d, 0x03, 0x6b, 0x03, 0xe8, 0x00, 0x03, 
	0x00, 0x1b, 0x00, 0xb6, 0x4b, 0xb0, 0x0a, 0x50, 0x58, 0x40, 0x46, 0x00, 0x0c, 0x00, 0x0b, 0x00, 
	0x0c, 0x0b, 0x7e, 0x00, 0x03, 0x02, 0x09, 0x02, 0x03, 0x70, 0x00, 0x09, 0x04, 0x02, 0x09, 0x04, 
	0x7c, 0x00, 0x04, 0x08, 0x02, 0x04, 0x08, 0x7c, 0x00, 0x08, 0x05, 0x05, 0x08, 0x6e, 0x00, 0x00, 
	0x00, 0x01, 0x5d, 0x00, 0x01, 0x01, 0x49, 0x4b, 0x0a, 0x01, 0x02, 0x02, 0x0b, 0x5d, 0x0e, 0x0d, 
	0x02, 0x0b, 0x0b, 0x4c, 0x4b, 0x07, 0x01, 0x05, 0x05, 0x06, 0x5e, 0x00, 0x06, 0x06, 0x4a, 0x06, 
	0x4c, 0x1b, 0x40, 0x48, 0x00, 0x0c, 0x00, 0x0b, 0x00, 0x0c, 0x0b, 0x7e, 0x00, 0x03, 0x02, 0x09, 
	0x02, 0x03, 0x09, 0x7e, 0x00, 0x09, 0x04, 0x02, 0x09, 0x04, 0x7c, 0x00, 0x04, 0x08, 0x02, 0x04, 
	0x08, 0x7c, 0x00, 0x08, 0x05, 0x02, 0x08, 0x05, 0x7c, 0x00, 0x00, 0x00, 0x01, 0x5d, 0x00, 0x01, 
	0x01, 0x49, 0x4b, 0x0a, 0x01, 0x02, 0x02, 0x0b, 0x5d, 0x0e, 0x0d, 0x02, 0x0b, 0x0b, 0x4c, 0x4b, 
	0x07, 0x01, 0x05, 0x05, 0x06, 0x5e, 0x00, 0x06, 0x06, 0x4a, 0x06, 0x4c, 0x59, 0x40, 0x1a, 0x04, 
	0x04, 0x04, 0x1b, 0x04, 0x1b, 0x1a, 0x19, 0x18, 0x17, 0x16, 0x15, 0x14, 0x13, 0x11, 0x11, 0x11, 
	0x11, 0x11, 0x11, 0x12, 0x11, 0x10, 0x0f, 0x09, 0x1d, 0x2b, 0x01, 0x23, 0x35, 0x33, 0x17, 0x15, 
	0x23, 0x15, 0x23, 0x15, 0x23, 0x15, 0x21, 0x15, 0x21, 0x35, 0x33, 0x35, 0x33, 0x35, 0x33, 0x35, 
	0x21, 0x35, 0x21, 0x35, 0x33, 0x15, 0x02, 0x71, 0x7d, 0x7d, 0xfa, 0x7d, 0x7d, 0x7d, 0x01, 0x77, 
	0xfc, 0x95, 0x7d, 0x7d, 0x7d, 0xfe, 0x89, 0x01, 0x77, 0x7d, 0x03, 0x6b, 0x7d, 0xfa, 0x7d, 0x7d, 
	0x7d, 0x7d, 0x7d, 0x7d, 0x7d, 0x7d, 0x7d, 0x7d, 0x7d, 0x7d, 0x00, 0x00, 0x00, 0x01, 0x00, 0x00, 
	0x00, 0x7d, 0x03, 0x6b, 0x03, 0xe8, 0x00, 0x1f, 0x00, 0xbe, 0x4b, 0xb0, 0x0a, 0x50, 0x58, 0x40, 
	0x48, 0x00, 0x07, 0x05, 0x04, 0x05, 0x07, 0x04, 0x7e, 0x00, 0x0c, 0x03, 0x02, 0x03, 0x0c, 0x70, 
	0x00, 0x02, 0x0d, 0x03, 0x02, 0x0d, 0x7c, 0x00, 0x0d, 0x01, 0x03, 0x0d, 0x01, 0x7c, 0x00, 0x01, 
	0x00, 0x00, 0x01, 0x6e, 0x09, 0x01, 0x05, 0x05, 0x06, 0x5d, 0x08, 0x01, 0x06, 0x06, 0x49, 0x4b, 
	0x0b, 0x01, 0x03, 0x03, 0x04, 0x5d, 0x0a, 0x01, 0x04, 0x04, 0x4c, 0x4b, 0x0e, 0x01, 0x00, 0x00, 
	0x0f, 0x5e, 0x10, 0x01, 0x0f, 0x0f, 0x4a, 0x0f, 0x4c, 0x1b, 0x40, 0x4a, 0x00, 0x07, 0x05, 0x04, 
	0x05, 0x07, 0x04, 0x7e, 0x00, 0x0c, 0x03, 0x02, 0x03, 0x0c, 0x02, 0x7e, 0x00, 0x02, 0x0d, 0x03, 
	0x02, 0x0d, 0x7c, 0x00, 0x0d, 0x01, 0x03, 0x0d, 0x01, 0x7c, 0x00, 0x01, 0x00, 0x03, 0x01, 0x00, 
	0x7c, 0x09, 0x01, 0x05, 0x05, 0x06, 0x5d, 0x08, 0x01, 0x06, 0x06, 0x49, 0x4b, 0x0b, 0x01, 0x03, 
	0x03, 0x04, 0x5d, 0x0a, 0x01, 0x04, 0x04, 0x4c, 0x4b, 0x0e, 0x01, 0x00, 0x00, 0x0f, 0x5e, 0x10, 
	0x01, 0x0f, 0x0f, 0x4a, 0x0f, 0x4c, 0x59, 0x40, 0x1e, 0x00, 0x00, 0x00, 0x1f, 0x00, 0x1f, 0x1e, 
	0x1d, 0x1c, 0x1b, 0x1a, 0x19, 0x18, 0x17, 0x16, 0x15, 0x14, 0x13, 0x11, 0x11, 0x11, 0x11, 0x11, 
	0x11, 0x11, 0x11, 0x11, 0x11, 0x09, 0x1d, 0x2b, 0x35, 0x35, 0x33, 0x35, 0x33, 0x35, 0x33, 0x35, 
	0x21, 0x35, 0x33, 0x35, 0x23, 0x35, 0x33, 0x15, 0x33, 0x35, 0x33, 0x15, 0x23, 0x15, 0x33, 0x15, 
	0x23, 0x15, 0x23, 0x15, 0x23, 0x15, 0x21, 0x15, 0x7d, 0x7d, 0x7d, 0xfe, 0x89, 0xfa, 0x7d, 0xfa, 
	0x7d, 0xfa, 0x7d, 0xfa, 0x7d, 0x7d, 0x7d, 0x01, 0x77, 0x7d, 0x7d, 0x7d, 0x7d, 0x7d, 0x7d, 0x7d, 
	0x7d, 0x7d, 0x7d, 0x7d, 0x7d, 0x7d, 0x7d, 0x7d, 0x7d, 0x7d, 0x00, 0x00, 0x00, 0x02, 0x00, 0x00, 
	0x00, 0x7d, 0x03, 0x6b, 0x03, 0xe8, 0x00, 0x03, 0x00, 0x17, 0x00, 0xae, 0x4b, 0xb0, 0x0a, 0x50, 
	0x58, 0x40, 0x3e, 0x00, 0x08, 0x05, 0x04, 0x05, 0x08, 0x70, 0x00, 0x04, 0x09, 0x05, 0x04, 0x09, 
	0x7c, 0x00, 0x09, 0x03, 0x05, 0x09, 0x03, 0x7c, 0x00, 0x03, 0x02, 0x02, 0x03, 0x6e, 0x0c, 0x01, 
	0x01, 0x01, 0x00, 0x5d, 0x00, 0x00, 0x00, 0x49, 0x4b, 0x07, 0x01, 0x05, 0x05, 0x06, 0x5d, 0x00, 
	0x06, 0x06, 0x4c, 0x4b, 0x0a, 0x01, 0x02, 0x02, 0x0b, 0x5e, 0x0d, 0x01, 0x0b, 0x0b, 0x4a, 0x0b, 
	0x4c, 0x1b, 0x40, 0x40, 0x00, 0x08, 0x05, 0x04, 0x05, 0x08, 0x04, 0x7e, 0x00, 0x04, 0x09, 0x05, 
	0x04, 0x09, 0x7c, 0x00, 0x09, 0x03, 0x05, 0x09, 0x03, 0x7c, 0x00, 0x03, 0x02, 0x05, 0x03, 0x02, 
	0x7c, 0x0c, 0x01, 0x01, 0x01, 0x00, 0x5d, 0x00, 0x00, 0x00, 0x49, 0x4b, 0x07, 0x01, 0x05, 0x05, 
	0x06, 0x5d, 0x00, 0x06, 0x06, 0x4c, 0x4b, 0x0a, 0x01, 0x02, 0x02, 0x0b, 0x5e, 0x0d, 0x01, 0x0b, 
	0x0b, 0x4a, 0x0b, 0x4c, 0x59, 0x40, 0x22, 0x04, 0x04, 0x00, 0x00, 0x04, 0x17, 0x04, 0x17, 0x16, 
	0x15, 0x14, 0x13, 0x12, 0x11, 0x10, 0x0f, 0x0e, 0x0d, 0x0c, 0x0b, 0x0a, 0x09, 0x08, 0x07, 0x06, 
	0x05, 0x00, 0x03, 0x00, 0x03, 0x11, 0x0e, 0x09, 0x15, 0x2b, 0x01, 0x35, 0x33, 0x15, 0x01, 0x35, 
	0x33, 0x35, 0x33, 0x35, 0x33, 0x35, 0x21, 0x35, 0x21, 0x15, 0x23, 0x15, 0x23, 0x15, 0x23, 0x15, 
	0x21, 0x15, 0x01, 0x77, 0xfa, 0xfd, 0x8f, 0x7d, 0x7d, 0x7d, 0xfe, 0x89, 0x03, 0x6b, 0x7d, 0x7d, 
	0x7d, 0x01, 0x77, 0x03, 0x6b, 0x7d, 0x7d, 0xfd, 0x12, 0x7d, 0x7d, 0x7d, 0x7d, 0x7d, 0x7d, 0x7d, 
	0x7d, 0x7d, 0x7d, 0x00, 0x00, 0x01, 0x00, 0x00, 0x00, 0x7d, 0x03, 0x6b, 0x03, 0xe8, 0x00, 0x11, 
	0x00, 0x37, 0x40, 0x34, 0x00, 0x04, 0x04, 0x03, 0x5d, 0x00, 0x03, 0x03, 0x49, 0x4b, 0x07, 0x01, 
	0x00, 0x00, 0x01, 0x5d, 0x05, 0x01, 0x01, 0x01, 0x4c, 0x4b, 0x00, 0x02, 0x02, 0x06, 0x5d, 0x09, 
	0x08, 0x02, 0x06, 0x06, 0x4a, 0x06, 0x4c, 0x00, 0x00, 0x00, 0x11, 0x00, 0x11, 0x11, 0x11, 0x11, 
	0x11, 0x11, 0x11, 0x11, 0x11, 0x0a, 0x09, 0x1c, 0x2b, 0x37, 0x11, 0x23, 0x35, 0x33, 0x35, 0x33, 
	0x35, 0x21, 0x15, 0x23, 0x15, 0x21, 0x11, 0x23, 0x11, 0x23, 0x11, 0x7d, 0x7d, 0x7d, 0x7d, 0x01, 
	0x77, 0xfa, 0x01, 0xf4, 0xfa, 0xfa, 0x7d, 0x01, 0xf4, 0x7d, 0x7d, 0x7d, 0x7d, 0x7d, 0xfd, 0x8f, 
	0x01, 0xf4, 0xfe, 0x0c, 0x00, 0x02, 0x00, 0x00, 0x00, 0x7d, 0x03, 0x6b, 0x03, 0xe8, 0x00, 0x0d, 
	0x00, 0x11, 0x00, 0x39, 0x40, 0x36, 0x00, 0x08, 0x08, 0x03, 0x5d, 0x00, 0x03, 0x03, 0x49, 0x4b, 
	0x05, 0x01, 0x00, 0x00, 0x01, 0x5d, 0x07, 0x01, 0x01, 0x01, 0x4c, 0x4b, 0x00, 0x02, 0x02, 0x04, 
	0x5d, 0x09, 0x06, 0x02, 0x04, 0x04, 0x4a, 0x04, 0x4c, 0x00, 0x00, 0x11, 0x10, 0x0f, 0x0e, 0x00, 
	0x0d, 0x00, 0x0d, 0x11, 0x11, 0x11, 0x11, 0x11, 0x11, 0x0a, 0x09, 0x1a, 0x2b, 0x37, 0x11, 0x23, 
	0x35, 0x33, 0x35, 0x33, 0x35, 0x21, 0x11, 0x23, 0x11, 0x23, 0x11, 0x11, 0x33, 0x35, 0x23, 0x7d, 
	0x7d, 0x7d, 0x7d, 0x02, 0x71, 0xfa, 0xfa, 0xfa, 0xfa, 0x7d, 0x01, 0xf4, 0x7d, 0x7d, 0x7d, 0xfc, 
	0x95, 0x01, 0xf4, 0xfe, 0x0c, 0x02, 0x71, 0x7d, 0x00, 0x02, 0x00, 0x7d, 0x01, 0xf4, 0x02, 0xee, 
	0x03, 0xe8, 0x00, 0x0b, 0x00, 0x0f, 0x00, 0x77, 0x4b, 0xb0, 0x0a, 0x50, 0x58, 0x40, 0x2b, 0x00, 
	0x04, 0x02, 0x07, 0x02, 0x04, 0x07, 0x7e, 0x00, 0x07, 0x01, 0x02, 0x07, 0x6e, 0x00, 0x06, 0x08, 
	0x01, 0x05, 0x06, 0x05, 0x62, 0x00, 0x02, 0x02, 0x03, 0x5d, 0x00, 0x03, 0x03, 0x61, 0x4b, 0x00, 
	0x00, 0x00, 0x01, 0x5d, 0x00, 0x01, 0x01, 0x64, 0x00, 0x4c, 0x1b, 0x40, 0x2c, 0x00, 0x04, 0x02, 
	0x07, 0x02, 0x04, 0x07, 0x7e, 0x00, 0x07, 0x01, 0x02, 0x07, 0x01, 0x7c, 0x00, 0x06, 0x08, 0x01, 
	0x05, 0x06, 0x05, 0x62, 0x00, 0x02, 0x02, 0x03, 0x5d, 0x00, 0x03, 0x03, 0x61, 0x4b, 0x00, 0x00, 
	0x00, 0x01, 0x5d, 0x00, 0x01, 0x01, 0x64, 0x00, 0x4c, 0x59, 0x40, 0x12, 0x00, 0x00, 0x0f, 0x0e, 
	0x0d, 0x0c, 0x00, 0x0b, 0x00, 0x0b, 0x11, 0x11, 0x11, 0x11, 0x11, 0x09, 0x0a, 0x19, 0x2b, 0x13, 
	0x35, 0x23, 0x35, 0x33, 0x35, 0x23, 0x35, 0x21, 0x15, 0x33, 0x11, 0x25, 0x33, 0x35, 0x23, 0xfa, 
	0x7d, 0x7d, 0x7d, 0x01, 0xf4, 0x7d, 0xfe, 0x89, 0x7d, 0x7d, 0x01, 0xf4, 0x7d, 0x7d, 0x7d, 0x7d, 
	0x7d, 0xfe, 0x89, 0x7d, 0x7d, 0x00, 0x00, 0x00, 0x00, 0x02, 0x00, 0x7d, 0x01, 0xf4, 0x02, 0xee, 
	0x03, 0xe8, 0x00, 0x0b, 0x00, 0x0f, 0x00, 0x32, 0x40, 0x2f, 0x03, 0x01, 0x01, 0x04, 0x01, 0x00, 
	0x06, 0x01, 0x00, 0x65, 0x00, 0x06, 0x08, 0x01, 0x05, 0x06, 0x05, 0x61, 0x00, 0x07, 0x07, 0x02, 
	0x5d, 0x00, 0x02, 0x02, 0x61, 0x07, 0x4c, 0x00, 0x00, 0x0f, 0x0e, 0x0d, 0x0c, 0x00, 0x0b, 0x00, 
	0x0b, 0x11, 0x11, 0x11, 0x11, 0x11, 0x09, 0x0a, 0x19, 0x2b, 0x13, 0x35, 0x23, 0x35, 0x33, 0x35, 
	0x21, 0x15, 0x33, 0x15, 0x23, 0x15, 0x27, 0x33, 0x35, 0x23, 0xfa, 0x7d, 0x7d, 0x01, 0x77, 0x7d, 
	0x7d, 0xfa, 0x7d, 0x7d, 0x01, 0xf4, 0x7d, 0xfa, 0x7d, 0x7d, 0xfa, 0x7d, 0x7d, 0xfa, 0x00, 0x00, 
	0x00, 0x02, 0x00, 0x00, 0x00, 0x7d, 0x03, 0x6b, 0x03, 0xe8, 0x00, 0x0f, 0x00, 0x17, 0x00, 0x86, 
	0x4b, 0xb0, 0x0a, 0x50, 0x58, 0x40, 0x2f, 0x03, 0x01, 0x01, 0x0a, 0x09, 0x00, 0x01, 0x70, 0x0b, 
	0x01, 0x09, 0x00, 0x0a, 0x09, 0x6e, 0x00, 0x08, 0x00, 0x06, 0x05, 0x08, 0x06, 0x65, 0x00, 0x0a, 
	0x0a, 0x02, 0x5d, 0x00, 0x02, 0x02, 0x1b, 0x4b, 0x04, 0x01, 0x00, 0x00, 0x1d, 0x4b, 0x0c, 0x07, 
	0x02, 0x05, 0x05, 0x1c, 0x05, 0x4c, 0x1b, 0x40, 0x31, 0x03, 0x01, 0x01, 0x0a, 0x09, 0x0a, 0x01, 
	0x09, 0x7e, 0x0b, 0x01, 0x09, 0x00, 0x0a, 0x09, 0x00, 0x7c, 0x00, 0x08, 0x00, 0x06, 0x05, 0x08, 
	0x06, 0x65, 0x00, 0x0a, 0x0a, 0x02, 0x5d, 0x00, 0x02, 0x02, 0x1b, 0x4b, 0x04, 0x01, 0x00, 0x00, 
	0x1d, 0x4b, 0x0c, 0x07, 0x02, 0x05, 0x05, 0x1c, 0x05, 0x4c, 0x59, 0x40, 0x18, 0x00, 0x00, 0x17, 
	0x16, 0x15, 0x14, 0x13, 0x12, 0x11, 0x10, 0x00, 0x0f, 0x00, 0x0f, 0x11, 0x11, 0x11, 0x11, 0x11, 
	0x11, 0x11, 0x0d, 0x07, 0x1b, 0x2b, 0x35, 0x11, 0x33, 0x35, 0x33, 0x35, 0x21, 0x15, 0x33, 0x15, 
	0x33, 0x11, 0x23, 0x35, 0x21, 0x15, 0x11, 0x21, 0x35, 0x23, 0x35, 0x23, 0x15, 0x23, 0x7d, 0x7d, 
	0x01, 0x77, 0x7d, 0x7d, 0xfa, 0xfe, 0x89, 0x01, 0x77, 0x7d, 0x7d, 0x7d, 0x7d, 0x02, 0x71, 0x7d, 
	0x7d, 0x7d, 0x7d, 0xfd, 0x8f, 0xfa, 0xfa, 0x01, 0x77, 0xfa, 0x7d, 0x7d, 0x00, 0x02, 0x00, 0x00, 
	0x00, 0x7d, 0x03, 0x6b, 0x03, 0xe8, 0x00, 0x0b, 0x00, 0x0f, 0x00, 0x3b, 0x40, 0x38, 0x00, 0x02, 
	0x00, 0x07, 0x03, 0x02, 0x07, 0x65, 0x00, 0x03, 0x00, 0x04, 0x06, 0x03, 0x04, 0x65, 0x00, 0x01, 
	0x01, 0x00, 0x5d, 0x00, 0x00, 0x00, 0x1b, 0x4b, 0x00, 0x06, 0x06, 0x05, 0x5d, 0x08, 0x01, 0x05, 
	0x05, 0x1c, 0x05, 0x4c, 0x00, 0x00, 0x0f, 0x0e, 0x0d, 0x0c, 0x00, 0x0b, 0x00, 0x0b, 0x11, 0x11, 
	0x11, 0x11, 0x11, 0x09, 0x07, 0x19, 0x2b, 0x35, 0x11, 0x21, 0x15, 0x21, 0x15, 0x21, 0x15, 0x33, 
	0x15, 0x23, 0x15, 0x25, 0x21, 0x35, 0x21, 0x02, 0xee, 0xfe, 0x0c, 0x01, 0xf4, 0x7d, 0x7d, 0xfe, 
	0x0c, 0x01, 0x77, 0xfe, 0x89, 0x7d, 0x03, 0x6b, 0x7d, 0xfa, 0x7d, 0xfa, 0x7d, 0x7d, 0xfa, 0x00, 
	0x00, 0x03, 0x00, 0x00, 0x00, 0x7d, 0x03, 0x6b, 0x03, 0xe8, 0x00, 0x0b, 0x00, 0x0f, 0x00, 0x13, 
	0x00, 0x47, 0x40, 0x44, 0x00, 0x01, 0x00, 0x02, 0x06, 0x01, 0x02, 0x65, 0x00, 0x06, 0x00, 0x09, 
	0x03, 0x06, 0x09, 0x65, 0x00, 0x03, 0x00, 0x04, 0x08, 0x03, 0x04, 0x65, 0x00, 0x07, 0x07, 0x00, 
	0x5d, 0x00, 0x00, 0x00, 0x1b, 0x4b, 0x00, 0x08, 0x08, 0x05, 0x5d, 0x0a, 0x01, 0x05, 0x05, 0x1c, 
	0x05, 0x4c, 0x00, 0x00, 0x13, 0x12, 0x11, 0x10, 0x0f, 0x0e, 0x0d, 0x0c, 0x00, 0x0b, 0x00, 0x0b, 
	0x11, 0x11, 0x11, 0x11, 0x11, 0x0b, 0x07, 0x19, 0x2b, 0x35, 0x11, 0x21, 0x15, 0x33, 0x15, 0x23, 
	0x15, 0x33, 0x15, 0x23, 0x15, 0x01, 0x21, 0x35, 0x21, 0x11, 0x21, 0x35, 0x21, 0x02, 0xee, 0x7d, 
	0x7d, 0x7d, 0x7d, 0xfe, 0x0c, 0x01, 0x77, 0xfe, 0x89, 0x01, 0x77, 0xfe, 0x89, 0x7d, 0x03, 0x6b, 
	0x7d, 0xfa, 0x7d, 0xfa, 0x7d, 0x01, 0xf4, 0xfa, 0xfd, 0x8f, 0xfa, 0x00, 0x00, 0x01, 0x00, 0x7d, 
	0x00, 0x7d, 0x03, 0x6b, 0x03, 0xe8, 0x00, 0x07, 0x00, 0x4b, 0x4b, 0xb0, 0x0a, 0x50, 0x58, 0x40, 
	0x18, 0x00, 0x01, 0x02, 0x03, 0x02, 0x01, 0x70, 0x00, 0x02, 0x02, 0x00, 0x5d, 0x00, 0x00, 0x00, 
	0x1b, 0x4b, 0x04, 0x01, 0x03, 0x03, 0x1c, 0x03, 0x4c, 0x1b, 0x40, 0x19, 0x00, 0x01, 0x02, 0x03, 
	0x02, 0x01, 0x03, 0x7e, 0x00, 0x02, 0x02, 0x00, 0x5d, 0x00, 0x00, 0x00, 0x1b, 0x4b, 0x04, 0x01, 
	0x03, 0x03, 0x1c, 0x03, 0x4c, 0x59, 0x40, 0x0c, 0x00, 0x00, 0x00, 0x07, 0x00, 0x07, 0x11, 0x11, 
	0x11, 0x05, 0x07, 0x17, 0x2b, 0x37, 0x11, 0x21, 0x15, 0x23, 0x35, 0x21, 0x11, 0x7d, 0x02, 0xee, 
	0x7d, 0xfe, 0x89, 0x7d, 0x03, 0x6b, 0xfa, 0x7d, 0xfd, 0x12, 0x00, 0x00, 0x00, 0x02, 0x00, 0x7d, 
	0x00, 0x7d, 0x03, 0x6b, 0x03, 0xe8, 0x00, 0x03, 0x00, 0x0f, 0x00, 0x74, 0x4b, 0xb0, 0x0a, 0x50, 
	0x58, 0x40, 0x2a, 0x00, 0x06, 0x00, 0x05, 0x05, 0x06, 0x70, 0x00, 0x02, 0x03, 0x04, 0x03, 0x02, 
	0x70, 0x00, 0x00, 0x00, 0x01, 0x5d, 0x00, 0x01, 0x01, 0x1b, 0x4b, 0x00, 0x03, 0x03, 0x05, 0x5d, 
	0x08, 0x07, 0x02, 0x05, 0x05, 0x1d, 0x4b, 0x00, 0x04, 0x04, 0x1c, 0x04, 0x4c, 0x1b, 0x40, 0x2c, 
	0x00, 0x06, 0x00, 0x05, 0x00, 0x06, 0x05, 0x7e, 0x00, 0x02, 0x03, 0x04, 0x03, 0x02, 0x04, 0x7e, 
	0x00, 0x00, 0x00, 0x01, 0x5d, 0x00, 0x01, 0x01, 0x1b, 0x4b, 0x00, 0x03, 0x03, 0x05, 0x5d, 0x08, 
	0x07, 0x02, 0x05, 0x05, 0x1d, 0x4b, 0x00, 0x04, 0x04, 0x1c, 0x04, 0x4c, 0x59, 0x40, 0x10, 0x04, 
	0x04, 0x04, 0x0f, 0x04, 0x0f, 0x11, 0x11, 0x11, 0x11, 0x12, 0x11, 0x10, 0x09, 0x07, 0x1b, 0x2b, 
	0x01, 0x23, 0x35, 0x33, 0x17, 0x15, 0x23, 0x35, 0x21, 0x11, 0x23, 0x11, 0x33, 0x35, 0x33, 0x15, 
	0x02, 0x71, 0x7d, 0x7d, 0xfa, 0x7d, 0xfe, 0x89, 0xfa, 0xfa, 0x7d, 0x03, 0x6b, 0x7d, 0xfa, 0xfa, 
	0x7d, 0xfe, 0x0c, 0x02, 0x71, 0x7d, 0x7d, 0x00, 0x00, 0x01, 0x00, 0x7d, 0x00, 0x7d, 0x03, 0x6b, 
	0x03, 0xe8, 0x00, 0x07, 0x00, 0x1d, 0x40, 0x1a, 0x00, 0x03, 0x00, 0x01, 0x02, 0x03, 0x01, 0x66, 
	0x00, 0x00, 0x00, 0x1b, 0x4b, 0x00, 0x02, 0x02, 0x1c, 0x02, 0x4c, 0x11, 0x11, 0x11, 0x10, 0x04, 
	0x07, 0x18, 0x2b, 0x01, 0x33, 0x15, 0x21, 0x11, 0x23, 0x11, 0x21, 0x02, 0x71, 0xfa, 0xfe, 0x0c, 
	0xfa, 0x01, 0xf4, 0x03, 0xe8, 0xfa, 0xfd, 0x8f, 0x02, 0xee, 0x00, 0x00, 0x00, 0x02, 0x00, 0x00, 
	0x00, 0x00, 0x03, 0xe8, 0x03, 0xe8, 0x00, 0x0d, 0x00, 0x11, 0x00, 0x43, 0x40, 0x40, 0x00, 0x01, 
	0x08, 0x00, 0x08, 0x01, 0x00, 0x7e, 0x00, 0x08, 0x08, 0x02, 0x5d, 0x00, 0x02, 0x02, 0x1b, 0x4b, 
	0x07, 0x03, 0x02, 0x00, 0x00, 0x05, 0x5e, 0x00, 0x05, 0x05, 0x1c, 0x4b, 0x07, 0x03, 0x02, 0x00, 
	0x00, 0x04, 0x5e, 0x09, 0x06, 0x02, 0x04, 0x04, 0x1f, 0x04, 0x4c, 0x00, 0x00, 0x11, 0x10, 0x0f, 
	0x0e, 0x00, 0x0d, 0x00, 0x0d, 0x11, 0x11, 0x11, 0x11, 0x11, 0x11, 0x0a, 0x07, 0x1a, 0x2b, 0x31, 
	0x35, 0x33, 0x35, 0x33, 0x11, 0x21, 0x11, 0x33, 0x15, 0x23, 0x35, 0x21, 0x15, 0x37, 0x33, 0x11, 
	0x23, 0x7d, 0x7d, 0x02, 0x71, 0x7d, 0xfa, 0xfe, 0x0c, 0x7d, 0xfa, 0xfa, 0xfa, 0xfa, 0x01, 0xf4, 
	0xfd, 0x12, 0xfa, 0x7d, 0x7d, 0xfa, 0x02, 0x71, 0x00, 0x01, 0x00, 0x00, 0x00, 0x7d, 0x03, 0x6b, 
	0x03, 0xe8, 0x00, 0x0b, 0x00, 0x2f, 0x40, 0x2c, 0x00, 0x02, 0x00, 0x03, 0x04, 0x02, 0x03, 0x65, 
	0x00, 0x01, 0x01, 0x00, 0x5d, 0x00, 0x00, 0x00, 0x1b, 0x4b, 0x00, 0x04, 0x04, 0x05, 0x5d, 0x06, 
	0x01, 0x05, 0x05, 0x1c, 0x05, 0x4c, 0x00, 0x00, 0x00, 0x0b, 0x00, 0x0b, 0x11, 0x11, 0x11, 0x11, 
	0x11, 0x07, 0x07, 0x19, 0x2b, 0x35, 0x11, 0x21, 0x15, 0x21, 0x15, 0x21, 0x15, 0x21, 0x15, 0x21, 
	0x15, 0x03, 0x6b, 0xfd, 0x8f, 0x01, 0xf4, 0xfe, 0x0c, 0x02, 0x71, 0x7d, 0x03, 0x6b, 0x7d, 0xfa, 
	0x7d, 0xfa, 0x7d, 0x00, 0x00, 0x02, 0x00, 0x00, 0x00, 0x7d, 0x03, 0x6b, 0x03, 0xe8, 0x00, 0x03, 
	0x00, 0x13, 0x00, 0x8f, 0x4b, 0xb0, 0x0a, 0x50, 0x58, 0x40, 0x31, 0x00, 0x08, 0x00, 0x07, 0x07, 
	0x08, 0x70, 0x00, 0x03, 0x00, 0x04, 0x05, 0x03, 0x04, 0x65, 0x00, 0x00, 0x00, 0x01, 0x5d, 0x0a, 
	0x01, 0x01, 0x01, 0x1b, 0x4b, 0x00, 0x02, 0x02, 0x07, 0x5d, 0x0b, 0x09, 0x02, 0x07, 0x07, 0x1d, 
	0x4b, 0x00, 0x05, 0x05, 0x06, 0x5d, 0x00, 0x06, 0x06, 0x1c, 0x06, 0x4c, 0x1b, 0x40, 0x32, 0x00, 
	0x08, 0x00, 0x07, 0x00, 0x08, 0x07, 0x7e, 0x00, 0x03, 0x00, 0x04, 0x05, 0x03, 0x04, 0x65, 0x00, 
	0x00, 0x00, 0x01, 0x5d, 0x0a, 0x01, 0x01, 0x01, 0x1b, 0x4b, 0x00, 0x02, 0x02, 0x07, 0x5d, 0x0b, 
	0x09, 0x02, 0x07, 0x07, 0x1d, 0x4b, 0x00, 0x05, 0x05, 0x06, 0x5d, 0x00, 0x06, 0x06, 0x1c, 0x06, 
	0x4c, 0x59, 0x40, 0x1e, 0x04, 0x04, 0x00, 0x00, 0x04, 0x13, 0x04, 0x13, 0x12, 0x11, 0x10, 0x0f, 
	0x0e, 0x0d, 0x0c, 0x0b, 0x0a, 0x09, 0x08, 0x07, 0x06, 0x05, 0x00, 0x03, 0x00, 0x03, 0x11, 0x0c, 
	0x07, 0x15, 0x2b, 0x01, 0x15, 0x23, 0x35, 0x05, 0x15, 0x21, 0x15, 0x21, 0x15, 0x21, 0x15, 0x21, 
	0x15, 0x21, 0x11, 0x21, 0x35, 0x33, 0x15, 0x01, 0x77, 0x7d, 0x02, 0x71, 0xfd, 0x8f, 0x01, 0xf4, 
	0xfe, 0x0c, 0x02, 0x71, 0xfc, 0x95, 0x01, 0x77, 0x7d, 0x03, 0xe8, 0x7d, 0x7d, 0xfa, 0x7d, 0x7d, 
	0x7d, 0x7d, 0x7d, 0x02, 0x71, 0x7d, 0x7d, 0x00, 0x00, 0x03, 0x00, 0x00, 0x00, 0x7d, 0x03, 0x6b, 
	0x03, 0xe8, 0x00, 0x03, 0x00, 0x07, 0x00, 0x13, 0x00, 0x51, 0x40, 0x4e, 0x00, 0x06, 0x00, 0x07, 
	0x08, 0x06, 0x07, 0x65, 0x0b, 0x03, 0x0a, 0x03, 0x01, 0x01, 0x00, 0x5d, 0x02, 0x01, 0x00, 0x00, 
	0x1b, 0x4b, 0x00, 0x05, 0x05, 0x04, 0x5d, 0x00, 0x04, 0x04, 0x1d, 0x4b, 0x00, 0x08, 0x08, 0x09, 
	0x5d, 0x0c, 0x01, 0x09, 0x09, 0x1c, 0x09, 0x4c, 0x08, 0x08, 0x04, 0x04, 0x00, 0x00, 0x08, 0x13, 
	0x08, 0x13, 0x12, 0x11, 0x10, 0x0f, 0x0e, 0x0d, 0x0c, 0x0b, 0x0a, 0x09, 0x04, 0x07, 0x04, 0x07, 
	0x06, 0x05, 0x00, 0x03, 0x00, 0x03, 0x11, 0x0d, 0x07, 0x15, 0x2b, 0x13, 0x35, 0x33, 0x15, 0x33, 
	0x35, 0x33, 0x15, 0x01, 0x11, 0x21, 0x15, 0x21, 0x15, 0x21, 0x15, 0x21, 0x15, 0x21, 0x15, 0x7d, 
	0xfa, 0x7d, 0xfa, 0xfd, 0x12, 0x03, 0x6b, 0xfd, 0x8f, 0x01, 0xf4, 0xfe, 0x0c, 0x02, 0x71, 0x03, 
	0x6b, 0x7d, 0x7d, 0x7d, 0x7d, 0xfd, 0x12, 0x02, 0x71, 0x7d, 0x7d, 0x7d, 0x7d, 0x7d, 0x00, 0x00, 
	0x00, 0x05, 0x00, 0x00, 0x00, 0x7d, 0x03, 0x6b, 0x03, 0xe8, 0x00, 0x05, 0x00, 0x11, 0x00, 0x17, 
	0x00, 0x1d, 0x00, 0x23, 0x00, 0xb1, 0x4b, 0xb0, 0x0a, 0x50, 0x58, 0x40, 0x38, 0x0a, 0x01, 0x00, 
	0x01, 0x03, 0x01, 0x00, 0x70, 0x0f, 0x01, 0x0c, 0x04, 0x0e, 0x0e, 0x0c, 0x70, 0x07, 0x01, 0x03, 
	0x06, 0x01, 0x04, 0x0c, 0x03, 0x04, 0x65, 0x09, 0x01, 0x01, 0x01, 0x02, 0x5d, 0x13, 0x0b, 0x08, 
	0x12, 0x04, 0x02, 0x02, 0x1b, 0x4b, 0x10, 0x01, 0x0e, 0x0e, 0x05, 0x5e, 0x14, 0x11, 0x0d, 0x03, 
	0x05, 0x05, 0x1c, 0x05, 0x4c, 0x1b, 0x40, 0x3a, 0x0a, 0x01, 0x00, 0x01, 0x03, 0x01, 0x00, 0x03, 
	0x7e, 0x0f, 0x01, 0x0c, 0x04, 0x0e, 0x04, 0x0c, 0x0e, 0x7e, 0x07, 0x01, 0x03, 0x06, 0x01, 0x04, 
	0x0c, 0x03, 0x04, 0x65, 0x09, 0x01, 0x01, 0x01, 0x02, 0x5d, 0x13, 0x0b, 0x08, 0x12, 0x04, 0x02, 
	0x02, 0x1b, 0x4b, 0x10, 0x01, 0x0e, 0x0e, 0x05, 0x5e, 0x14, 0x11, 0x0d, 0x03, 0x05, 0x05, 0x1c, 
	0x05, 0x4c, 0x59, 0x40, 0x31, 0x1e, 0x1e, 0x12, 0x12, 0x00, 0x00, 0x1e, 0x23, 0x1e, 0x23, 0x22, 
	0x21, 0x20, 0x1f, 0x1d, 0x1c, 0x1b, 0x1a, 0x19, 0x18, 0x12, 0x17, 0x12, 0x17, 0x16, 0x15, 0x14, 
	0x13, 0x11, 0x10, 0x0f, 0x0e, 0x0d, 0x0c, 0x0b, 0x0a, 0x09, 0x08, 0x07, 0x06, 0x00, 0x05, 0x00, 
	0x05, 0x11, 0x11, 0x15, 0x07, 0x16, 0x2b, 0x13, 0x11, 0x23, 0x35, 0x23, 0x35, 0x01, 0x33, 0x15, 
	0x23, 0x11, 0x23, 0x11, 0x23, 0x35, 0x33, 0x11, 0x33, 0x21, 0x15, 0x23, 0x15, 0x23, 0x11, 0x01, 
	0x33, 0x11, 0x23, 0x35, 0x33, 0x05, 0x11, 0x33, 0x15, 0x33, 0x15, 0xfa, 0x7d, 0x7d, 0x01, 0xf4, 
	0x7d, 0x7d, 0x7d, 0x7d, 0x7d, 0x7d, 0x01, 0x77, 0x7d, 0x7d, 0xfe, 0x0c, 0x7d, 0xfa, 0x7d, 0x01, 
	0xf4, 0x7d, 0x7d, 0x03, 0xe8, 0xfe, 0x89, 0x7d, 0xfa, 0xfe, 0x89, 0x7d, 0xfe, 0x89, 0x01, 0x77, 
	0x7d, 0x01, 0x77, 0xfa, 0x7d, 0x01, 0x77, 0xfe, 0x0c, 0xfe, 0x89, 0xfa, 0xfa, 0x01, 0x77, 0x7d, 
	0xfa, 0x00, 0x00, 0x00, 0x00, 0x01, 0x00, 0x00, 0x00, 0x7d, 0x03, 0x6b, 0x03, 0xe8, 0x00, 0x1b, 
	0x00, 0x59, 0x40, 0x56, 0x00, 0x06, 0x0a, 0x07, 0x06, 0x55, 0x09, 0x01, 0x07, 0x00, 0x0a, 0x04, 
	0x07, 0x0a, 0x65, 0x00, 0x04, 0x00, 0x03, 0x0b, 0x04, 0x03, 0x65, 0x00, 0x0b, 0x01, 0x00, 0x0b, 
	0x55, 0x00, 0x01, 0x0c, 0x01, 0x00, 0x02, 0x01, 0x00, 0x65, 0x00, 0x05, 0x05, 0x08, 0x5d, 0x00, 
	0x08, 0x08, 0x1b, 0x4b, 0x00, 0x02, 0x02, 0x0d, 0x5d, 0x0e, 0x01, 0x0d, 0x0d, 0x1c, 0x0d, 0x4c, 
	0x00, 0x00, 0x00, 0x1b, 0x00, 0x1b, 0x1a, 0x19, 0x18, 0x17, 0x16, 0x15, 0x14, 0x13, 0x11, 0x11, 
	0x11, 0x11, 0x11, 0x11, 0x11, 0x11, 0x11, 0x0f, 0x07, 0x1d, 0x2b, 0x37, 0x35, 0x23, 0x35, 0x33, 
	0x15, 0x21, 0x35, 0x21, 0x35, 0x21, 0x35, 0x21, 0x15, 0x23, 0x35, 0x33, 0x35, 0x21, 0x15, 0x33, 
	0x15, 0x23, 0x15, 0x33, 0x15, 0x23, 0x15, 0x7d, 0x7d, 0xfa, 0x01, 0x77, 0xfe, 0x89, 0x01, 0x77, 
	0xfe, 0x89, 0xfa, 0x7d, 0x02, 0x71, 0x7d, 0x7d, 0x7d, 0x7d, 0x7d, 0x7d, 0x7d, 0x7d, 0xfa, 0x7d, 
	0xfa, 0x7d, 0x7d, 0x7d, 0x7d, 0xfa, 0x7d, 0xfa, 0x7d, 0x00, 0x00, 0x00, 0x00, 0x01, 0x00, 0x00, 
	0x00, 0x7d, 0x03, 0x6b, 0x03, 0xe8, 0x00, 0x13, 0x00, 0x3d, 0x40, 0x3a, 0x00, 0x02, 0x00, 0x07, 
	0x08, 0x02, 0x07, 0x65, 0x00, 0x01, 0x00, 0x08, 0x05, 0x01, 0x08, 0x65, 0x04, 0x01, 0x00, 0x00, 
	0x1b, 0x4b, 0x00, 0x06, 0x06, 0x03, 0x5d, 0x00, 0x03, 0x03, 0x1d, 0x4b, 0x0a, 0x09, 0x02, 0x05, 
	0x05, 0x1c, 0x05, 0x4c, 0x00, 0x00, 0x00, 0x13, 0x00, 0x13, 0x11, 0x11, 0x11, 0x11, 0x11, 0x11, 
	0x11, 0x11, 0x11, 0x0b, 0x07, 0x1d, 0x2b, 0x35, 0x11, 0x33, 0x11, 0x33, 0x35, 0x33, 0x35, 0x33, 
	0x35, 0x33, 0x11, 0x23, 0x11, 0x23, 0x15, 0x23, 0x15, 0x23, 0x15, 0xfa, 0x7d, 0x7d, 0x7d, 0xfa, 
	0xfa, 0x7d, 0x7d, 0x7d, 0x7d, 0x03, 0x6b, 0xfe, 0x0c, 0x7d, 0x7d, 0xfa, 0xfc, 0x95, 0x01, 0x77, 
	0x7d, 0x7d, 0x7d, 0x00, 0x00, 0x02, 0x00, 0x00, 0x00, 0x7d, 0x03, 0x6b, 0x03, 0xe8, 0x00, 0x03, 
	0x00, 0x15, 0x00, 0x51, 0x40, 0x4e, 0x00, 0x05, 0x00, 0x08, 0x03, 0x05, 0x08, 0x65, 0x00, 0x04, 
	0x00, 0x09, 0x07, 0x04, 0x09, 0x65, 0x0b, 0x01, 0x01, 0x01, 0x00, 0x5d, 0x00, 0x00, 0x00, 0x1b, 
	0x4b, 0x06, 0x01, 0x02, 0x02, 0x1d, 0x4b, 0x00, 0x03, 0x03, 0x07, 0x5e, 0x0c, 0x0a, 0x02, 0x07, 
	0x07, 0x1c, 0x07, 0x4c, 0x04, 0x04, 0x00, 0x00, 0x04, 0x15, 0x04, 0x15, 0x14, 0x13, 0x12, 0x11, 
	0x10, 0x0f, 0x0e, 0x0d, 0x0c, 0x0b, 0x0a, 0x09, 0x08, 0x07, 0x06, 0x05, 0x00, 0x03, 0x00, 0x03, 
	0x11, 0x0d, 0x07, 0x15, 0x2b, 0x13, 0x35, 0x21, 0x15, 0x01, 0x11, 0x33, 0x11, 0x33, 0x35, 0x33, 
	0x35, 0x33, 0x35, 0x33, 0x11, 0x23, 0x35, 0x23, 0x15, 0x23, 0x15, 0x7d, 0x02, 0x71, 0xfd, 0x12, 
	0xfa, 0x7d, 0x7d, 0x7d, 0xfa, 0xfa, 0x7d, 0x7d, 0x03, 0x6b, 0x7d, 0x7d, 0xfd, 0x12, 0x02, 0x71, 
	0xfe, 0x89, 0x7d, 0x7d, 0x7d, 0xfd, 0x8f, 0xfa, 0x7d, 0x7d, 0x00, 0x00, 0x00, 0x03, 0x00, 0x00, 
	0x00, 0x7d, 0x03, 0x6b, 0x03, 0xe8, 0x00, 0x03, 0x00, 0x07, 0x00, 0x19, 0x00, 0x5b, 0x40, 0x58, 
	0x00, 0x02, 0x0d, 0x01, 0x03, 0x08, 0x02, 0x03, 0x65, 0x00, 0x0b, 0x00, 0x05, 0x09, 0x0b, 0x05, 
	0x65, 0x00, 0x0a, 0x00, 0x06, 0x04, 0x0a, 0x06, 0x65, 0x00, 0x00, 0x00, 0x01, 0x5d, 0x00, 0x01, 
	0x01, 0x1b, 0x4b, 0x0e, 0x0c, 0x02, 0x08, 0x08, 0x1d, 0x4b, 0x00, 0x09, 0x09, 0x04, 0x5e, 0x07, 
	0x01, 0x04, 0x04, 0x1c, 0x04, 0x4c, 0x08, 0x08, 0x04, 0x04, 0x08, 0x19, 0x08, 0x19, 0x18, 0x17, 
	0x16, 0x15, 0x14, 0x13, 0x12, 0x11, 0x10, 0x0f, 0x0e, 0x0d, 0x0c, 0x0b, 0x0a, 0x09, 0x04, 0x07, 
	0x04, 0x07, 0x12, 0x11, 0x10, 0x0f, 0x07, 0x17, 0x2b, 0x01, 0x23, 0x35, 0x33, 0x15, 0x35, 0x33, 
	0x15, 0x21, 0x11, 0x23, 0x35, 0x23, 0x15, 0x23, 0x15, 0x21, 0x11, 0x33, 0x11, 0x33, 0x35, 0x33, 
	0x35, 0x33, 0x35, 0x01, 0x77, 0x7d, 0x7d, 0x7d, 0x01, 0x77, 0xfa, 0x7d, 0x7d, 0xfe, 0x89, 0xfa, 
	0x7d, 0x7d, 0x7d, 0x03, 0x6b, 0x7d, 0xfa, 0x7d, 0x7d, 0xfd, 0x8f, 0xfa, 0x7d, 0x7d, 0x02, 0x71, 
	0xfe, 0x89, 0x7d, 0x7d, 0x7d, 0x00, 0x00, 0x00, 0x00, 0x02, 0x00, 0x00, 0x00, 0x7d, 0x03, 0x6b, 
	0x03, 0xe8, 0x00, 0x13, 0x00, 0x1b, 0x00, 0x59, 0x40, 0x56, 0x00, 0x02, 0x06, 0x05, 0x06, 0x02, 
	0x05, 0x7e, 0x00, 0x0c, 0x00, 0x0b, 0x00, 0x0c, 0x0b, 0x65, 0x00, 0x06, 0x02, 0x01, 0x06, 0x56, 
	0x09, 0x01, 0x01, 0x00, 0x05, 0x03, 0x01, 0x05, 0x66, 0x00, 0x0a, 0x0a, 0x08, 0x5d, 0x0e, 0x0d, 
	0x02, 0x08, 0x08, 0x1b, 0x4b, 0x00, 0x00, 0x00, 0x1d, 0x4b, 0x00, 0x03, 0x03, 0x04, 0x5e, 0x07, 
	0x01, 0x04, 0x04, 0x1c, 0x04, 0x4c, 0x14, 0x14, 0x14, 0x1b, 0x14, 0x1b, 0x1a, 0x19, 0x18, 0x17, 
	0x16, 0x15, 0x13, 0x12, 0x11, 0x11, 0x11, 0x11, 0x11, 0x11, 0x11, 0x11, 0x10, 0x0f, 0x07, 0x1d, 
	0x2b, 0x01, 0x33, 0x15, 0x33, 0x15, 0x33, 0x15, 0x33, 0x15, 0x23, 0x35, 0x23, 0x35, 0x23, 0x11, 
	0x23, 0x11, 0x33, 0x11, 0x33, 0x01, 0x15, 0x23, 0x15, 0x23, 0x35, 0x33, 0x35, 0x01, 0x77, 0x7d, 
	0x7d, 0x7d, 0x7d, 0xfa, 0x7d, 0xfa, 0xfa, 0xfa, 0x7d, 0x01, 0xf4, 0x7d, 0xfa, 0x7d, 0x02, 0xee, 
	0x7d, 0x7d, 0xfa, 0x7d, 0x7d, 0xfa, 0xfe, 0x89, 0x03, 0x6b, 0xfe, 0x89, 0x01, 0x77, 0x7d, 0x7d, 
	0x7d, 0x7d, 0x00, 0x00, 0x00, 0x04, 0x00, 0x00, 0x00, 0x7d, 0x03, 0x6b, 0x03, 0xe8, 0x00, 0x03, 
	0x00, 0x07, 0x00, 0x17, 0x00, 0x1b, 0x00, 0x9d, 0x4b, 0xb0, 0x0a, 0x50, 0x58, 0x40, 0x3a, 0x00, 
	0x04, 0x0c, 0x05, 0x05, 0x04, 0x70, 0x00, 0x03, 0x00, 0x02, 0x0a, 0x03, 0x02, 0x65, 0x0b, 0x01, 
	0x05, 0x00, 0x08, 0x06, 0x05, 0x08, 0x66, 0x00, 0x00, 0x00, 0x01, 0x5d, 0x00, 0x01, 0x01, 0x1b, 
	0x4b, 0x00, 0x0c, 0x0c, 0x0a, 0x5d, 0x0e, 0x0d, 0x02, 0x0a, 0x0a, 0x1d, 0x4b, 0x00, 0x06, 0x06, 
	0x07, 0x5e, 0x09, 0x01, 0x07, 0x07, 0x1c, 0x07, 0x4c, 0x1b, 0x40, 0x3b, 0x00, 0x04, 0x0c, 0x05, 
	0x0c, 0x04, 0x05, 0x7e, 0x00, 0x03, 0x00, 0x02, 0x0a, 0x03, 0x02, 0x65, 0x0b, 0x01, 0x05, 0x00, 
	0x08, 0x06, 0x05, 0x08, 0x66, 0x00, 0x00, 0x00, 0x01, 0x5d, 0x00, 0x01, 0x01, 0x1b, 0x4b, 0x00, 
	0x0c, 0x0c, 0x0a, 0x5d, 0x0e, 0x0d, 0x02, 0x0a, 0x0a, 0x1d, 0x4b, 0x00, 0x06, 0x06, 0x07, 0x5e, 
	0x09, 0x01, 0x07, 0x07, 0x1c, 0x07, 0x4c, 0x59, 0x40, 0x1a, 0x18, 0x18, 0x18, 0x1b, 0x18, 0x1b, 
	0x1a, 0x19, 0x17, 0x16, 0x15, 0x14, 0x13, 0x12, 0x11, 0x11, 0x11, 0x11, 0x11, 0x11, 0x11, 0x11, 
	0x10, 0x0f, 0x07, 0x1d, 0x2b, 0x01, 0x23, 0x35, 0x33, 0x07, 0x23, 0x35, 0x33, 0x15, 0x33, 0x15, 
	0x33, 0x15, 0x33, 0x15, 0x23, 0x35, 0x21, 0x15, 0x23, 0x11, 0x33, 0x15, 0x33, 0x25, 0x15, 0x23, 
	0x35, 0x02, 0x71, 0x7d, 0x7d, 0x7d, 0x7d, 0x7d, 0x7d, 0x7d, 0x7d, 0xfa, 0xfe, 0x89, 0xfa, 0xfa, 
	0xfa, 0x01, 0x77, 0xfa, 0x03, 0x6b, 0x7d, 0xfa, 0x7d, 0xfa, 0x7d, 0x7d, 0xfa, 0xfa, 0xfa, 0x02, 
	0x71, 0xfa, 0xfa, 0x7d, 0x7d, 0x00, 0x00, 0x00, 0x00, 0x01, 0x00, 0x00, 0x00, 0x7d, 0x03, 0x6b, 
	0x03, 0xe8, 0x00, 0x0d, 0x00, 0x6a, 0x4b, 0xb0, 0x0a, 0x50, 0x58, 0x40, 0x26, 0x00, 0x01, 0x04, 
	0x00, 0x00, 0x01, 0x70, 0x00, 0x05, 0x00, 0x03, 0x00, 0x05, 0x03, 0x7e, 0x00, 0x04, 0x04, 0x02, 
	0x5d, 0x00, 0x02, 0x02, 0x1b, 0x4b, 0x00, 0x00, 0x00, 0x03, 0x5e, 0x07, 0x06, 0x02, 0x03, 0x03, 
	0x1c, 0x03, 0x4c, 0x1b, 0x40, 0x27, 0x00, 0x01, 0x04, 0x00, 0x04, 0x01, 0x00, 0x7e, 0x00, 0x05, 
	0x00, 0x03, 0x00, 0x05, 0x03, 0x7e, 0x00, 0x04, 0x04, 0x02, 0x5d, 0x00, 0x02, 0x02, 0x1b, 0x4b, 
	0x00, 0x00, 0x00, 0x03, 0x5e, 0x07, 0x06, 0x02, 0x03, 0x03, 0x1c, 0x03, 0x4c, 0x59, 0x40, 0x0f, 
	0x00, 0x00, 0x00, 0x0d, 0x00, 0x0d, 0x11, 0x11, 0x11, 0x11, 0x11, 0x11, 0x08, 0x07, 0x1a, 0x2b, 
	0x35, 0x35, 0x33, 0x35, 0x33, 0x11, 0x21, 0x11, 0x23, 0x11, 0x23, 0x11, 0x23, 0x15, 0x7d, 0x7d, 
	0x02, 0x71, 0xfa, 0xfa, 0x7d, 0x7d, 0xfa, 0x7d, 0x01, 0xf4, 0xfc, 0x95, 0x02, 0xee, 0xfd, 0x8f, 
	0x7d, 0x00, 0x00, 0x00, 0x00, 0x01, 0x00, 0x00, 0x00, 0x7d, 0x03, 0x6b, 0x03, 0xe8, 0x00, 0x13, 
	0x00, 0x37, 0x40, 0x34, 0x03, 0x01, 0x01, 0x08, 0x01, 0x06, 0x07, 0x01, 0x06, 0x65, 0x04, 0x01, 
	0x00, 0x00, 0x1b, 0x4b, 0x00, 0x07, 0x07, 0x02, 0x5d, 0x00, 0x02, 0x02, 0x1d, 0x4b, 0x0a, 0x09, 
	0x02, 0x05, 0x05, 0x1c, 0x05, 0x4c, 0x00, 0x00, 0x00, 0x13, 0x00, 0x13, 0x11, 0x11, 0x11, 0x11, 
	0x11, 0x11, 0x11, 0x11, 0x11, 0x0b, 0x07, 0x1d, 0x2b, 0x35, 0x11, 0x33, 0x15, 0x33, 0x15, 0x33, 
	0x35, 0x33, 0x35, 0x33, 0x11, 0x23, 0x11, 0x23, 0x15, 0x23, 0x35, 0x23, 0x11, 0xfa, 0x7d, 0x7d, 
	0x7d, 0xfa, 0xfa, 0x7d, 0x7d, 0x7d, 0x7d, 0x03, 0x6b, 0x7d, 0x7d, 0x7d, 0x7d, 0xfc, 0x95, 0x01, 
	0xf4, 0xfa, 0xfa, 0xfe, 0x0c, 0x00, 0x00, 0x00, 0x00, 0x01, 0x00, 0x00, 0x00, 0x7d, 0x03, 0x6b, 
	0x03, 0xe8, 0x00, 0x0b, 0x00, 0x27, 0x40, 0x24, 0x00, 0x01, 0x00, 0x04, 0x03, 0x01, 0x04, 0x65, 
	0x02, 0x01, 0x00, 0x00, 0x1b, 0x4b, 0x06, 0x05, 0x02, 0x03, 0x03, 0x1c, 0x03, 0x4c, 0x00, 0x00, 
	0x00, 0x0b, 0x00, 0x0b, 0x11, 0x11, 0x11, 0x11, 0x11, 0x07, 0x07, 0x19, 0x2b, 0x35, 0x11, 0x33, 
	0x11, 0x21, 0x11, 0x33, 0x11, 0x23, 0x11, 0x21, 0x11, 0xfa, 0x01, 0x77, 0xfa, 0xfa, 0xfe, 0x89, 
	0x7d, 0x03, 0x6b, 0xfe, 0x89, 0x01, 0x77, 0xfc, 0x95, 0x01, 0x77, 0xfe, 0x89, 0x00, 0x00, 0x00, 
	0x00, 0x02, 0x00, 0x00, 0x00, 0x7d, 0x03, 0x6b, 0x03, 0xe8, 0x00, 0x0b, 0x00, 0x0f, 0x00, 0x35, 
	0x40, 0x32, 0x03, 0x01, 0x01, 0x04, 0x01, 0x00, 0x06, 0x01, 0x00, 0x65, 0x00, 0x07, 0x07, 0x02, 
	0x5d, 0x00, 0x02, 0x02, 0x1b, 0x4b, 0x00, 0x06, 0x06, 0x05, 0x5d, 0x08, 0x01, 0x05, 0x05, 0x1c, 
	0x05, 0x4c, 0x00, 0x00, 0x0f, 0x0e, 0x0d, 0x0c, 0x00, 0x0b, 0x00, 0x0b, 0x11, 0x11, 0x11, 0x11, 
	0x11, 0x09, 0x07, 0x19, 0x2b, 0x37, 0x35, 0x23, 0x11, 0x33, 0x35, 0x21, 0x15, 0x33, 0x11, 0x23, 
	0x15, 0x25, 0x21, 0x11, 0x21, 0x7d, 0x7d, 0x7d, 0x02, 0x71, 0x7d, 0x7d, 0xfe, 0x0c, 0x01, 0x77, 
	0xfe, 0x89, 0x7d, 0x7d, 0x02, 0x71, 0x7d, 0x7d, 0xfd, 0x8f, 0x7d, 0x7d, 0x02, 0x71, 0x00, 0x00, 
	0x00, 0x01, 0x00, 0x00, 0x00, 0x7d, 0x03, 0x6b, 0x03, 0xe8, 0x00, 0x07, 0x00, 0x21, 0x40, 0x1e, 
	0x00, 0x02, 0x02, 0x00, 0x5d, 0x00, 0x00, 0x00, 0x1b, 0x4b, 0x04, 0x03, 0x02, 0x01, 0x01, 0x1c, 
	0x01, 0x4c, 0x00, 0x00, 0x00, 0x07, 0x00, 0x07, 0x11, 0x11, 0x11, 0x05, 0x07, 0x17, 0x2b, 0x35, 
	0x11, 0x21, 0x11, 0x23, 0x11, 0x21, 0x11, 0x03, 0x6b, 0xfa, 0xfe, 0x89, 0x7d, 0x03, 0x6b, 0xfc, 
	0x95, 0x02, 0xee, 0xfd, 0x12, 0x00, 0x00, 0x00, 0x00, 0x02, 0x00, 0x00, 0x00, 0x7d, 0x03, 0x6b, 
	0x03, 0xe8, 0x00, 0x09, 0x00, 0x0d, 0x00, 0x35, 0x40, 0x32, 0x00, 0x01, 0x00, 0x02, 0x05, 0x01, 
	0x02, 0x65, 0x00, 0x05, 0x00, 0x03, 0x04, 0x05, 0x03, 0x65, 0x00, 0x06, 0x06, 0x00, 0x5d, 0x00, 
	0x00, 0x00, 0x1b, 0x4b, 0x07, 0x01, 0x04, 0x04, 0x1c, 0x04, 0x4c, 0x00, 0x00, 0x0d, 0x0c, 0x0b, 
	0x0a, 0x00, 0x09, 0x00, 0x09, 0x11, 0x11, 0x11, 0x11, 0x08, 0x07, 0x18, 0x2b, 0x35, 0x11, 0x21, 
	0x15, 0x33, 0x11, 0x23, 0x15, 0x21, 0x15, 0x11, 0x21, 0x11, 0x21, 0x02, 0xee, 0x7d, 0x7d, 0xfe, 
	0x0c, 0x01, 0x77, 0xfe, 0x89, 0x7d, 0x03, 0x6b, 0x7d, 0xfe, 0x89, 0x7d, 0xfa, 0x01, 0x77, 0x01, 
	0x77, 0x00, 0x00, 0x00, 0x00, 0x01, 0x00, 0x00, 0x00, 0x7d, 0x03, 0x6b, 0x03, 0xe8, 0x00, 0x1b, 
	0x00, 0x51, 0x40, 0x4e, 0x05, 0x01, 0x03, 0x08, 0x01, 0x06, 0x02, 0x03, 0x06, 0x65, 0x0b, 0x01, 
	0x09, 0x0c, 0x01, 0x00, 0x0a, 0x09, 0x00, 0x65, 0x00, 0x07, 0x07, 0x04, 0x5d, 0x00, 0x04, 0x04, 
	0x1b, 0x4b, 0x00, 0x01, 0x01, 0x02, 0x5d, 0x00, 0x02, 0x02, 0x1d, 0x4b, 0x00, 0x0a, 0x0a, 0x0d, 
	0x5e, 0x0e, 0x01, 0x0d, 0x0d, 0x1c, 0x0d, 0x4c, 0x00, 0x00, 0x00, 0x1b, 0x00, 0x1b, 0x1a, 0x19, 
	0x18, 0x17, 0x16, 0x15, 0x14, 0x13, 0x11, 0x11, 0x11, 0x11, 0x11, 0x11, 0x11, 0x11, 0x11, 0x0f, 
	0x07, 0x1d, 0x2b, 0x37, 0x35, 0x23, 0x35, 0x23, 0x11, 0x33, 0x35, 0x33, 0x35, 0x21, 0x15, 0x33, 
	0x15, 0x23, 0x35, 0x23, 0x15, 0x23, 0x11, 0x33, 0x15, 0x33, 0x35, 0x33, 0x15, 0x23, 0x15, 0xfa, 
	0x7d, 0x7d, 0x7d, 0x7d, 0x01, 0xf4, 0x7d, 0xfa, 0xfa, 0x7d, 0x7d, 0xfa, 0xfa, 0x7d, 0x7d, 0x7d, 
	0x7d, 0x01, 0x77, 0x7d, 0x7d, 0x7d, 0x7d, 0x7d, 0x7d, 0xfe, 0x89, 0x7d, 0x7d, 0x7d, 0x7d, 0x00, 
	0x00, 0x01, 0x00, 0x7d, 0x00, 0x7d, 0x03, 0x6b, 0x03, 0xe8, 0x00, 0x07, 0x00, 0x21, 0x40, 0x1e, 
	0x02, 0x01, 0x00, 0x00, 0x01, 0x5d, 0x00, 0x01, 0x01, 0x1b, 0x4b, 0x04, 0x01, 0x03, 0x03, 0x1c, 
	0x03, 0x4c, 0x00, 0x00, 0x00, 0x07, 0x00, 0x07, 0x11, 0x11, 0x11, 0x05, 0x07, 0x17, 0x2b, 0x25, 
	0x11, 0x23, 0x35, 0x21, 0x15, 0x23, 0x11, 0x01, 0x77, 0xfa, 0x02, 0xee, 0xfa, 0x7d, 0x02, 0xee, 
	0x7d, 0x7d, 0xfd, 0x12, 0x00, 0x01, 0x00, 0x00, 0x00, 0x7d, 0x03, 0x6b, 0x03, 0xe8, 0x00, 0x13, 
	0x00, 0x3d, 0x40, 0x3a, 0x00, 0x06, 0x00, 0x03, 0x01, 0x06, 0x03, 0x65, 0x00, 0x01, 0x08, 0x01, 
	0x00, 0x02, 0x01, 0x00, 0x65, 0x00, 0x04, 0x04, 0x05, 0x5d, 0x07, 0x01, 0x05, 0x05, 0x1b, 0x4b, 
	0x00, 0x02, 0x02, 0x09, 0x5d, 0x0a, 0x01, 0x09, 0x09, 0x1c, 0x09, 0x4c, 0x00, 0x00, 0x00, 0x13, 
	0x00, 0x13, 0x11, 0x11, 0x11, 0x11, 0x11, 0x11, 0x11, 0x11, 0x11, 0x0b, 0x07, 0x1d, 0x2b, 0x37, 
	0x35, 0x23, 0x35, 0x33, 0x15, 0x21, 0x35, 0x21, 0x35, 0x23, 0x11, 0x33, 0x11, 0x21, 0x11, 0x33, 
	0x11, 0x23, 0x15, 0x7d, 0x7d, 0xfa, 0x01, 0x77, 0xfe, 0x0c, 0x7d, 0xfa, 0x01, 0x77, 0xfa, 0x7d, 
	0x7d, 0x7d, 0x7d, 0x7d, 0xfa, 0x7d, 0x01, 0x77, 0xfe, 0x89, 0x01, 0x77, 0xfd, 0x12, 0x7d, 0x00, 
	0x00, 0x02, 0x00, 0x00, 0x00, 0x00, 0x03, 0x6b, 0x03, 0xe8, 0x00, 0x03, 0x00, 0x13, 0x00, 0x50, 
	0x40, 0x4d, 0x00, 0x06, 0x00, 0x03, 0x08, 0x06, 0x03, 0x65, 0x0a, 0x01, 0x01, 0x01, 0x00, 0x5d, 
	0x00, 0x00, 0x00, 0x1b, 0x4b, 0x00, 0x04, 0x04, 0x05, 0x5d, 0x07, 0x01, 0x05, 0x05, 0x1d, 0x4b, 
	0x00, 0x08, 0x08, 0x1c, 0x4b, 0x00, 0x02, 0x02, 0x09, 0x5d, 0x0b, 0x01, 0x09, 0x09, 0x1f, 0x09, 
	0x4c, 0x04, 0x04, 0x00, 0x00, 0x04, 0x13, 0x04, 0x13, 0x12, 0x11, 0x10, 0x0f, 0x0e, 0x0d, 0x0c, 
	0x0b, 0x0a, 0x09, 0x08, 0x07, 0x06, 0x05, 0x00, 0x03, 0x00, 0x03, 0x11, 0x0c, 0x07, 0x15, 0x2b, 
	0x13, 0x35, 0x21, 0x15, 0x01, 0x35, 0x21, 0x35, 0x21, 0x35, 0x23, 0x11, 0x33, 0x11, 0x21, 0x11, 
	0x33, 0x11, 0x23, 0x15, 0x7d, 0x02, 0x71, 0xfd, 0x8f, 0x01, 0xf4, 0xfe, 0x0c, 0x7d, 0xfa, 0x01, 
	0x77, 0xfa, 0x7d, 0x03, 0x6b, 0x7d, 0x7d, 0xfc, 0x95, 0x7d, 0x7d, 0x7d, 0x01, 0x77, 0xfe, 0x89, 
	0x01, 0x77, 0xfd, 0x8f, 0x7d, 0x00, 0x00, 0x00, 0x00, 0x03, 0x00, 0x00, 0x00, 0x7d, 0x03, 0x6b, 
	0x03, 0xe8, 0x00, 0x13, 0x00, 0x17, 0x00, 0x1b, 0x00, 0x49, 0x40, 0x46, 0x05, 0x01, 0x03, 0x0d, 
	0x01, 0x0b, 0x02, 0x03, 0x0b, 0x65, 0x0c, 0x01, 0x0a, 0x08, 0x01, 0x00, 0x09, 0x0a, 0x00, 0x65, 
	0x00, 0x04, 0x04, 0x1b, 0x4b, 0x07, 0x01, 0x01, 0x01, 0x02, 0x5d, 0x06, 0x01, 0x02, 0x02, 0x1d, 
	0x4b, 0x0e, 0x01, 0x09, 0x09, 0x1c, 0x09, 0x4c, 0x00, 0x00, 0x1b, 0x1a, 0x19, 0x18, 0x17, 0x16, 
	0x15, 0x14, 0x00, 0x13, 0x00, 0x13, 0x11, 0x11, 0x11, 0x11, 0x11, 0x11, 0x11, 0x11, 0x11, 0x0f, 
	0x07, 0x1d, 0x2b, 0x25, 0x35, 0x23, 0x35, 0x23, 0x11, 0x33, 0x35, 0x33, 0x35, 0x33, 0x15, 0x33, 
	0x15, 0x33, 0x11, 0x23, 0x15, 0x23, 0x15, 0x27, 0x33, 0x11, 0x23, 0x13, 0x33, 0x11, 0x23, 0x01, 
	0x77, 0xfa, 0x7d, 0x7d, 0xfa, 0x7d, 0xfa, 0x7d, 0x7d, 0xfa, 0xfa, 0x7d, 0x7d, 0xfa, 0x7d, 0x7d, 
	0x7d, 0x7d, 0x7d, 0x01, 0x77, 0x7d, 0x7d, 0x7d, 0x7d, 0xfe, 0x89, 0x7d, 0x7d, 0xfa, 0x01, 0x77, 
	0xfe, 0x89, 0x01, 0x77, 0x00, 0x01, 0x00, 0x00, 0x00, 0x7d, 0x03, 0x6b, 0x03, 0xe8, 0x00, 0x23, 
	0x00, 0xae, 0x4b, 0xb0, 0x0a, 0x50, 0x58, 0x40, 0x3e, 0x0a, 0x01, 0x02, 0x05, 0x06, 0x03, 0x02, 
	0x70, 0x0b, 0x01, 0x01, 0x0f, 0x0e, 0x00, 0x01, 0x70, 0x00, 0x06, 0x00, 0x0f, 0x01, 0x06, 0x0f, 
	0x65, 0x09, 0x01, 0x03, 0x03, 0x04, 0x5d, 0x08, 0x01, 0x04, 0x04, 0x1b, 0x4b, 0x10, 0x01, 0x0e, 
	0x0e, 0x05, 0x5d, 0x07, 0x01, 0x05, 0x05, 0x1d, 0x4b, 0x0c, 0x01, 0x00, 0x00, 0x0d, 0x5e, 0x12, 
	0x11, 0x02, 0x0d, 0x0d, 0x1c, 0x0d, 0x4c, 0x1b, 0x40, 0x40, 0x0a, 0x01, 0x02, 0x05, 0x06, 0x05, 
	0x02, 0x06, 0x7e, 0x0b, 0x01, 0x01, 0x0f, 0x0e, 0x0f, 0x01, 0x0e, 0x7e, 0x00, 0x06, 0x00, 0x0f, 
	0x01, 0x06, 0x0f, 0x65, 0x09, 0x01, 0x03, 0x03, 0x04, 0x5d, 0x08, 0x01, 0x04, 0x04, 0x1b, 0x4b, 
	0x10, 0x01, 0x0e, 0x0e, 0x05, 0x5d, 0x07, 0x01, 0x05, 0x05, 0x1d, 0x4b, 0x0c, 0x01, 0x00, 0x00, 
	0x0d, 0x5e, 0x12, 0x11, 0x02, 0x0d, 0x0d, 0x1c, 0x0d, 0x4c, 0x59, 0x40, 0x22, 0x00, 0x00, 0x00, 
	0x23, 0x00, 0x23, 0x22, 0x21, 0x20, 0x1f, 0x1e, 0x1d, 0x1c, 0x1b, 0x1a, 0x19, 0x18, 0x17, 0x16, 
	0x15, 0x14, 0x13, 0x11, 0x11, 0x11, 0x11, 0x11, 0x11, 0x11, 0x11, 0x11, 0x13, 0x07, 0x1d, 0x2b, 
	0x35, 0x35, 0x33, 0x35, 0x33, 0x35, 0x23, 0x35, 0x23, 0x35, 0x33, 0x15, 0x33, 0x15, 0x33, 0x35, 
	0x33, 0x35, 0x33, 0x15, 0x23, 0x15, 0x23, 0x15, 0x33, 0x15, 0x33, 0x15, 0x23, 0x35, 0x23, 0x35, 
	0x23, 0x15, 0x23, 0x15, 0x7d, 0x7d, 0x7d, 0x7d, 0xfa, 0x7d, 0x7d, 0x7d, 0xfa, 0x7d, 0x7d, 0x7d, 
	0x7d, 0xfa, 0x7d, 0x7d, 0x7d, 0x7d, 0xfa, 0x7d, 0x7d, 0x7d, 0xfa, 0xfa, 0x7d, 0x7d, 0xfa, 0xfa, 
	0x7d, 0x7d, 0x7d, 0xfa, 0xfa, 0x7d, 0x7d, 0xfa, 0x00, 0x01, 0x00, 0x00, 0x00, 0x7d, 0x03, 0x6b, 
	0x03, 0xe8, 0x00, 0x0b, 0x00, 0x2b, 0x40, 0x28, 0x00, 0x03, 0x00, 0x00, 0x05, 0x03, 0x00, 0x65, 
	0x00, 0x01, 0x01, 0x02, 0x5d, 0x04, 0x01, 0x02, 0x02, 0x1b, 0x4b, 0x06, 0x01, 0x05, 0x05, 0x1c, 
	0x05, 0x4c, 0x00, 0x00, 0x00, 0x0b, 0x00, 0x0b, 0x11, 0x11, 0x11, 0x11, 0x11, 0x07, 0x07, 0x19, 
	0x2b, 0x25, 0x11, 0x21, 0x35, 0x23, 0x11, 0x33, 0x11, 0x21, 0x11, 0x33, 0x11, 0x02, 0x71, 0xfe, 
	0x0c, 0x7d, 0xfa, 0x01, 0x77, 0xfa, 0x7d, 0x01, 0x77, 0x7d, 0x01, 0x77, 0xfe, 0x89, 0x01, 0x77, 
	0xfc, 0x95, 0x00, 0x00, 0x00, 0x01, 0x00, 0x00, 0x00, 0x00, 0x03, 0x6b, 0x03, 0xe8, 0x00, 0x0b, 
	0x00, 0x2f, 0x40, 0x2c, 0x03, 0x01, 0x01, 0x01, 0x1b, 0x4b, 0x04, 0x01, 0x02, 0x02, 0x00, 0x5e, 
	0x00, 0x00, 0x00, 0x1c, 0x4b, 0x04, 0x01, 0x02, 0x02, 0x05, 0x5e, 0x06, 0x01, 0x05, 0x05, 0x1f, 
	0x05, 0x4c, 0x00, 0x00, 0x00, 0x0b, 0x00, 0x0b, 0x11, 0x11, 0x11, 0x11, 0x11, 0x07, 0x07, 0x19, 
	0x2b, 0x21, 0x35, 0x21, 0x11, 0x33, 0x11, 0x33, 0x11, 0x33, 0x11, 0x33, 0x15, 0x02, 0x71, 0xfd, 
	0x8f, 0xfa, 0xfa, 0xfa, 0x7d, 0x7d, 0x03, 0x6b, 0xfd, 0x12, 0x02, 0xee, 0xfd, 0x12, 0xfa, 0x00, 
	0x00, 0x01, 0x00, 0x00, 0x00, 0x7d, 0x03, 0x6b, 0x03, 0xe8, 0x00, 0x0b, 0x00, 0x25, 0x40, 0x22, 
	0x04, 0x02, 0x02, 0x00, 0x00, 0x1b, 0x4b, 0x03, 0x01, 0x01, 0x01, 0x05, 0x5e, 0x06, 0x01, 0x05, 
	0x05, 0x1c, 0x05, 0x4c, 0x00, 0x00, 0x00, 0x0b, 0x00, 0x0b, 0x11, 0x11, 0x11, 0x11, 0x11, 0x07, 
	0x07, 0x19, 0x2b, 0x35, 0x11, 0x33, 0x11, 0x33, 0x11, 0x33, 0x11, 0x33, 0x11, 0x33, 0x11, 0xfa, 
	0x7d, 0x7d, 0x7d, 0xfa, 0x7d, 0x03, 0x6b, 0xfd, 0x12, 0x02, 0xee, 0xfd, 0x12, 0x02, 0xee, 0xfc, 
	0x95, 0x00, 0x00, 0x00, 0x00, 0x01, 0x00, 0x00, 0x00, 0x00, 0x03, 0xe8, 0x03, 0xe8, 0x00, 0x0f, 
	0x00, 0x34, 0x40, 0x31, 0x05, 0x03, 0x02, 0x01, 0x01, 0x1b, 0x4b, 0x06, 0x04, 0x02, 0x02, 0x02, 
	0x00, 0x5e, 0x00, 0x00, 0x00, 0x1c, 0x4b, 0x06, 0x04, 0x02, 0x02, 0x02, 0x07, 0x5e, 0x08, 0x01, 
	0x07, 0x07, 0x1f, 0x07, 0x4c, 0x00, 0x00, 0x00, 0x0f, 0x00, 0x0f, 0x11, 0x11, 0x11, 0x11, 0x11, 
	0x11, 0x11, 0x09, 0x07, 0x1b, 0x2b, 0x21, 0x35, 0x21, 0x11, 0x33, 0x11, 0x33, 0x11, 0x33, 0x11, 
	0x33, 0x11, 0x33, 0x11, 0x33, 0x15, 0x02, 0xee, 0xfd, 0x12, 0xfa, 0x7d, 0x7d, 0x7d, 0xfa, 0x7d, 
	0x7d, 0x03, 0x6b, 0xfd, 0x12, 0x02, 0xee, 0xfd, 0x12, 0x02, 0xee, 0xfd, 0x12, 0xfa, 0x00, 0x00, 
	0x00, 0x01, 0x00, 0x00, 0x00, 0x00, 0x03, 0x6b, 0x03, 0xe8, 0x00, 0x0b, 0x00, 0x29, 0x40, 0x26, 
	0x03, 0x01, 0x01, 0x01, 0x1b, 0x4b, 0x00, 0x02, 0x02, 0x00, 0x5e, 0x04, 0x01, 0x00, 0x00, 0x1c, 
	0x4b, 0x06, 0x01, 0x05, 0x05, 0x1f, 0x05, 0x4c, 0x00, 0x00, 0x00, 0x0b, 0x00, 0x0b, 0x11, 0x11, 
	0x11, 0x11, 0x11, 0x07, 0x07, 0x19, 0x2b, 0x21, 0x35, 0x21, 0x11, 0x33, 0x11, 0x21, 0x11, 0x33, 
	0x11, 0x21, 0x15, 0x01, 0x77, 0xfe, 0x89, 0xfa, 0x01, 0x77, 0xfa, 0xfe, 0x89, 0x7d, 0x03, 0x6b, 
	0xfd, 0x12, 0x02, 0xee, 0xfc, 0x95, 0x7d, 0x00, 0x00, 0x02, 0x00, 0x00, 0x00, 0x7d, 0x03, 0x6b, 
	0x03, 0xe8, 0x00, 0x09, 0x00, 0x0d, 0x00, 0x37, 0x40, 0x34, 0x00, 0x02, 0x00, 0x03, 0x05, 0x02, 
	0x03, 0x65, 0x00, 0x00, 0x00, 0x1b, 0x4b, 0x00, 0x06, 0x06, 0x01, 0x5d, 0x00, 0x01, 0x01, 0x1d, 
	0x4b, 0x00, 0x05, 0x05, 0x04, 0x5e, 0x07, 0x01, 0x04, 0x04, 0x1c, 0x04, 0x4c, 0x00, 0x00, 0x0d, 
	0x0c, 0x0b, 0x0a, 0x00, 0x09, 0x00, 0x09, 0x11, 0x11, 0x11, 0x11, 0x08, 0x07, 0x18, 0x2b, 0x35, 
	0x11, 0x33, 0x15, 0x21, 0x15, 0x33, 0x11, 0x23, 0x15, 0x25, 0x21, 0x11, 0x21, 0xfa, 0x01, 0xf4, 
	0x7d, 0x7d, 0xfe, 0x0c, 0x01, 0x77, 0xfe, 0x89, 0x7d, 0x03, 0x6b, 0xfa, 0x7d, 0xfe, 0x89, 0x7d, 
	0x7d, 0x01, 0x77, 0x00, 0x00, 0x02, 0x00, 0x00, 0x00, 0x7d, 0x03, 0x6b, 0x03, 0xe8, 0x00, 0x0b, 
	0x00, 0x0f, 0x00, 0x3d, 0x40, 0x3a, 0x00, 0x03, 0x00, 0x04, 0x06, 0x03, 0x04, 0x65, 0x00, 0x00, 
	0x00, 0x01, 0x5d, 0x00, 0x01, 0x01, 0x1b, 0x4b, 0x00, 0x07, 0x07, 0x02, 0x5d, 0x00, 0x02, 0x02, 
	0x1d, 0x4b, 0x00, 0x06, 0x06, 0x05, 0x5d, 0x08, 0x01, 0x05, 0x05, 0x1c, 0x05, 0x4c, 0x00, 0x00, 
	0x0f, 0x0e, 0x0d, 0x0c, 0x00, 0x0b, 0x00, 0x0b, 0x11, 0x11, 0x11, 0x11, 0x11, 0x09, 0x07, 0x19, 
	0x2b, 0x37, 0x11, 0x23, 0x35, 0x21, 0x15, 0x21, 0x15, 0x33, 0x11, 0x23, 0x15, 0x25, 0x33, 0x11, 
	0x23, 0x7d, 0x7d, 0x01, 0x77, 0x01, 0x77, 0x7d, 0x7d, 0xfe, 0x89, 0xfa, 0xfa, 0x7d, 0x02, 0xee, 
	0x7d, 0xfa, 0x7d, 0xfe, 0x89, 0x7d, 0x7d, 0x01, 0x77, 0x00, 0x00, 0x00, 0x00, 0x03, 0x00, 0x00, 
	0x00, 0x7d, 0x03, 0x6b, 0x03, 0xe8, 0x00, 0x05, 0x00, 0x09, 0x00, 0x0d, 0x00, 0x38, 0x40, 0x35, 
	0x03, 0x01, 0x00, 0x00, 0x1b, 0x4b, 0x00, 0x06, 0x06, 0x01, 0x5d, 0x00, 0x01, 0x01, 0x1d, 0x4b, 
	0x00, 0x05, 0x05, 0x02, 0x5e, 0x08, 0x04, 0x07, 0x03, 0x02, 0x02, 0x1c, 0x02, 0x4c, 0x06, 0x06, 
	0x00, 0x00, 0x0d, 0x0c, 0x0b, 0x0a, 0x06, 0x09, 0x06, 0x09, 0x08, 0x07, 0x00, 0x05, 0x00, 0x05, 
	0x11, 0x11, 0x09, 0x07, 0x16, 0x2b, 0x35, 0x11, 0x33, 0x15, 0x33, 0x11, 0x33, 0x11, 0x33, 0x11, 
	0x25, 0x33, 0x11, 0x23, 0xfa, 0xfa, 0x7d, 0xfa, 0xfd, 0x8f, 0x7d, 0x7d, 0x7d, 0x03, 0x6b, 0xfa, 
	0xfd, 0x8f, 0x03, 0x6b, 0xfc, 0x95, 0x7d, 0x01, 0x77, 0x00, 0x00, 0x00, 0x00, 0x02, 0x00, 0x00, 
	0x00, 0x7d, 0x03, 0x6b, 0x03, 0xe8, 0x00, 0x0b, 0x00, 0x0f, 0x00, 0x42, 0x40, 0x3f, 0x00, 0x04, 
	0x04, 0x01, 0x5d, 0x00, 0x01, 0x01, 0x1b, 0x4b, 0x00, 0x07, 0x07, 0x02, 0x5d, 0x00, 0x02, 0x02, 
	0x1d, 0x4b, 0x00, 0x00, 0x00, 0x03, 0x5d, 0x08, 0x05, 0x02, 0x03, 0x03, 0x1c, 0x4b, 0x00, 0x06, 
	0x06, 0x03, 0x5d, 0x08, 0x05, 0x02, 0x03, 0x03, 0x1c, 0x03, 0x4c, 0x00, 0x00, 0x0f, 0x0e, 0x0d, 
	0x0c, 0x00, 0x0b, 0x00, 0x0b, 0x11, 0x11, 0x11, 0x11, 0x11, 0x09, 0x07, 0x19, 0x2b, 0x35, 0x35, 
	0x33, 0x11, 0x21, 0x15, 0x33, 0x11, 0x21, 0x11, 0x23, 0x11, 0x25, 0x33, 0x11, 0x23, 0x7d, 0x01, 
	0xf4, 0xfa, 0xfe, 0x0c, 0x7d, 0x01, 0x77, 0x7d, 0x7d, 0x7d, 0xfa, 0x02, 0x71, 0xfa, 0xfd, 0x8f, 
	0x02, 0xee, 0xfd, 0x12, 0x7d, 0x01, 0x77, 0x00, 0x00, 0x02, 0x00, 0x00, 0x00, 0x7d, 0x03, 0x6b, 
	0x03, 0xe8, 0x00, 0x0d, 0x00, 0x11, 0x00, 0x3b, 0x40, 0x38, 0x00, 0x01, 0x00, 0x05, 0x07, 0x01, 
	0x05, 0x65, 0x02, 0x01, 0x00, 0x00, 0x1b, 0x4b, 0x00, 0x08, 0x08, 0x03, 0x5d, 0x00, 0x03, 0x03, 
	0x1d, 0x4b, 0x00, 0x07, 0x07, 0x04, 0x5e, 0x09, 0x06, 0x02, 0x04, 0x04, 0x1c, 0x04, 0x4c, 0x00, 
	0x00, 0x11, 0x10, 0x0f, 0x0e, 0x00, 0x0d, 0x00, 0x0d, 0x11, 0x11, 0x11, 0x11, 0x11, 0x11, 0x0a, 
	0x07, 0x1a, 0x2b, 0x35, 0x11, 0x33, 0x11, 0x33, 0x11, 0x33, 0x15, 0x33, 0x11, 0x21, 0x11, 0x23, 
	0x11, 0x25, 0x33, 0x11, 0x23, 0xfa, 0x7d, 0xfa, 0xfa, 0xfe, 0x0c, 0x7d, 0x01, 0x77, 0x7d, 0x7d, 
	0x7d, 0x03, 0x6b, 0xfe, 0x89, 0x01, 0x77, 0xfa, 0xfd, 0x8f, 0x01, 0x77, 0xfe, 0x89, 0x7d, 0x01, 
	0x77, 0x00, 0x00, 0x00, 0x00, 0x01, 0x00, 0x00, 0x00, 0x7d, 0x03, 0x6b, 0x03, 0xe8, 0x00, 0x1b, 
	0x00, 0x59, 0x40, 0x56, 0x00, 0x08, 0x04, 0x05, 0x08, 0x55, 0x07, 0x01, 0x05, 0x00, 0x04, 0x0a, 
	0x05, 0x04, 0x65, 0x00, 0x0a, 0x00, 0x03, 0x0b, 0x0a, 0x03, 0x65, 0x00, 0x0b, 0x01, 0x00, 0x0b, 
	0x55, 0x00, 0x01, 0x0c, 0x01, 0x00, 0x02, 0x01, 0x00, 0x65, 0x00, 0x09, 0x09, 0x06, 0x5d, 0x00, 
	0x06, 0x06, 0x1b, 0x4b, 0x00, 0x02, 0x02, 0x0d, 0x5d, 0x0e, 0x01, 0x0d, 0x0d, 0x1c, 0x0d, 0x4c, 
	0x00, 0x00, 0x00, 0x1b, 0x00, 0x1b, 0x1a, 0x19, 0x18, 0x17, 0x16, 0x15, 0x14, 0x13, 0x11, 0x11, 
	0x11, 0x11, 0x11, 0x11, 0x11, 0x11, 0x11, 0x0f, 0x07, 0x1d, 0x2b, 0x37, 0x35, 0x23, 0x35, 0x33, 
	0x15, 0x21, 0x35, 0x21, 0x35, 0x23, 0x35, 0x33, 0x35, 0x21, 0x15, 0x33, 0x15, 0x23, 0x35, 0x21, 
	0x15, 0x21, 0x15, 0x33, 0x15, 0x23, 0x15, 0x7d, 0x7d, 0xfa, 0x01, 0x77, 0xfe, 0x0c, 0x7d, 0x7d, 
	0x02, 0x71, 0x7d, 0xfa, 0xfe, 0x89, 0x01, 0xf4, 0x7d, 0x7d, 0x7d, 0x7d, 0x7d, 0x7d, 0xfa, 0x7d, 
	0xfa, 0x7d, 0x7d, 0x7d, 0x7d, 0xfa, 0x7d, 0xfa, 0x7d, 0x00, 0x00, 0x00, 0x00, 0x01, 0x00, 0x00, 
	0x00, 0x7d, 0x03, 0x6b, 0x03, 0xe8, 0x00, 0x1f, 0x00, 0x5d, 0x40, 0x5a, 0x05, 0x01, 0x03, 0x08, 
	0x01, 0x06, 0x02, 0x03, 0x06, 0x65, 0x00, 0x09, 0x00, 0x0a, 0x01, 0x09, 0x0a, 0x65, 0x0d, 0x01, 
	0x0b, 0x0e, 0x01, 0x00, 0x0c, 0x0b, 0x00, 0x65, 0x00, 0x07, 0x07, 0x04, 0x5d, 0x00, 0x04, 0x04, 
	0x1b, 0x4b, 0x00, 0x01, 0x01, 0x02, 0x5d, 0x00, 0x02, 0x02, 0x1d, 0x4b, 0x00, 0x0c, 0x0c, 0x0f, 
	0x5e, 0x10, 0x01, 0x0f, 0x0f, 0x1c, 0x0f, 0x4c, 0x00, 0x00, 0x00, 0x1f, 0x00, 0x1f, 0x1e, 0x1d, 
	0x1c, 0x1b, 0x1a, 0x19, 0x18, 0x17, 0x16, 0x15, 0x14, 0x13, 0x11, 0x11, 0x11, 0x11, 0x11, 0x11, 
	0x11, 0x11, 0x11, 0x11, 0x07, 0x1d, 0x2b, 0x37, 0x35, 0x23, 0x35, 0x23, 0x11, 0x33, 0x35, 0x33, 
	0x35, 0x21, 0x15, 0x33, 0x15, 0x23, 0x35, 0x23, 0x15, 0x23, 0x15, 0x21, 0x15, 0x21, 0x15, 0x33, 
	0x15, 0x33, 0x35, 0x33, 0x15, 0x23, 0x15, 0xfa, 0x7d, 0x7d, 0x7d, 0x7d, 0x01, 0xf4, 0x7d, 0xfa, 
	0xfa, 0x7d, 0x01, 0xf4, 0xfe, 0x0c, 0x7d, 0xfa, 0xfa, 0x7d, 0x7d, 0x7d, 0x7d, 0x01, 0x77, 0x7d, 
	0x7d, 0x7d, 0x7d, 0x7d, 0x7d, 0x7d, 0x7d, 0x7d, 0x7d, 0x7d, 0x7d, 0x7d, 0x00, 0x01, 0x00, 0x00, 
	0x00, 0x7d, 0x03, 0x6b, 0x03, 0xe8, 0x00, 0x1f, 0x00, 0x5d, 0x40, 0x5a, 0x0b, 0x01, 0x09, 0x08, 
	0x01, 0x06, 0x0c, 0x09, 0x06, 0x65, 0x00, 0x05, 0x00, 0x04, 0x0d, 0x05, 0x04, 0x65, 0x03, 0x01, 
	0x01, 0x0e, 0x01, 0x00, 0x02, 0x01, 0x00, 0x65, 0x00, 0x07, 0x07, 0x0a, 0x5d, 0x00, 0x0a, 0x0a, 
	0x1b, 0x4b, 0x00, 0x0d, 0x0d, 0x0c, 0x5d, 0x00, 0x0c, 0x0c, 0x1d, 0x4b, 0x00, 0x02, 0x02, 0x0f, 
	0x5e, 0x10, 0x01, 0x0f, 0x0f, 0x1c, 0x0f, 0x4c, 0x00, 0x00, 0x00, 0x1f, 0x00, 0x1f, 0x1e, 0x1d, 
	0x1c, 0x1b, 0x1a, 0x19, 0x18, 0x17, 0x16, 0x15, 0x14, 0x13, 0x11, 0x11, 0x11, 0x11, 0x11, 0x11, 
	0x11, 0x11, 0x11, 0x11, 0x07, 0x1d, 0x2b, 0x37, 0x35, 0x23, 0x35, 0x33, 0x15, 0x33, 0x35, 0x33, 
	0x35, 0x21, 0x35, 0x21, 0x35, 0x23, 0x35, 0x23, 0x15, 0x23, 0x35, 0x33, 0x35, 0x21, 0x15, 0x33, 
	0x15, 0x33, 0x11, 0x23, 0x15, 0x23, 0x15, 0x7d, 0x7d, 0xfa, 0xfa, 0x7d, 0xfe, 0x0c, 0x01, 0xf4, 
	0x7d, 0xfa, 0xfa, 0x7d, 0x01, 0xf4, 0x7d, 0x7d, 0x7d, 0x7d, 0x7d, 0x7d, 0x7d, 0x7d, 0x7d, 0x7d, 
	0x7d, 0x7d, 0x7d, 0x7d, 0x7d, 0x7d, 0x7d, 0x7d, 0xfe, 0x89, 0x7d, 0x7d, 0x00, 0x01, 0x00, 0x7d, 
	0x00, 0x7d, 0x03, 0x6b, 0x03, 0xe8, 0x00, 0x0b, 0x00, 0x29, 0x40, 0x26, 0x03, 0x01, 0x01, 0x01, 
	0x02, 0x5d, 0x00, 0x02, 0x02, 0x1b, 0x4b, 0x04, 0x01, 0x00, 0x00, 0x05, 0x5d, 0x06, 0x01, 0x05, 
	0x05, 0x1c, 0x05, 0x4c, 0x00, 0x00, 0x00, 0x0b, 0x00, 0x0b, 0x11, 0x11, 0x11, 0x11, 0x11, 0x07, 
	0x07, 0x19, 0x2b, 0x37, 0x35, 0x33, 0x11, 0x23, 0x35, 0x21, 0x15, 0x23, 0x11, 0x33, 0x15, 0x7d, 
	0xfa, 0xfa, 0x02, 0xee, 0xfa, 0xfa, 0x7d, 0x7d, 0x02, 0x71, 0x7d, 0x7d, 0xfd, 0x8f, 0x7d, 0x00, 
	0x00, 0x03, 0x00, 0x7d, 0x00, 0x7d, 0x03, 0x6b, 0x03, 0xe8, 0x00, 0x03, 0x00, 0x07, 0x00, 0x13, 
	0x00, 0x4b, 0x40, 0x48, 0x0b, 0x03, 0x0a, 0x03, 0x01, 0x01, 0x00, 0x5d, 0x02, 0x01, 0x00, 0x00, 
	0x1b, 0x4b, 0x07, 0x01, 0x05, 0x05, 0x06, 0x5d, 0x00, 0x06, 0x06, 0x1d, 0x4b, 0x08, 0x01, 0x04, 
	0x04, 0x09, 0x5d, 0x0c, 0x01, 0x09, 0x09, 0x1c, 0x09, 0x4c, 0x08, 0x08, 0x04, 0x04, 0x00, 0x00, 
	0x08, 0x13, 0x08, 0x13, 0x12, 0x11, 0x10, 0x0f, 0x0e, 0x0d, 0x0c, 0x0b, 0x0a, 0x09, 0x04, 0x07, 
	0x04, 0x07, 0x06, 0x05, 0x00, 0x03, 0x00, 0x03, 0x11, 0x0d, 0x07, 0x15, 0x2b, 0x13, 0x35, 0x33, 
	0x15, 0x33, 0x35, 0x33, 0x15, 0x01, 0x35, 0x33, 0x11, 0x23, 0x35, 0x21, 0x15, 0x23, 0x11, 0x33, 
	0x15, 0x7d, 0xfa, 0xfa, 0xfa, 0xfd, 0x12, 0xfa, 0xfa, 0x02, 0xee, 0xfa, 0xfa, 0x03, 0x6b, 0x7d, 
	0x7d, 0x7d, 0x7d, 0xfd, 0x12, 0x7d, 0x01, 0x77, 0x7d, 0x7d, 0xfe, 0x89, 0x7d, 0x00, 0x00, 0x00, 
	0x00, 0x01, 0x00, 0x00, 0x00, 0x7d, 0x03, 0x6b, 0x03, 0xe8, 0x00, 0x0b, 0x00, 0x2e, 0x40, 0x2b, 
	0x00, 0x01, 0x00, 0x00, 0x01, 0x55, 0x04, 0x01, 0x00, 0x00, 0x03, 0x5d, 0x00, 0x03, 0x03, 0x1b, 
	0x4b, 0x00, 0x02, 0x02, 0x05, 0x5d, 0x06, 0x01, 0x05, 0x05, 0x1c, 0x05, 0x4c, 0x00, 0x00, 0x00, 
	0x0b, 0x00, 0x0b, 0x11, 0x11, 0x11, 0x11, 0x11, 0x07, 0x07, 0x19, 0x2b, 0x37, 0x35, 0x23, 0x35, 
	0x33, 0x15, 0x21, 0x11, 0x33, 0x11, 0x23, 0x15, 0x7d, 0x7d, 0xfa, 0x01, 0x77, 0xfa, 0x7d, 0x7d, 
	0x7d, 0x7d, 0x7d, 0x02, 0xee, 0xfd, 0x12, 0x7d, 0x00, 0x01, 0x00, 0x00, 0x00, 0x7d, 0x03, 0x6b, 
	0x03, 0xe8, 0x00, 0x0f, 0x00, 0x35, 0x40, 0x32, 0x02, 0x01, 0x00, 0x00, 0x01, 0x5d, 0x00, 0x01, 
	0x01, 0x1b, 0x4b, 0x00, 0x06, 0x06, 0x03, 0x5d, 0x00, 0x03, 0x03, 0x1d, 0x4b, 0x00, 0x04, 0x04, 
	0x05, 0x5d, 0x08, 0x07, 0x02, 0x05, 0x05, 0x1c, 0x05, 0x4c, 0x00, 0x00, 0x00, 0x0f, 0x00, 0x0f, 
	0x11, 0x11, 0x11, 0x11, 0x11, 0x11, 0x11, 0x09, 0x07, 0x1b, 0x2b, 0x37, 0x11, 0x23, 0x35, 0x21, 
	0x15, 0x23, 0x15, 0x21, 0x15, 0x33, 0x11, 0x23, 0x11, 0x23, 0x11, 0x7d, 0x7d, 0x02, 0x71, 0xfa, 
	0x01, 0x77, 0x7d, 0xfa, 0xfa, 0x7d, 0x02, 0xee, 0x7d, 0x7d, 0x7d, 0x7d, 0xfe, 0x0c, 0x01, 0xf4, 
	0xfe, 0x0c, 0x00, 0x00, 0x00, 0x02, 0x00, 0x00, 0x00, 0x7d, 0x03, 0x6b, 0x03, 0xe8, 0x00, 0x13, 
	0x00, 0x17, 0x00, 0x43, 0x40, 0x40, 0x00, 0x01, 0x00, 0x08, 0x05, 0x01, 0x08, 0x65, 0x04, 0x01, 
	0x02, 0x07, 0x01, 0x05, 0x0a, 0x02, 0x05, 0x65, 0x00, 0x0b, 0x0b, 0x00, 0x5d, 0x03, 0x01, 0x00, 
	0x00, 0x1b, 0x4b, 0x00, 0x0a, 0x0a, 0x06, 0x5d, 0x0c, 0x09, 0x02, 0x06, 0x06, 0x1c, 0x06, 0x4c, 
	0x00, 0x00, 0x17, 0x16, 0x15, 0x14, 0x00, 0x13, 0x00, 0x13, 0x11, 0x11, 0x11, 0x11, 0x11, 0x11, 
	0x11, 0x11, 0x11, 0x0d, 0x07, 0x1d, 0x2b, 0x35, 0x11, 0x33, 0x11, 0x33, 0x35, 0x33, 0x35, 0x21, 
	0x15, 0x33, 0x11, 0x23, 0x15, 0x21, 0x35, 0x23, 0x35, 0x23, 0x11, 0x25, 0x33, 0x11, 0x23, 0x7d, 
	0x7d, 0x7d, 0x01, 0x77, 0x7d, 0x7d, 0xfe, 0x89, 0x7d, 0x7d, 0x01, 0x77, 0x7d, 0x7d, 0x7d, 0x03, 
	0x6b, 0xfe, 0x89, 0xfa, 0x7d, 0x7d, 0xfd, 0x8f, 0x7d, 0x7d, 0xfa, 0xfe, 0x89, 0x7d, 0x02, 0x71, 
	0x00, 0x02, 0x00, 0x00, 0x00, 0x7d, 0x03, 0x6b, 0x03, 0xe8, 0x00, 0x0f, 0x00, 0x15, 0x00, 0x91, 
	0x4b, 0xb0, 0x0a, 0x50, 0x58, 0x40, 0x36, 0x00, 0x0a, 0x03, 0x02, 0x03, 0x0a, 0x02, 0x7e, 0x00, 
	0x01, 0x06, 0x00, 0x00, 0x01, 0x70, 0x00, 0x03, 0x00, 0x02, 0x08, 0x03, 0x02, 0x65, 0x00, 0x08, 
	0x00, 0x06, 0x01, 0x08, 0x06, 0x65, 0x00, 0x09, 0x09, 0x04, 0x5d, 0x00, 0x04, 0x04, 0x1b, 0x4b, 
	0x00, 0x00, 0x00, 0x05, 0x5e, 0x0b, 0x07, 0x02, 0x05, 0x05, 0x1c, 0x05, 0x4c, 0x1b, 0x40, 0x37, 
	0x00, 0x0a, 0x03, 0x02, 0x03, 0x0a, 0x02, 0x7e, 0x00, 0x01, 0x06, 0x00, 0x06, 0x01, 0x00, 0x7e, 
	0x00, 0x03, 0x00, 0x02, 0x08, 0x03, 0x02, 0x65, 0x00, 0x08, 0x00, 0x06, 0x01, 0x08, 0x06, 0x65, 
	0x00, 0x09, 0x09, 0x04, 0x5d, 0x00, 0x04, 0x04, 0x1b, 0x4b, 0x00, 0x00, 0x00, 0x05, 0x5e, 0x0b, 
	0x07, 0x02, 0x05, 0x05, 0x1c, 0x05, 0x4c, 0x59, 0x40, 0x16, 0x00, 0x00, 0x15, 0x14, 0x13, 0x12, 
	0x11, 0x10, 0x00, 0x0f, 0x00, 0x0f, 0x11, 0x11, 0x11, 0x11, 0x11, 0x11, 0x11, 0x0c, 0x07, 0x1b, 
	0x2b, 0x35, 0x35, 0x33, 0x35, 0x33, 0x35, 0x23, 0x11, 0x33, 0x35, 0x21, 0x11, 0x23, 0x35, 0x23, 
	0x15, 0x11, 0x33, 0x11, 0x21, 0x15, 0x33, 0x7d, 0x7d, 0xfa, 0x7d, 0x02, 0xee, 0xfa, 0xfa, 0xfa, 
	0xfe, 0x89, 0x7d, 0x7d, 0x7d, 0x7d, 0x7d, 0x01, 0x77, 0x7d, 0xfc, 0x95, 0xfa, 0xfa, 0x01, 0x77, 
	0x01, 0x77, 0xfa, 0x00, 0x00, 0x01, 0x00, 0x00, 0x00, 0x00, 0x03, 0x6b, 0x03, 0xe8, 0x00, 0x13, 
	0x00, 0x41, 0x40, 0x3e, 0x05, 0x01, 0x03, 0x03, 0x04, 0x5d, 0x00, 0x04, 0x04, 0x1b, 0x4b, 0x00, 
	0x01, 0x01, 0x06, 0x5d, 0x00, 0x06, 0x06, 0x1d, 0x4b, 0x00, 0x07, 0x07, 0x02, 0x5d, 0x08, 0x01, 
	0x02, 0x02, 0x1c, 0x4b, 0x00, 0x00, 0x00, 0x09, 0x5d, 0x0a, 0x01, 0x09, 0x09, 0x1f, 0x09, 0x4c, 
	0x00, 0x00, 0x00, 0x13, 0x00, 0x13, 0x11, 0x11, 0x11, 0x11, 0x11, 0x11, 0x11, 0x11, 0x11, 0x0b, 
	0x07, 0x1d, 0x2b, 0x21, 0x35, 0x33, 0x11, 0x23, 0x11, 0x23, 0x11, 0x23, 0x35, 0x21, 0x15, 0x23, 
	0x15, 0x21, 0x15, 0x33, 0x11, 0x23, 0x15, 0x01, 0xf4, 0x7d, 0xfa, 0xfa, 0x7d, 0x02, 0x71, 0xfa, 
	0x01, 0x77, 0x7d, 0x7d, 0x7d, 0x01, 0xf4, 0xfe, 0x0c, 0x02, 0xee, 0x7d, 0x7d, 0x7d, 0x7d, 0xfe, 
	0x0c, 0x7d, 0x00, 0x00, 0x00, 0x02, 0x00, 0x00, 0x00, 0x7d, 0x03, 0x6b, 0x03, 0xe8, 0x00, 0x11, 
	0x00, 0x15, 0x00, 0x43, 0x40, 0x40, 0x05, 0x01, 0x03, 0x06, 0x01, 0x02, 0x07, 0x03, 0x02, 0x65, 
	0x00, 0x07, 0x00, 0x09, 0x08, 0x07, 0x09, 0x65, 0x0b, 0x01, 0x08, 0x00, 0x00, 0x0a, 0x08, 0x00, 
	0x65, 0x00, 0x04, 0x04, 0x1b, 0x4b, 0x00, 0x0a, 0x0a, 0x01, 0x5e, 0x00, 0x01, 0x01, 0x1c, 0x01, 
	0x4c, 0x00, 0x00, 0x15, 0x14, 0x13, 0x12, 0x00, 0x11, 0x00, 0x11, 0x11, 0x11, 0x11, 0x11, 0x11, 
	0x11, 0x11, 0x11, 0x0c, 0x07, 0x1c, 0x2b, 0x01, 0x15, 0x23, 0x15, 0x21, 0x11, 0x23, 0x35, 0x33, 
	0x35, 0x33, 0x15, 0x33, 0x15, 0x23, 0x15, 0x21, 0x15, 0x23, 0x23, 0x15, 0x33, 0x03, 0x6b, 0x7d, 
	0xfd, 0x8f, 0x7d, 0x7d, 0xfa, 0xfa, 0xfa, 0x01, 0x77, 0x7d, 0xfa, 0xfa, 0x01, 0xf4, 0xfa, 0x7d, 
	0x02, 0x71, 0x7d, 0x7d, 0x7d, 0x7d, 0x7d, 0x7d, 0xfa, 0x00, 0x00, 0x00, 0x00, 0x06, 0x00, 0x00, 
	0x00, 0x7d, 0x03, 0x6b, 0x03, 0xe8, 0x00, 0x07, 0x00, 0x0b, 0x00, 0x0f, 0x00, 0x17, 0x00, 0x1d, 
	0x00, 0x23, 0x00, 0xc0, 0x4b, 0xb0, 0x0a, 0x50, 0x58, 0x40, 0x40, 0x02, 0x01, 0x00, 0x01, 0x04, 
	0x01, 0x00, 0x70, 0x0f, 0x01, 0x0c, 0x09, 0x0e, 0x0e, 0x0c, 0x70, 0x00, 0x08, 0x0b, 0x01, 0x09, 
	0x0c, 0x08, 0x09, 0x65, 0x00, 0x01, 0x01, 0x03, 0x5d, 0x12, 0x01, 0x03, 0x03, 0x1b, 0x4b, 0x13, 
	0x07, 0x02, 0x05, 0x05, 0x04, 0x5d, 0x06, 0x01, 0x04, 0x04, 0x1d, 0x4b, 0x10, 0x01, 0x0e, 0x0e, 
	0x0a, 0x5e, 0x14, 0x11, 0x0d, 0x03, 0x0a, 0x0a, 0x1c, 0x0a, 0x4c, 0x1b, 0x40, 0x42, 0x02, 0x01, 
	0x00, 0x01, 0x04, 0x01, 0x00, 0x04, 0x7e, 0x0f, 0x01, 0x0c, 0x09, 0x0e, 0x09, 0x0c, 0x0e, 0x7e, 
	0x00, 0x08, 0x0b, 0x01, 0x09, 0x0c, 0x08, 0x09, 0x65, 0x00, 0x01, 0x01, 0x03, 0x5d, 0x12, 0x01, 
	0x03, 0x03, 0x1b, 0x4b, 0x13, 0x07, 0x02, 0x05, 0x05, 0x04, 0x5d, 0x06, 0x01, 0x04, 0x04, 0x1d, 
	0x4b, 0x10, 0x01, 0x0e, 0x0e, 0x0a, 0x5e, 0x14, 0x11, 0x0d, 0x03, 0x0a, 0x0a, 0x1c, 0x0a, 0x4c, 
	0x59, 0x40, 0x30, 0x1e, 0x1e, 0x0c, 0x0c, 0x00, 0x00, 0x1e, 0x23, 0x1e, 0x23, 0x22, 0x21, 0x20, 
	0x1f, 0x1d, 0x1c, 0x1b, 0x1a, 0x19, 0x18, 0x17, 0x16, 0x15, 0x14, 0x13, 0x12, 0x11, 0x10, 0x0c, 
	0x0f, 0x0c, 0x0f, 0x0e, 0x0d, 0x0b, 0x0a, 0x09, 0x08, 0x00, 0x07, 0x00, 0x07, 0x11, 0x11, 0x11, 
	0x15, 0x07, 0x17, 0x2b, 0x01, 0x15, 0x23, 0x35, 0x21, 0x15, 0x23, 0x35, 0x17, 0x33, 0x15, 0x23, 
	0x21, 0x35, 0x33, 0x15, 0x21, 0x21, 0x15, 0x23, 0x11, 0x23, 0x11, 0x23, 0x23, 0x33, 0x11, 0x23, 
	0x35, 0x33, 0x05, 0x11, 0x33, 0x15, 0x33, 0x15, 0x03, 0x6b, 0x7d, 0xfd, 0x8f, 0x7d, 0x7d, 0x7d, 
	0x7d, 0x01, 0xf4, 0x7d, 0xfe, 0x0c, 0x01, 0x77, 0x7d, 0x7d, 0x7d, 0x7d, 0x7d, 0xfa, 0x7d, 0x01, 
	0xf4, 0x7d, 0x7d, 0x03, 0xe8, 0xfa, 0x7d, 0x7d, 0xfa, 0xfa, 0x7d, 0x7d, 0x7d, 0x7d, 0xfe, 0x89, 
	0x01, 0x77, 0xfe, 0x89, 0xfa, 0xfa, 0x01, 0x77, 0x7d, 0xfa, 0x00, 0x00, 0x00, 0x03, 0x00, 0x00, 
	0x00, 0x7d, 0x03, 0x6b, 0x03, 0xe8, 0x00, 0x0b, 0x00, 0x0f, 0x00, 0x13, 0x00, 0x48, 0x40, 0x45, 
	0x00, 0x09, 0x01, 0x08, 0x01, 0x09, 0x08, 0x7e, 0x00, 0x08, 0x00, 0x01, 0x08, 0x00, 0x7c, 0x03, 
	0x01, 0x01, 0x04, 0x01, 0x00, 0x06, 0x01, 0x00, 0x65, 0x00, 0x07, 0x07, 0x02, 0x5d, 0x00, 0x02, 
	0x02, 0x1b, 0x4b, 0x00, 0x06, 0x06, 0x05, 0x5e, 0x0a, 0x01, 0x05, 0x05, 0x1c, 0x05, 0x4c, 0x00, 
	0x00, 0x13, 0x12, 0x11, 0x10, 0x0f, 0x0e, 0x0d, 0x0c, 0x00, 0x0b, 0x00, 0x0b, 0x11, 0x11, 0x11, 
	0x11, 0x11, 0x0b, 0x07, 0x19, 0x2b, 0x37, 0x35, 0x23, 0x11, 0x33, 0x35, 0x21, 0x15, 0x33, 0x11, 
	0x23, 0x15, 0x25, 0x21, 0x11, 0x21, 0x03, 0x21, 0x35, 0x21, 0x7d, 0x7d, 0x7d, 0x02, 0x71, 0x7d, 
	0x7d, 0xfe, 0x0c, 0x01, 0x77, 0xfe, 0x89, 0x7d, 0x02, 0x71, 0xfd, 0x8f, 0x7d, 0x7d, 0x02, 0x71, 
	0x7d, 0x7d, 0xfd, 0x8f, 0x7d, 0x7d, 0x02, 0x71, 0xfe, 0x89, 0x7d, 0x00, 0x00, 0x01, 0x00, 0x00, 
	0x00, 0x7d, 0x03, 0x6b, 0x03, 0xe8, 0x00, 0x17, 0x00, 0x8d, 0x4b, 0xb0, 0x0a, 0x50, 0x58, 0x40, 
	0x34, 0x09, 0x01, 0x01, 0x04, 0x05, 0x02, 0x01, 0x70, 0x06, 0x01, 0x04, 0x0a, 0x01, 0x00, 0x0b, 
	0x04, 0x00, 0x65, 0x00, 0x08, 0x08, 0x03, 0x5d, 0x07, 0x01, 0x03, 0x03, 0x1b, 0x4b, 0x00, 0x02, 
	0x02, 0x03, 0x5d, 0x07, 0x01, 0x03, 0x03, 0x1b, 0x4b, 0x00, 0x05, 0x05, 0x0b, 0x5d, 0x0c, 0x01, 
	0x0b, 0x0b, 0x1c, 0x0b, 0x4c, 0x1b, 0x40, 0x35, 0x09, 0x01, 0x01, 0x04, 0x05, 0x04, 0x01, 0x05, 
	0x7e, 0x06, 0x01, 0x04, 0x0a, 0x01, 0x00, 0x0b, 0x04, 0x00, 0x65, 0x00, 0x08, 0x08, 0x03, 0x5d, 
	0x07, 0x01, 0x03, 0x03, 0x1b, 0x4b, 0x00, 0x02, 0x02, 0x03, 0x5d, 0x07, 0x01, 0x03, 0x03, 0x1b, 
	0x4b, 0x00, 0x05, 0x05, 0x0b, 0x5d, 0x0c, 0x01, 0x0b, 0x0b, 0x1c, 0x0b, 0x4c, 0x59, 0x40, 0x16, 
	0x00, 0x00, 0x00, 0x17, 0x00, 0x17, 0x16, 0x15, 0x14, 0x13, 0x11, 0x11, 0x11, 0x11, 0x11, 0x11, 
	0x11, 0x11, 0x11, 0x0d, 0x07, 0x1d, 0x2b, 0x25, 0x35, 0x23, 0x35, 0x23, 0x35, 0x23, 0x11, 0x33, 
	0x11, 0x33, 0x15, 0x33, 0x35, 0x33, 0x11, 0x33, 0x15, 0x23, 0x11, 0x23, 0x15, 0x23, 0x15, 0x01, 
	0x77, 0x7d, 0x7d, 0x7d, 0xfa, 0x7d, 0x7d, 0x7d, 0xfa, 0x7d, 0x7d, 0x7d, 0x7d, 0x7d, 0x7d, 0x7d, 
	0x01, 0xf4, 0xfe, 0x0c, 0x7d, 0x7d, 0x01, 0xf4, 0xfa, 0xfe, 0x89, 0x7d, 0x7d, 0x00, 0x00, 0x00, 
	0x00, 0x01, 0x00, 0x00, 0x00, 0x7d, 0x03, 0x6b, 0x03, 0xe8, 0x00, 0x0f, 0x00, 0x63, 0x4b, 0xb0, 
	0x0a, 0x50, 0x58, 0x40, 0x22, 0x00, 0x00, 0x01, 0x02, 0x01, 0x00, 0x70, 0x06, 0x01, 0x02, 0x05, 
	0x01, 0x03, 0x04, 0x02, 0x03, 0x65, 0x00, 0x01, 0x01, 0x07, 0x5d, 0x08, 0x01, 0x07, 0x07, 0x1b, 
	0x4b, 0x00, 0x04, 0x04, 0x1c, 0x04, 0x4c, 0x1b, 0x40, 0x23, 0x00, 0x00, 0x01, 0x02, 0x01, 0x00, 
	0x02, 0x7e, 0x06, 0x01, 0x02, 0x05, 0x01, 0x03, 0x04, 0x02, 0x03, 0x65, 0x00, 0x01, 0x01, 0x07, 
	0x5d, 0x08, 0x01, 0x07, 0x07, 0x1b, 0x4b, 0x00, 0x04, 0x04, 0x1c, 0x04, 0x4c, 0x59, 0x40, 0x10, 
	0x00, 0x00, 0x00, 0x0f, 0x00, 0x0f, 0x11, 0x11, 0x11, 0x11, 0x11, 0x11, 0x11, 0x09, 0x07, 0x1b, 
	0x2b, 0x01, 0x15, 0x23, 0x35, 0x21, 0x15, 0x33, 0x15, 0x23, 0x11, 0x23, 0x11, 0x23, 0x35, 0x33, 
	0x11, 0x03, 0x6b, 0x7d, 0xfe, 0x89, 0xfa, 0xfa, 0xfa, 0x7d, 0x7d, 0x03, 0xe8, 0xfa, 0x7d, 0xfa, 
	0x7d, 0xfe, 0x89, 0x01, 0x77, 0x7d, 0x01, 0x77, 0x00, 0x01, 0x00, 0x7d, 0x00, 0x00, 0x03, 0x6b, 
	0x03, 0xe8, 0x00, 0x13, 0x00, 0x81, 0x4b, 0xb0, 0x0a, 0x50, 0x58, 0x40, 0x30, 0x00, 0x00, 0x01, 
	0x02, 0x01, 0x00, 0x70, 0x00, 0x02, 0x00, 0x07, 0x03, 0x02, 0x07, 0x65, 0x00, 0x01, 0x01, 0x09, 
	0x5d, 0x0a, 0x01, 0x09, 0x09, 0x1b, 0x4b, 0x00, 0x03, 0x03, 0x04, 0x5d, 0x08, 0x01, 0x04, 0x04, 
	0x1c, 0x4b, 0x00, 0x06, 0x06, 0x05, 0x5d, 0x00, 0x05, 0x05, 0x1f, 0x05, 0x4c, 0x1b, 0x40, 0x31, 
	0x00, 0x00, 0x01, 0x02, 0x01, 0x00, 0x02, 0x7e, 0x00, 0x02, 0x00, 0x07, 0x03, 0x02, 0x07, 0x65, 
	0x00, 0x01, 0x01, 0x09, 0x5d, 0x0a, 0x01, 0x09, 0x09, 0x1b, 0x4b, 0x00, 0x03, 0x03, 0x04, 0x5d, 
	0x08, 0x01, 0x04, 0x04, 0x1c, 0x4b, 0x00, 0x06, 0x06, 0x05, 0x5d, 0x00, 0x05, 0x05, 0x1f, 0x05, 
	0x4c, 0x59, 0x40, 0x12, 0x00, 0x00, 0x00, 0x13, 0x00, 0x13, 0x11, 0x11, 0x11, 0x11, 0x11, 0x11, 
	0x11, 0x11, 0x11, 0x0b, 0x07, 0x1d, 0x2b, 0x01, 0x15, 0x23, 0x35, 0x21, 0x15, 0x21, 0x15, 0x33, 
	0x11, 0x23, 0x15, 0x23, 0x35, 0x33, 0x11, 0x23, 0x11, 0x23, 0x11, 0x03, 0x6b, 0x7d, 0xfe, 0x89, 
	0x01, 0x77, 0x7d, 0x7d, 0xfa, 0x7d, 0xfa, 0xfa, 0x03, 0xe8, 0xfa, 0x7d, 0xfa, 0x7d, 0xfe, 0x89, 
	0x7d, 0x7d, 0x01, 0x77, 0xfe, 0x89, 0x03, 0x6b, 0x00, 0x05, 0x00, 0x00, 0x00, 0x00, 0x03, 0xe8, 
	0x03, 0xe8, 0x00, 0x05, 0x00, 0x11, 0x00, 0x17, 0x00, 0x1d, 0x00, 0x27, 0x00, 0xcc, 0x4b, 0xb0, 
	0x0a, 0x50, 0x58, 0x40, 0x46, 0x09, 0x01, 0x00, 0x01, 0x06, 0x01, 0x00, 0x70, 0x15, 0x08, 0x02, 
	0x06, 0x05, 0x01, 0x03, 0x0c, 0x06, 0x03, 0x65, 0x0b, 0x01, 0x01, 0x01, 0x02, 0x5d, 0x0a, 0x07, 
	0x14, 0x03, 0x02, 0x02, 0x1b, 0x4b, 0x12, 0x01, 0x0c, 0x0c, 0x04, 0x5d, 0x11, 0x0d, 0x02, 0x04, 
	0x04, 0x1c, 0x4b, 0x13, 0x01, 0x0e, 0x0e, 0x04, 0x5e, 0x11, 0x0d, 0x02, 0x04, 0x04, 0x1c, 0x4b, 
	0x00, 0x0f, 0x0f, 0x10, 0x5e, 0x00, 0x10, 0x10, 0x1f, 0x10, 0x4c, 0x1b, 0x40, 0x47, 0x09, 0x01, 
	0x00, 0x01, 0x06, 0x01, 0x00, 0x06, 0x7e, 0x15, 0x08, 0x02, 0x06, 0x05, 0x01, 0x03, 0x0c, 0x06, 
	0x03, 0x65, 0x0b, 0x01, 0x01, 0x01, 0x02, 0x5d, 0x0a, 0x07, 0x14, 0x03, 0x02, 0x02, 0x1b, 0x4b, 
	0x12, 0x01, 0x0c, 0x0c, 0x04, 0x5d, 0x11, 0x0d, 0x02, 0x04, 0x04, 0x1c, 0x4b, 0x13, 0x01, 0x0e, 
	0x0e, 0x04, 0x5e, 0x11, 0x0d, 0x02, 0x04, 0x04, 0x1c, 0x4b, 0x00, 0x0f, 0x0f, 0x10, 0x5e, 0x00, 
	0x10, 0x10, 0x1f, 0x10, 0x4c, 0x59, 0x40, 0x31, 0x06, 0x06, 0x00, 0x00, 0x27, 0x26, 0x25, 0x24, 
	0x23, 0x22, 0x21, 0x20, 0x1f, 0x1e, 0x1d, 0x1c, 0x1b, 0x1a, 0x19, 0x18, 0x17, 0x16, 0x15, 0x14, 
	0x13, 0x12, 0x06, 0x11, 0x06, 0x11, 0x10, 0x0f, 0x0e, 0x0d, 0x0c, 0x0b, 0x0a, 0x09, 0x08, 0x07, 
	0x00, 0x05, 0x00, 0x05, 0x11, 0x11, 0x16, 0x07, 0x16, 0x2b, 0x13, 0x11, 0x23, 0x35, 0x23, 0x35, 
	0x01, 0x15, 0x23, 0x11, 0x23, 0x11, 0x23, 0x35, 0x33, 0x11, 0x33, 0x11, 0x33, 0x23, 0x11, 0x33, 
	0x15, 0x23, 0x05, 0x33, 0x11, 0x23, 0x35, 0x33, 0x05, 0x33, 0x15, 0x23, 0x35, 0x23, 0x11, 0x33, 
	0x15, 0x33, 0xfa, 0x7d, 0x7d, 0x02, 0x71, 0x7d, 0x7d, 0x7d, 0x7d, 0x7d, 0xfa, 0x7d, 0xfa, 0x7d, 
	0xfd, 0x8f, 0x7d, 0xfa, 0x7d, 0x02, 0xee, 0x7d, 0xfa, 0x7d, 0x7d, 0x7d, 0x03, 0xe8, 0xfe, 0x89, 
	0x7d, 0xfa, 0xfe, 0x89, 0x7d, 0xfe, 0x89, 0x01, 0x77, 0x7d, 0x01, 0x77, 0xfe, 0x89, 0x01, 0x77, 
	0xfa, 0xfa, 0xfe, 0x89, 0xfa, 0x7d, 0xfa, 0x7d, 0x01, 0x77, 0x7d, 0x00, 0x00, 0x01, 0x00, 0x00, 
	0x00, 0x00, 0x03, 0x6b, 0x03, 0xe8, 0x00, 0x1f, 0x00, 0x63, 0x40, 0x60, 0x00, 0x0c, 0x00, 0x0d, 
	0x0c, 0x55, 0x10, 0x0f, 0x02, 0x0d, 0x00, 0x00, 0x0a, 0x0d, 0x00, 0x65, 0x00, 0x0a, 0x00, 0x09, 
	0x01, 0x0a, 0x09, 0x65, 0x00, 0x01, 0x07, 0x02, 0x01, 0x55, 0x00, 0x07, 0x06, 0x01, 0x02, 0x08, 
	0x07, 0x02, 0x65, 0x00, 0x0b, 0x0b, 0x0e, 0x5d, 0x00, 0x0e, 0x0e, 0x1b, 0x4b, 0x00, 0x08, 0x08, 
	0x03, 0x5d, 0x05, 0x01, 0x03, 0x03, 0x1c, 0x4b, 0x00, 0x04, 0x04, 0x1f, 0x04, 0x4c, 0x00, 0x00, 
	0x00, 0x1f, 0x00, 0x1f, 0x1e, 0x1d, 0x1c, 0x1b, 0x1a, 0x19, 0x18, 0x17, 0x16, 0x15, 0x14, 0x13, 
	0x11, 0x11, 0x11, 0x11, 0x11, 0x11, 0x11, 0x11, 0x11, 0x11, 0x07, 0x1d, 0x2b, 0x01, 0x15, 0x23, 
	0x15, 0x33, 0x15, 0x23, 0x15, 0x23, 0x15, 0x23, 0x35, 0x23, 0x35, 0x23, 0x35, 0x33, 0x15, 0x21, 
	0x35, 0x21, 0x35, 0x21, 0x35, 0x21, 0x15, 0x23, 0x35, 0x33, 0x35, 0x21, 0x15, 0x03, 0x6b, 0x7d, 
	0x7d, 0x7d, 0xfa, 0x7d, 0xfa, 0x7d, 0xfa, 0x01, 0x77, 0xfe, 0x89, 0x01, 0x77, 0xfe, 0x89, 0xfa, 
	0x7d, 0x02, 0x71, 0x03, 0x6b, 0xfa, 0x7d, 0xfa, 0x7d, 0x7d, 0x7d, 0x7d, 0x7d, 0x7d, 0xfa, 0x7d, 
	0xfa, 0x7d, 0x7d, 0x7d, 0x7d, 0x00, 0x00, 0x00, 0x00, 0x02, 0x00, 0x00, 0x00, 0x00, 0x03, 0x6b, 
	0x03, 0xe8, 0x00, 0x13, 0x00, 0x1b, 0x00, 0x5d, 0x40, 0x5a, 0x00, 0x02, 0x06, 0x05, 0x06, 0x02, 
	0x05, 0x7e, 0x00, 0x0c, 0x00, 0x0b, 0x00, 0x0c, 0x0b, 0x65, 0x00, 0x06, 0x02, 0x01, 0x06, 0x56, 
	0x09, 0x01, 0x01, 0x00, 0x05, 0x03, 0x01, 0x05, 0x66, 0x00, 0x0a, 0x0a, 0x08, 0x5d, 0x0e, 0x0d, 
	0x02, 0x08, 0x08, 0x1b, 0x4b, 0x00, 0x00, 0x00, 0x1d, 0x4b, 0x00, 0x07, 0x07, 0x1c, 0x4b, 0x00, 
	0x03, 0x03, 0x04, 0x5e, 0x00, 0x04, 0x04, 0x1f, 0x04, 0x4c, 0x14, 0x14, 0x14, 0x1b, 0x14, 0x1b, 
	0x1a, 0x19, 0x18, 0x17, 0x16, 0x15, 0x13, 0x12, 0x11, 0x11, 0x11, 0x11, 0x11, 0x11, 0x11, 0x11, 
	0x10, 0x0f, 0x07, 0x1d, 0x2b, 0x01, 0x33, 0x15, 0x33, 0x15, 0x33, 0x15, 0x33, 0x15, 0x23, 0x35, 
	0x23, 0x35, 0x23, 0x11, 0x23, 0x11, 0x33, 0x11, 0x33, 0x01, 0x15, 0x23, 0x15, 0x23, 0x35, 0x33, 
	0x35, 0x01, 0x77, 0x7d, 0x7d, 0x7d, 0x7d, 0xfa, 0x7d, 0xfa, 0xfa, 0xfa, 0x7d, 0x01, 0xf4, 0x7d, 
	0xfa, 0x7d, 0x02, 0xee, 0x7d, 0x7d, 0xfa, 0xfa, 0xfa, 0xfa, 0xfe, 0x89, 0x03, 0x6b, 0xfe, 0x89, 
	0x01, 0x77, 0x7d, 0x7d, 0x7d, 0x7d, 0x00, 0x00, 0x00, 0x03, 0x00, 0x00, 0x00, 0x7d, 0x03, 0x6b, 
	0x03, 0xe8, 0x00, 0x0f, 0x00, 0x15, 0x00, 0x1b, 0x00, 0x9f, 0x4b, 0xb0, 0x0a, 0x50, 0x58, 0x40, 
	0x3b, 0x00, 0x08, 0x07, 0x00, 0x07, 0x08, 0x00, 0x7e, 0x00, 0x0c, 0x01, 0x02, 0x0d, 0x0c, 0x70, 
	0x06, 0x01, 0x00, 0x03, 0x01, 0x01, 0x0c, 0x00, 0x01, 0x65, 0x0e, 0x01, 0x0a, 0x0a, 0x05, 0x5d, 
	0x09, 0x01, 0x05, 0x05, 0x1b, 0x4b, 0x00, 0x02, 0x02, 0x07, 0x5d, 0x00, 0x07, 0x07, 0x1d, 0x4b, 
	0x00, 0x0d, 0x0d, 0x04, 0x5e, 0x0b, 0x01, 0x04, 0x04, 0x1c, 0x04, 0x4c, 0x1b, 0x40, 0x3c, 0x00, 
	0x08, 0x07, 0x00, 0x07, 0x08, 0x00, 0x7e, 0x00, 0x0c, 0x01, 0x02, 0x01, 0x0c, 0x02, 0x7e, 0x06, 
	0x01, 0x00, 0x03, 0x01, 0x01, 0x0c, 0x00, 0x01, 0x65, 0x0e, 0x01, 0x0a, 0x0a, 0x05, 0x5d, 0x09, 
	0x01, 0x05, 0x05, 0x1b, 0x4b, 0x00, 0x02, 0x02, 0x07, 0x5d, 0x00, 0x07, 0x07, 0x1d, 0x4b, 0x00, 
	0x0d, 0x0d, 0x04, 0x5e, 0x0b, 0x01, 0x04, 0x04, 0x1c, 0x04, 0x4c, 0x59, 0x40, 0x1a, 0x10, 0x10, 
	0x1b, 0x1a, 0x19, 0x18, 0x17, 0x16, 0x10, 0x15, 0x10, 0x15, 0x14, 0x13, 0x12, 0x11, 0x11, 0x11, 
	0x11, 0x11, 0x11, 0x11, 0x10, 0x0f, 0x07, 0x1d, 0x2b, 0x01, 0x33, 0x15, 0x23, 0x15, 0x23, 0x35, 
	0x23, 0x11, 0x23, 0x11, 0x33, 0x11, 0x33, 0x35, 0x33, 0x37, 0x15, 0x23, 0x11, 0x33, 0x15, 0x11, 
	0x23, 0x11, 0x33, 0x15, 0x33, 0x01, 0xf4, 0x7d, 0x7d, 0x7d, 0x7d, 0xfa, 0xfa, 0x7d, 0x7d, 0xfa, 
	0x7d, 0xfa, 0xfa, 0x7d, 0x7d, 0x02, 0x71, 0x7d, 0x7d, 0x7d, 0xfe, 0x89, 0x03, 0x6b, 0xfe, 0x89, 
	0x7d, 0x7d, 0xfa, 0x01, 0x77, 0x7d, 0xfd, 0x12, 0x01, 0x77, 0x7d, 0x00, 0x00, 0x02, 0x00, 0x00, 
	0x00, 0x7d, 0x03, 0x6b, 0x03, 0xe8, 0x00, 0x13, 0x00, 0x19, 0x00, 0xa1, 0x4b, 0xb0, 0x0a, 0x50, 
	0x58, 0x40, 0x3b, 0x00, 0x0a, 0x06, 0x09, 0x06, 0x0a, 0x70, 0x00, 0x00, 0x04, 0x03, 0x04, 0x00, 
	0x03, 0x7e, 0x00, 0x08, 0x00, 0x04, 0x00, 0x08, 0x04, 0x65, 0x0e, 0x0c, 0x02, 0x06, 0x06, 0x07, 
	0x5d, 0x0b, 0x01, 0x07, 0x07, 0x1b, 0x4b, 0x00, 0x03, 0x03, 0x09, 0x5d, 0x0d, 0x01, 0x09, 0x09, 
	0x1d, 0x4b, 0x00, 0x01, 0x01, 0x02, 0x5e, 0x05, 0x01, 0x02, 0x02, 0x1c, 0x02, 0x4c, 0x1b, 0x40, 
	0x3c, 0x00, 0x0a, 0x06, 0x09, 0x06, 0x0a, 0x09, 0x7e, 0x00, 0x00, 0x04, 0x03, 0x04, 0x00, 0x03, 
	0x7e, 0x00, 0x08, 0x00, 0x04, 0x00, 0x08, 0x04, 0x65, 0x0e, 0x0c, 0x02, 0x06, 0x06, 0x07, 0x5d, 
	0x0b, 0x01, 0x07, 0x07, 0x1b, 0x4b, 0x00, 0x03, 0x03, 0x09, 0x5d, 0x0d, 0x01, 0x09, 0x09, 0x1d, 
	0x4b, 0x00, 0x01, 0x01, 0x02, 0x5e, 0x05, 0x01, 0x02, 0x02, 0x1c, 0x02, 0x4c, 0x59, 0x40, 0x1c, 
	0x14, 0x14, 0x00, 0x00, 0x14, 0x19, 0x14, 0x19, 0x18, 0x17, 0x16, 0x15, 0x00, 0x13, 0x00, 0x13, 
	0x11, 0x11, 0x11, 0x11, 0x11, 0x11, 0x11, 0x11, 0x11, 0x0f, 0x07, 0x1d, 0x2b, 0x01, 0x15, 0x33, 
	0x15, 0x33, 0x15, 0x23, 0x35, 0x23, 0x35, 0x23, 0x11, 0x23, 0x11, 0x23, 0x35, 0x21, 0x11, 0x33, 
	0x35, 0x37, 0x15, 0x23, 0x35, 0x33, 0x15, 0x02, 0x71, 0x7d, 0x7d, 0xfa, 0x7d, 0x7d, 0xfa, 0x7d, 
	0x01, 0x77, 0x7d, 0xfa, 0x7d, 0xfa, 0x02, 0xee, 0xfa, 0xfa, 0x7d, 0x7d, 0xfa, 0xfe, 0x89, 0x02, 
	0xee, 0x7d, 0xfe, 0x89, 0x7d, 0x7d, 0x7d, 0xfa, 0x7d, 0x00, 0x00, 0x00, 0x00, 0x01, 0x00, 0x00, 
	0x00, 0x00, 0x03, 0xe8, 0x03, 0xe8, 0x00, 0x0f, 0x00, 0x2d, 0x40, 0x2a, 0x00, 0x06, 0x00, 0x03, 
	0x00, 0x06, 0x03, 0x65, 0x07, 0x01, 0x05, 0x05, 0x1b, 0x4b, 0x04, 0x01, 0x02, 0x02, 0x1c, 0x4b, 
	0x00, 0x00, 0x00, 0x01, 0x5d, 0x00, 0x01, 0x01, 0x1f, 0x01, 0x4c, 0x11, 0x11, 0x11, 0x11, 0x11, 
	0x11, 0x11, 0x10, 0x08, 0x07, 0x1c, 0x2b, 0x25, 0x33, 0x15, 0x23, 0x35, 0x23, 0x11, 0x21, 0x11, 
	0x23, 0x11, 0x33, 0x11, 0x21, 0x11, 0x33, 0x03, 0x6b, 0x7d, 0xfa, 0x7d, 0xfe, 0x89, 0xfa, 0xfa, 
	0x01, 0x77, 0xfa, 0xfa, 0xfa, 0x7d, 0x01, 0x77, 0xfe, 0x89, 0x03, 0x6b, 0xfe, 0x89, 0x01, 0x77, 
	0x00, 0x01, 0x00, 0x00, 0x00, 0x00, 0x03, 0xe8, 0x03, 0xe8, 0x00, 0x0b, 0x00, 0x27, 0x40, 0x24, 
	0x00, 0x03, 0x03, 0x05, 0x5d, 0x00, 0x05, 0x05, 0x1b, 0x4b, 0x04, 0x01, 0x02, 0x02, 0x1c, 0x4b, 
	0x00, 0x00, 0x00, 0x01, 0x5d, 0x00, 0x01, 0x01, 0x1f, 0x01, 0x4c, 0x11, 0x11, 0x11, 0x11, 0x11, 
	0x10, 0x06, 0x07, 0x1a, 0x2b, 0x25, 0x33, 0x15, 0x23, 0x35, 0x23, 0x11, 0x21, 0x11, 0x23, 0x11, 
	0x21, 0x03, 0x6b, 0x7d, 0xfa, 0x7d, 0xfe, 0x89, 0xfa, 0x03, 0x6b, 0xfa, 0xfa, 0x7d, 0x02, 0xee, 
	0xfd, 0x12, 0x03, 0x6b, 0x00, 0x01, 0x00, 0x00, 0x00, 0x00, 0x03, 0x6b, 0x03, 0xe8, 0x00, 0x1f, 
	0x00, 0x5e, 0x40, 0x5b, 0x10, 0x0f, 0x02, 0x0d, 0x02, 0x01, 0x00, 0x0c, 0x0d, 0x00, 0x65, 0x0a, 
	0x01, 0x06, 0x04, 0x03, 0x06, 0x55, 0x00, 0x01, 0x01, 0x0e, 0x5d, 0x00, 0x0e, 0x0e, 0x1b, 0x4b, 
	0x00, 0x0b, 0x0b, 0x0c, 0x5d, 0x00, 0x0c, 0x0c, 0x1d, 0x4b, 0x05, 0x01, 0x03, 0x03, 0x07, 0x5d, 
	0x09, 0x01, 0x07, 0x07, 0x1c, 0x4b, 0x00, 0x04, 0x04, 0x08, 0x5d, 0x00, 0x08, 0x08, 0x1f, 0x08, 
	0x4c, 0x00, 0x00, 0x00, 0x1f, 0x00, 0x1f, 0x1e, 0x1d, 0x1c, 0x1b, 0x1a, 0x19, 0x18, 0x17, 0x16, 
	0x15, 0x14, 0x13, 0x11, 0x11, 0x11, 0x11, 0x11, 0x11, 0x11, 0x11, 0x11, 0x11, 0x07, 0x1d, 0x2b, 
	0x01, 0x15, 0x23, 0x35, 0x23, 0x15, 0x23, 0x11, 0x33, 0x15, 0x33, 0x35, 0x33, 0x15, 0x23, 0x15, 
	0x23, 0x15, 0x23, 0x35, 0x23, 0x35, 0x23, 0x35, 0x23, 0x11, 0x33, 0x35, 0x33, 0x35, 0x21, 0x15, 
	0x03, 0x6b, 0xfa, 0xfa, 0x7d, 0x7d, 0xfa, 0xfa, 0x7d, 0x7d, 0xfa, 0x7d, 0x7d, 0x7d, 0x7d, 0x7d, 
	0x01, 0xf4, 0x03, 0x6b, 0x7d, 0x7d, 0x7d, 0xfe, 0x89, 0x7d, 0x7d, 0x7d, 0x7d, 0x7d, 0x7d, 0x7d, 
	0x7d, 0x01, 0x77, 0x7d, 0x7d, 0x7d, 0x00, 0x00, 0x00, 0x01, 0x00, 0x7d, 0x00, 0x00, 0x03, 0x6b, 
	0x03, 0xe8, 0x00, 0x0b, 0x00, 0x2d, 0x40, 0x2a, 0x04, 0x01, 0x00, 0x00, 0x05, 0x5d, 0x06, 0x01, 
	0x05, 0x05, 0x1b, 0x4b, 0x00, 0x03, 0x03, 0x1c, 0x4b, 0x00, 0x01, 0x01, 0x02, 0x5d, 0x00, 0x02, 
	0x02, 0x1f, 0x02, 0x4c, 0x00, 0x00, 0x00, 0x0b, 0x00, 0x0b, 0x11, 0x11, 0x11, 0x11, 0x11, 0x07, 
	0x07, 0x19, 0x2b, 0x01, 0x15, 0x23, 0x11, 0x33, 0x15, 0x23, 0x35, 0x23, 0x11, 0x23, 0x35, 0x03, 
	0x6b, 0xfa, 0x7d, 0xfa, 0x7d, 0xfa, 0x03, 0xe8, 0x7d, 0xfd, 0x8f, 0xfa, 0x7d, 0x02, 0xee, 0x7d, 
	0x00, 0x01, 0x00, 0x7d, 0x00, 0x7d, 0x03, 0x6b, 0x03, 0xe8, 0x00, 0x0f, 0x00, 0x5f, 0x4b, 0xb0, 
	0x0a, 0x50, 0x58, 0x40, 0x20, 0x06, 0x01, 0x00, 0x03, 0x07, 0x01, 0x00, 0x70, 0x05, 0x01, 0x01, 
	0x01, 0x02, 0x5d, 0x04, 0x01, 0x02, 0x02, 0x1b, 0x4b, 0x00, 0x03, 0x03, 0x07, 0x5d, 0x08, 0x01, 
	0x07, 0x07, 0x1c, 0x07, 0x4c, 0x1b, 0x40, 0x21, 0x06, 0x01, 0x00, 0x03, 0x07, 0x03, 0x00, 0x07, 
	0x7e, 0x05, 0x01, 0x01, 0x01, 0x02, 0x5d, 0x04, 0x01, 0x02, 0x02, 0x1b, 0x4b, 0x00, 0x03, 0x03, 
	0x07, 0x5d, 0x08, 0x01, 0x07, 0x07, 0x1c, 0x07, 0x4c, 0x59, 0x40, 0x10, 0x00, 0x00, 0x00, 0x0f, 
	0x00, 0x0f, 0x11, 0x11, 0x11, 0x11, 0x11, 0x11, 0x11, 0x09, 0x07, 0x1b, 0x2b, 0x25, 0x11, 0x23, 
	0x35, 0x23, 0x11, 0x33, 0x11, 0x33, 0x11, 0x33, 0x11, 0x23, 0x15, 0x23, 0x11, 0x01, 0x77, 0x7d, 
	0x7d, 0xfa, 0xfa, 0xfa, 0x7d, 0x7d, 0x7d, 0x01, 0x77, 0x7d, 0x01, 0x77, 0xfe, 0x89, 0x01, 0x77, 
	0xfe, 0x89, 0x7d, 0xfe, 0x89, 0x00, 0x00, 0x00, 0x00, 0x01, 0x00, 0x7d, 0x00, 0x7d, 0x03, 0x6b, 
	0x03, 0xe8, 0x00, 0x17, 0x00, 0x79, 0x4b, 0xb0, 0x0a, 0x50, 0x58, 0x40, 0x2a, 0x07, 0x01, 0x01, 
	0x0a, 0x02, 0x00, 0x01, 0x70, 0x06, 0x01, 0x02, 0x05, 0x01, 0x03, 0x04, 0x02, 0x03, 0x65, 0x08, 
	0x01, 0x00, 0x00, 0x09, 0x5d, 0x0c, 0x0b, 0x02, 0x09, 0x09, 0x1b, 0x4b, 0x00, 0x0a, 0x0a, 0x04, 
	0x5d, 0x00, 0x04, 0x04, 0x1c, 0x04, 0x4c, 0x1b, 0x40, 0x2b, 0x07, 0x01, 0x01, 0x0a, 0x02, 0x0a, 
	0x01, 0x02, 0x7e, 0x06, 0x01, 0x02, 0x05, 0x01, 0x03, 0x04, 0x02, 0x03, 0x65, 0x08, 0x01, 0x00, 
	0x00, 0x09, 0x5d, 0x0c, 0x0b, 0x02, 0x09, 0x09, 0x1b, 0x4b, 0x00, 0x0a, 0x0a, 0x04, 0x5d, 0x00, 
	0x04, 0x04, 0x1c, 0x04, 0x4c, 0x59, 0x40, 0x16, 0x00, 0x00, 0x00, 0x17, 0x00, 0x17, 0x16, 0x15, 
	0x14, 0x13, 0x11, 0x11, 0x11, 0x11, 0x11, 0x11, 0x11, 0x11, 0x11, 0x0d, 0x07, 0x1d, 0x2b, 0x01, 
	0x11, 0x23, 0x15, 0x23, 0x15, 0x33, 0x15, 0x23, 0x15, 0x23, 0x35, 0x23, 0x35, 0x33, 0x35, 0x23, 
	0x35, 0x23, 0x11, 0x33, 0x11, 0x33, 0x11, 0x03, 0x6b, 0x7d, 0x7d, 0x7d, 0x7d, 0xfa, 0x7d, 0x7d, 
	0x7d, 0x7d, 0xfa, 0xfa, 0x03, 0xe8, 0xfe, 0x89, 0x7d, 0x7d, 0x7d, 0x7d, 0x7d, 0x7d, 0x7d, 0x7d, 
	0x01, 0x77, 0xfe, 0x89, 0x01, 0x77, 0x00, 0x00, 0x00, 0x01, 0x00, 0x00, 0x00, 0x00, 0x03, 0xe8, 
	0x03, 0xe8, 0x00, 0x0f, 0x00, 0x31, 0x40, 0x2e, 0x00, 0x06, 0x00, 0x03, 0x00, 0x06, 0x03, 0x65, 
	0x00, 0x04, 0x04, 0x05, 0x5d, 0x07, 0x01, 0x05, 0x05, 0x1b, 0x4b, 0x00, 0x02, 0x02, 0x1c, 0x4b, 
	0x00, 0x00, 0x00, 0x01, 0x5d, 0x00, 0x01, 0x01, 0x1f, 0x01, 0x4c, 0x11, 0x11, 0x11, 0x11, 0x11, 
	0x11, 0x11, 0x10, 0x08, 0x07, 0x1c, 0x2b, 0x25, 0x33, 0x15, 0x23, 0x35, 0x23, 0x11, 0x21, 0x35, 
	0x23, 0x11, 0x33, 0x11, 0x21, 0x11, 0x33, 0x03, 0x6b, 0x7d, 0xfa, 0x7d, 0xfe, 0x0c, 0x7d, 0xfa, 
	0x01, 0x77, 0xfa, 0xfa, 0xfa, 0x7d, 0x01, 0x77, 0x7d, 0x01, 0x77, 0xfe, 0x89, 0x01, 0x77, 0x00, 
	0x00, 0x01, 0x00, 0x00, 0x00, 0x7d, 0x03, 0x6b, 0x03, 0xe8, 0x00, 0x13, 0x00, 0x3b, 0x40, 0x38, 
	0x08, 0x01, 0x06, 0x03, 0x01, 0x01, 0x02, 0x06, 0x01, 0x65, 0x00, 0x04, 0x04, 0x05, 0x5d, 0x0a, 
	0x09, 0x02, 0x05, 0x05, 0x1b, 0x4b, 0x00, 0x02, 0x02, 0x07, 0x5d, 0x00, 0x07, 0x07, 0x1d, 0x4b, 
	0x00, 0x00, 0x00, 0x1c, 0x00, 0x4c, 0x00, 0x00, 0x00, 0x13, 0x00, 0x13, 0x11, 0x11, 0x11, 0x11, 
	0x11, 0x11, 0x11, 0x11, 0x11, 0x0b, 0x07, 0x1d, 0x2b, 0x01, 0x11, 0x23, 0x11, 0x23, 0x15, 0x23, 
	0x35, 0x23, 0x35, 0x23, 0x11, 0x33, 0x11, 0x33, 0x35, 0x33, 0x15, 0x33, 0x11, 0x03, 0x6b, 0xfa, 
	0x7d, 0x7d, 0xfa, 0x7d, 0xfa, 0x7d, 0x7d, 0x7d, 0x03, 0xe8, 0xfc, 0x95, 0x01, 0x77, 0x7d, 0x7d, 
	0x7d, 0x01, 0x77, 0xfe, 0x89, 0x7d, 0x7d, 0x01, 0x77, 0x00, 0x00, 0x00, 0x00, 0x01, 0x00, 0x7d, 
	0x00, 0x7d, 0x03, 0xe8, 0x03, 0xe8, 0x00, 0x0b, 0x00, 0x2b, 0x40, 0x28, 0x00, 0x01, 0x00, 0x04, 
	0x02, 0x01, 0x04, 0x65, 0x00, 0x00, 0x00, 0x1b, 0x4b, 0x00, 0x02, 0x02, 0x03, 0x5d, 0x06, 0x05, 
	0x02, 0x03, 0x03, 0x1c, 0x03, 0x4c, 0x00, 0x00, 0x00, 0x0b, 0x00, 0x0b, 0x11, 0x11, 0x11, 0x11, 
	0x11, 0x07, 0x07, 0x19, 0x2b, 0x37, 0x11, 0x33, 0x11, 0x21, 0x15, 0x33, 0x11, 0x23, 0x11, 0x21, 
	0x11, 0x7d, 0xfa, 0x01, 0xf4, 0x7d, 0xfa, 0xfe, 0x89, 0x7d, 0x03, 0x6b, 0xfe, 0x89, 0x7d, 0xfe, 
	0x89, 0x01, 0x77, 0xfe, 0x89, 0x00, 0x00, 0x00, 0x00, 0x01, 0x00, 0x7d, 0x00, 0x7d, 0x03, 0x6b, 
	0x03, 0xe8, 0x00, 0x0b, 0x00, 0x29, 0x40, 0x26, 0x03, 0x01, 0x01, 0x01, 0x02, 0x5d, 0x00, 0x02, 
	0x02, 0x1b, 0x4b, 0x04, 0x01, 0x00, 0x00, 0x05, 0x5d, 0x06, 0x01, 0x05, 0x05, 0x1c, 0x05, 0x4c, 
	0x00, 0x00, 0x00, 0x0b, 0x00, 0x0b, 0x11, 0x11, 0x11, 0x11, 0x11, 0x07, 0x07, 0x19, 0x2b, 0x37, 
	0x35, 0x33, 0x11, 0x23, 0x35, 0x21, 0x15, 0x23, 0x11, 0x33, 0x15, 0x7d, 0xfa, 0xfa, 0x02, 0xee, 
	0xfa, 0xfa, 0x7d, 0x7d, 0x02, 0x71, 0x7d, 0x7d, 0xfd, 0x8f, 0x7d, 0x00, 0x00, 0x02, 0x00, 0x00, 
	0x00, 0x7d, 0x03, 0x6b, 0x03, 0xe8, 0x00, 0x03, 0x00, 0x1f, 0x00, 0x5e, 0x40, 0x5b, 0x07, 0x01, 
	0x05, 0x0e, 0x01, 0x0c, 0x02, 0x05, 0x0c, 0x65, 0x10, 0x01, 0x01, 0x01, 0x00, 0x5d, 0x00, 0x00, 
	0x00, 0x1b, 0x4b, 0x09, 0x01, 0x03, 0x03, 0x04, 0x5d, 0x08, 0x06, 0x02, 0x04, 0x04, 0x1d, 0x4b, 
	0x0a, 0x01, 0x02, 0x02, 0x0b, 0x5d, 0x11, 0x0f, 0x0d, 0x03, 0x0b, 0x0b, 0x1c, 0x0b, 0x4c, 0x04, 
	0x04, 0x00, 0x00, 0x04, 0x1f, 0x04, 0x1f, 0x1e, 0x1d, 0x1c, 0x1b, 0x1a, 0x19, 0x18, 0x17, 0x16, 
	0x15, 0x14, 0x13, 0x12, 0x11, 0x10, 0x0f, 0x0e, 0x0d, 0x0c, 0x0b, 0x0a, 0x09, 0x08, 0x07, 0x06, 
	0x05, 0x00, 0x03, 0x00, 0x03, 0x11, 0x12, 0x07, 0x15, 0x2b, 0x13, 0x35, 0x21, 0x15, 0x01, 0x35, 
	0x33, 0x35, 0x23, 0x35, 0x33, 0x15, 0x33, 0x35, 0x33, 0x15, 0x33, 0x35, 0x33, 0x15, 0x23, 0x15, 
	0x33, 0x15, 0x23, 0x35, 0x23, 0x15, 0x23, 0x35, 0x23, 0x15, 0x7d, 0x02, 0x71, 0xfd, 0x12, 0x7d, 
	0x7d, 0xfa, 0x7d, 0x7d, 0x7d, 0xfa, 0x7d, 0x7d, 0xfa, 0x7d, 0x7d, 0x7d, 0x03, 0x6b, 0x7d, 0x7d, 
	0xfd, 0x12, 0xfa, 0x7d, 0xfa, 0xfa, 0xfa, 0xfa, 0xfa, 0xfa, 0x7d, 0xfa, 0xfa, 0xfa, 0xfa, 0xfa, 
	0x00, 0x01, 0x00, 0x00, 0x00, 0x00, 0x03, 0xe8, 0x03, 0xe8, 0x00, 0x0f, 0x00, 0x31, 0x40, 0x2e, 
	0x00, 0x06, 0x00, 0x03, 0x00, 0x06, 0x03, 0x65, 0x00, 0x04, 0x04, 0x05, 0x5d, 0x07, 0x01, 0x05, 
	0x05, 0x1b, 0x4b, 0x00, 0x02, 0x02, 0x1c, 0x4b, 0x00, 0x00, 0x00, 0x01, 0x5d, 0x00, 0x01, 0x01, 
	0x1f, 0x01, 0x4c, 0x11, 0x11, 0x11, 0x11, 0x11, 0x11, 0x11, 0x10, 0x08, 0x07, 0x1c, 0x2b, 0x25, 
	0x33, 0x15, 0x23, 0x35, 0x23, 0x11, 0x21, 0x35, 0x23, 0x11, 0x33, 0x11, 0x21, 0x11, 0x33, 0x03, 
	0x6b, 0x7d, 0xfa, 0x7d, 0xfe, 0x0c, 0x7d, 0xfa, 0x01, 0x77, 0xfa, 0xfa, 0xfa, 0x7d, 0x01, 0x77, 
	0x7d, 0x01, 0x77, 0xfe, 0x89, 0x01, 0x77, 0x00, 0x00, 0x03, 0x00, 0x00, 0x00, 0x7d, 0x03, 0x6b, 
	0x03, 0xe8, 0x00, 0x03, 0x00, 0x13, 0x00, 0x1b, 0x00, 0xaa, 0x4b, 0xb0, 0x0a, 0x50, 0x58, 0x40, 
	0x3a, 0x05, 0x01, 0x03, 0x0c, 0x0b, 0x02, 0x03, 0x70, 0x0d, 0x01, 0x0b, 0x02, 0x0c, 0x0b, 0x6e, 
	0x00, 0x0a, 0x00, 0x08, 0x07, 0x0a, 0x08, 0x65, 0x0e, 0x01, 0x01, 0x01, 0x00, 0x5d, 0x00, 0x00, 
	0x00, 0x1b, 0x4b, 0x00, 0x0c, 0x0c, 0x04, 0x5d, 0x00, 0x04, 0x04, 0x1d, 0x4b, 0x06, 0x01, 0x02, 
	0x02, 0x07, 0x5e, 0x0f, 0x09, 0x02, 0x07, 0x07, 0x1c, 0x07, 0x4c, 0x1b, 0x40, 0x3c, 0x05, 0x01, 
	0x03, 0x0c, 0x0b, 0x0c, 0x03, 0x0b, 0x7e, 0x0d, 0x01, 0x0b, 0x02, 0x0c, 0x0b, 0x02, 0x7c, 0x00, 
	0x0a, 0x00, 0x08, 0x07, 0x0a, 0x08, 0x65, 0x0e, 0x01, 0x01, 0x01, 0x00, 0x5d, 0x00, 0x00, 0x00, 
	0x1b, 0x4b, 0x00, 0x0c, 0x0c, 0x04, 0x5d, 0x00, 0x04, 0x04, 0x1d, 0x4b, 0x06, 0x01, 0x02, 0x02, 
	0x07, 0x5e, 0x0f, 0x09, 0x02, 0x07, 0x07, 0x1c, 0x07, 0x4c, 0x59, 0x40, 0x26, 0x04, 0x04, 0x00, 
	0x00, 0x1b, 0x1a, 0x19, 0x18, 0x17, 0x16, 0x15, 0x14, 0x04, 0x13, 0x04, 0x13, 0x12, 0x11, 0x10, 
	0x0f, 0x0e, 0x0d, 0x0c, 0x0b, 0x0a, 0x09, 0x08, 0x07, 0x06, 0x05, 0x00, 0x03, 0x00, 0x03, 0x11, 
	0x10, 0x07, 0x15, 0x2b, 0x13, 0x35, 0x21, 0x15, 0x01, 0x11, 0x33, 0x35, 0x33, 0x35, 0x21, 0x15, 
	0x33, 0x15, 0x33, 0x11, 0x23, 0x35, 0x21, 0x15, 0x35, 0x21, 0x35, 0x23, 0x35, 0x23, 0x15, 0x23, 
	0x7d, 0x02, 0x71, 0xfd, 0x12, 0x7d, 0x7d, 0x01, 0x77, 0x7d, 0x7d, 0xfa, 0xfe, 0x89, 0x01, 0x77, 
	0x7d, 0x7d, 0x7d, 0x03, 0x6b, 0x7d, 0x7d, 0xfd, 0x12, 0x01, 0x77, 0x7d, 0x7d, 0x7d, 0x7d, 0xfe, 
	0x89, 0x7d, 0x7d, 0xfa, 0x7d, 0x7d, 0x7d, 0x00, 0x00, 0x04, 0x00, 0x00, 0x00, 0x7d, 0x03, 0x6b, 
	0x03, 0xe8, 0x00, 0x03, 0x00, 0x07, 0x00, 0x17, 0x00, 0x1f, 0x00, 0xb8, 0x4b, 0xb0, 0x0a, 0x50, 
	0x58, 0x40, 0x3d, 0x07, 0x01, 0x05, 0x0e, 0x0d, 0x04, 0x05, 0x70, 0x0f, 0x01, 0x0d, 0x04, 0x0e, 
	0x0d, 0x6e, 0x00, 0x0c, 0x00, 0x0a, 0x09, 0x0c, 0x0a, 0x65, 0x11, 0x03, 0x10, 0x03, 0x01, 0x01, 
	0x00, 0x5d, 0x02, 0x01, 0x00, 0x00, 0x1b, 0x4b, 0x00, 0x0e, 0x0e, 0x06, 0x5d, 0x00, 0x06, 0x06, 
	0x1d, 0x4b, 0x08, 0x01, 0x04, 0x04, 0x09, 0x5e, 0x12, 0x0b, 0x02, 0x09, 0x09, 0x1c, 0x09, 0x4c, 
	0x1b, 0x40, 0x3f, 0x07, 0x01, 0x05, 0x0e, 0x0d, 0x0e, 0x05, 0x0d, 0x7e, 0x0f, 0x01, 0x0d, 0x04, 
	0x0e, 0x0d, 0x04, 0x7c, 0x00, 0x0c, 0x00, 0x0a, 0x09, 0x0c, 0x0a, 0x65, 0x11, 0x03, 0x10, 0x03, 
	0x01, 0x01, 0x00, 0x5d, 0x02, 0x01, 0x00, 0x00, 0x1b, 0x4b, 0x00, 0x0e, 0x0e, 0x06, 0x5d, 0x00, 
	0x06, 0x06, 0x1d, 0x4b, 0x08, 0x01, 0x04, 0x04, 0x09, 0x5e, 0x12, 0x0b, 0x02, 0x09, 0x09, 0x1c, 
	0x09, 0x4c, 0x59, 0x40, 0x2e, 0x08, 0x08, 0x04, 0x04, 0x00, 0x00, 0x1f, 0x1e, 0x1d, 0x1c, 0x1b, 
	0x1a, 0x19, 0x18, 0x08, 0x17, 0x08, 0x17, 0x16, 0x15, 0x14, 0x13, 0x12, 0x11, 0x10, 0x0f, 0x0e, 
	0x0d, 0x0c, 0x0b, 0x0a, 0x09, 0x04, 0x07, 0x04, 0x07, 0x06, 0x05, 0x00, 0x03, 0x00, 0x03, 0x11, 
	0x13, 0x07, 0x15, 0x2b, 0x13, 0x35, 0x33, 0x15, 0x33, 0x35, 0x33, 0x15, 0x01, 0x11, 0x33, 0x35, 
	0x33, 0x35, 0x21, 0x15, 0x33, 0x15, 0x33, 0x11, 0x23, 0x35, 0x21, 0x15, 0x35, 0x21, 0x35, 0x23, 
	0x35, 0x23, 0x15, 0x23, 0x7d, 0xfa, 0x7d, 0xfa, 0xfd, 0x12, 0x7d, 0x7d, 0x01, 0x77, 0x7d, 0x7d, 
	0xfa, 0xfe, 0x89, 0x01, 0x77, 0x7d, 0x7d, 0x7d, 0x03, 0x6b, 0x7d, 0x7d, 0x7d, 0x7d, 0xfd, 0x12, 
	0x01, 0x77, 0x7d, 0x7d, 0x7d, 0x7d, 0xfe, 0x89, 0x7d, 0x7d, 0xfa, 0x7d, 0x7d, 0x7d, 0x00, 0x00, 
	0x00, 0x02, 0x00, 0x00, 0x00, 0x7d, 0x03, 0x6b, 0x03, 0xe8, 0x00, 0x03, 0x00, 0x0f, 0x00, 0x46, 
	0x40, 0x43, 0x00, 0x04, 0x00, 0x05, 0x06, 0x04, 0x05, 0x65, 0x08, 0x01, 0x01, 0x01, 0x00, 0x5d, 
	0x00, 0x00, 0x00, 0x1b, 0x4b, 0x00, 0x03, 0x03, 0x02, 0x5d, 0x00, 0x02, 0x02, 0x1d, 0x4b, 0x00, 
	0x06, 0x06, 0x07, 0x5d, 0x09, 0x01, 0x07, 0x07, 0x1c, 0x07, 0x4c, 0x04, 0x04, 0x00, 0x00, 0x04, 
	0x0f, 0x04, 0x0f, 0x0e, 0x0d, 0x0c, 0x0b, 0x0a, 0x09, 0x08, 0x07, 0x06, 0x05, 0x00, 0x03, 0x00, 
	0x03, 0x11, 0x0a, 0x07, 0x15, 0x2b, 0x13, 0x35, 0x21, 0x15, 0x01, 0x11, 0x21, 0x15, 0x21, 0x15, 
	0x21, 0x15, 0x21, 0x15, 0x21, 0x15, 0x7d, 0x02, 0x71, 0xfd, 0x12, 0x03, 0x6b, 0xfd, 0x8f, 0x01, 
	0xf4, 0xfe, 0x0c, 0x02, 0x71, 0x03, 0x6b, 0x7d, 0x7d, 0xfd, 0x12, 0x02, 0x71, 0x7d, 0x7d, 0x7d, 
	0x7d, 0x7d, 0x00, 0x00, 0x00, 0x02, 0x00, 0x00, 0x00, 0x7d, 0x03, 0x6b, 0x03, 0xe8, 0x00, 0x11, 
	0x00, 0x15, 0x00, 0x4b, 0x40, 0x48, 0x00, 0x05, 0x03, 0x06, 0x05, 0x55, 0x00, 0x03, 0x00, 0x09, 
	0x00, 0x03, 0x09, 0x65, 0x0b, 0x08, 0x02, 0x06, 0x02, 0x01, 0x00, 0x0a, 0x06, 0x00, 0x65, 0x00, 
	0x04, 0x04, 0x07, 0x5d, 0x00, 0x07, 0x07, 0x1b, 0x4b, 0x0c, 0x01, 0x0a, 0x0a, 0x01, 0x5d, 0x00, 
	0x01, 0x01, 0x1c, 0x01, 0x4c, 0x12, 0x12, 0x00, 0x00, 0x12, 0x15, 0x12, 0x15, 0x14, 0x13, 0x00, 
	0x11, 0x00, 0x11, 0x11, 0x11, 0x11, 0x11, 0x11, 0x11, 0x11, 0x11, 0x0d, 0x07, 0x1c, 0x2b, 0x01, 
	0x11, 0x23, 0x15, 0x21, 0x35, 0x23, 0x11, 0x21, 0x35, 0x21, 0x15, 0x23, 0x35, 0x33, 0x35, 0x21, 
	0x15, 0x03, 0x35, 0x21, 0x15, 0x03, 0x6b, 0x7d, 0xfd, 0x8f, 0x7d, 0x02, 0x71, 0xfe, 0x89, 0xfa, 
	0x7d, 0x02, 0x71, 0x7d, 0xfe, 0x89, 0x03, 0x6b, 0xfd, 0x8f, 0x7d, 0x7d, 0x01, 0x77, 0xfa, 0x7d, 
	0x7d, 0x7d, 0x7d, 0xfd, 0x8f, 0xfa, 0xfa, 0x00, 0x00, 0x03, 0x00, 0x00, 0x00, 0x7d, 0x03, 0x6b, 
	0x03, 0xe8, 0x00, 0x03, 0x00, 0x07, 0x00, 0x23, 0x00, 0x69, 0x40, 0x66, 0x09, 0x01, 0x07, 0x10, 
	0x01, 0x0e, 0x04, 0x07, 0x0e, 0x65, 0x13, 0x03, 0x12, 0x03, 0x01, 0x01, 0x00, 0x5d, 0x02, 0x01, 
	0x00, 0x00, 0x1b, 0x4b, 0x0b, 0x01, 0x05, 0x05, 0x06, 0x5d, 0x0a, 0x08, 0x02, 0x06, 0x06, 0x1d, 
	0x4b, 0x0c, 0x01, 0x04, 0x04, 0x0d, 0x5d, 0x14, 0x11, 0x0f, 0x03, 0x0d, 0x0d, 0x1c, 0x0d, 0x4c, 
	0x08, 0x08, 0x04, 0x04, 0x00, 0x00, 0x08, 0x23, 0x08, 0x23, 0x22, 0x21, 0x20, 0x1f, 0x1e, 0x1d, 
	0x1c, 0x1b, 0x1a, 0x19, 0x18, 0x17, 0x16, 0x15, 0x14, 0x13, 0x12, 0x11, 0x10, 0x0f, 0x0e, 0x0d, 
	0x0c, 0x0b, 0x0a, 0x09, 0x04, 0x07, 0x04, 0x07, 0x06, 0x05, 0x00, 0x03, 0x00, 0x03, 0x11, 0x15, 
	0x07, 0x15, 0x2b, 0x13, 0x35, 0x33, 0x15, 0x33, 0x35, 0x33, 0x15, 0x01, 0x35, 0x33, 0x35, 0x23, 
	0x35, 0x33, 0x15, 0x33, 0x35, 0x33, 0x15, 0x33, 0x35, 0x33, 0x15, 0x23, 0x15, 0x33, 0x15, 0x23, 
	0x35, 0x23, 0x15, 0x23, 0x35, 0x23, 0x15, 0x7d, 0xfa, 0x7d, 0xfa, 0xfd, 0x12, 0x7d, 0x7d, 0xfa, 
	0x7d, 0x7d, 0x7d, 0xfa, 0x7d, 0x7d, 0xfa, 0x7d, 0x7d, 0x7d, 0x03, 0x6b, 0x7d, 0x7d, 0x7d, 0x7d, 
	0xfd, 0x12, 0xfa, 0x7d, 0xfa, 0xfa, 0xfa, 0xfa, 0xfa, 0xfa, 0x7d, 0xfa, 0xfa, 0xfa, 0xfa, 0xfa, 
	0x00, 0x03, 0x00, 0x00, 0x00, 0x7d, 0x03, 0x6b, 0x03, 0xe8, 0x00, 0x03, 0x00, 0x07, 0x00, 0x23, 
	0x00, 0x75, 0x40, 0x72, 0x0d, 0x01, 0x0b, 0x0e, 0x01, 0x0a, 0x08, 0x0b, 0x0a, 0x65, 0x00, 0x08, 
	0x00, 0x07, 0x05, 0x08, 0x07, 0x65, 0x0f, 0x01, 0x05, 0x10, 0x01, 0x04, 0x06, 0x05, 0x04, 0x65, 
	0x13, 0x03, 0x12, 0x03, 0x01, 0x01, 0x00, 0x5d, 0x02, 0x01, 0x00, 0x00, 0x1b, 0x4b, 0x00, 0x09, 
	0x09, 0x0c, 0x5d, 0x00, 0x0c, 0x0c, 0x1d, 0x4b, 0x00, 0x06, 0x06, 0x11, 0x5d, 0x14, 0x01, 0x11, 
	0x11, 0x1c, 0x11, 0x4c, 0x08, 0x08, 0x04, 0x04, 0x00, 0x00, 0x08, 0x23, 0x08, 0x23, 0x22, 0x21, 
	0x20, 0x1f, 0x1e, 0x1d, 0x1c, 0x1b, 0x1a, 0x19, 0x18, 0x17, 0x16, 0x15, 0x14, 0x13, 0x12, 0x11, 
	0x10, 0x0f, 0x0e, 0x0d, 0x0c, 0x0b, 0x0a, 0x09, 0x04, 0x07, 0x04, 0x07, 0x06, 0x05, 0x00, 0x03, 
	0x00, 0x03, 0x11, 0x15, 0x07, 0x15, 0x2b, 0x13, 0x35, 0x33, 0x15, 0x33, 0x35, 0x33, 0x15, 0x01, 
	0x35, 0x23, 0x35, 0x33, 0x15, 0x21, 0x35, 0x23, 0x35, 0x33, 0x35, 0x21, 0x15, 0x23, 0x35, 0x33, 
	0x35, 0x21, 0x15, 0x33, 0x15, 0x23, 0x15, 0x33, 0x15, 0x23, 0x15, 0x7d, 0xfa, 0x7d, 0xfa, 0xfd, 
	0x8f, 0x7d, 0xfa, 0x01, 0x77, 0xfa, 0xfa, 0xfe, 0x89, 0xfa, 0x7d, 0x02, 0x71, 0x7d, 0x7d, 0x7d, 
	0x7d, 0x03, 0x6b, 0x7d, 0x7d, 0x7d, 0x7d, 0xfd, 0x12, 0x7d, 0x7d, 0x7d, 0x7d, 0x7d, 0x7d, 0x7d, 
	0x7d, 0x7d, 0x7d, 0x7d, 0x7d, 0x7d, 0x7d, 0x00, 0x00, 0x02, 0x00, 0x00, 0x00, 0x7d, 0x03, 0x6b, 
	0x03, 0xe8, 0x00, 0x03, 0x00, 0x15, 0x00, 0x51, 0x40, 0x4e, 0x00, 0x05, 0x00, 0x08, 0x03, 0x05, 
	0x08, 0x65, 0x00, 0x04, 0x00, 0x09, 0x07, 0x04, 0x09, 0x65, 0x0b, 0x01, 0x01, 0x01, 0x00, 0x5d, 
	0x00, 0x00, 0x00, 0x1b, 0x4b, 0x06, 0x01, 0x02, 0x02, 0x1d, 0x4b, 0x00, 0x03, 0x03, 0x07, 0x5e, 
	0x0c, 0x0a, 0x02, 0x07, 0x07, 0x1c, 0x07, 0x4c, 0x04, 0x04, 0x00, 0x00, 0x04, 0x15, 0x04, 0x15, 
	0x14, 0x13, 0x12, 0x11, 0x10, 0x0f, 0x0e, 0x0d, 0x0c, 0x0b, 0x0a, 0x09, 0x08, 0x07, 0x06, 0x05, 
	0x00, 0x03, 0x00, 0x03, 0x11, 0x0d, 0x07, 0x15, 0x2b, 0x13, 0x35, 0x21, 0x15, 0x01, 0x11, 0x33, 
	0x11, 0x33, 0x35, 0x33, 0x35, 0x33, 0x35, 0x33, 0x11, 0x23, 0x35, 0x23, 0x15, 0x23, 0x15, 0x7d, 
	0x02, 0x71, 0xfd, 0x12, 0xfa, 0x7d, 0x7d, 0x7d, 0xfa, 0xfa, 0x7d, 0x7d, 0x03, 0x6b, 0x7d, 0x7d, 
	0xfd, 0x12, 0x02, 0x71, 0xfe, 0x89, 0x7d, 0x7d, 0x7d, 0xfd, 0x8f, 0xfa, 0x7d, 0x7d, 0x00, 0x00, 
	0x00, 0x03, 0x00, 0x00, 0x00, 0x7d, 0x03, 0x6b, 0x03, 0xe8, 0x00, 0x03, 0x00, 0x07, 0x00, 0x19, 
	0x00, 0x5c, 0x40, 0x59, 0x00, 0x07, 0x00, 0x0a, 0x05, 0x07, 0x0a, 0x65, 0x00, 0x06, 0x00, 0x0b, 
	0x09, 0x06, 0x0b, 0x65, 0x0e, 0x03, 0x0d, 0x03, 0x01, 0x01, 0x00, 0x5d, 0x02, 0x01, 0x00, 0x00, 
	0x1b, 0x4b, 0x08, 0x01, 0x04, 0x04, 0x1d, 0x4b, 0x00, 0x05, 0x05, 0x09, 0x5e, 0x0f, 0x0c, 0x02, 
	0x09, 0x09, 0x1c, 0x09, 0x4c, 0x08, 0x08, 0x04, 0x04, 0x00, 0x00, 0x08, 0x19, 0x08, 0x19, 0x18, 
	0x17, 0x16, 0x15, 0x14, 0x13, 0x12, 0x11, 0x10, 0x0f, 0x0e, 0x0d, 0x0c, 0x0b, 0x0a, 0x09, 0x04, 
	0x07, 0x04, 0x07, 0x06, 0x05, 0x00, 0x03, 0x00, 0x03, 0x11, 0x10, 0x07, 0x15, 0x2b, 0x13, 0x35, 
	0x33, 0x15, 0x33, 0x35, 0x33, 0x15, 0x01, 0x11, 0x33, 0x11, 0x33, 0x35, 0x33, 0x35, 0x33, 0x35, 
	0x33, 0x11, 0x23, 0x35, 0x23, 0x15, 0x23, 0x15, 0x7d, 0xfa, 0x7d, 0xfa, 0xfd, 0x12, 0xfa, 0x7d, 
	0x7d, 0x7d, 0xfa, 0xfa, 0x7d, 0x7d, 0x03, 0x6b, 0x7d, 0x7d, 0x7d, 0x7d, 0xfd, 0x12, 0x02, 0x71, 
	0xfe, 0x89, 0x7d, 0x7d, 0x7d, 0xfd, 0x8f, 0xfa, 0x7d, 0x7d, 0x00, 0x00, 0x00, 0x04, 0x00, 0x00, 
	0x00, 0x7d, 0x03, 0x6b, 0x03, 0xe8, 0x00, 0x03, 0x00, 0x07, 0x00, 0x13, 0x00, 0x17, 0x00, 0x57, 
	0x40, 0x54, 0x07, 0x01, 0x05, 0x08, 0x01, 0x04, 0x0a, 0x05, 0x04, 0x65, 0x0d, 0x03, 0x0c, 0x03, 
	0x01, 0x01, 0x00, 0x5d, 0x02, 0x01, 0x00, 0x00, 0x1b, 0x4b, 0x00, 0x0b, 0x0b, 0x06, 0x5d, 0x00, 
	0x06, 0x06, 0x1d, 0x4b, 0x00, 0x0a, 0x0a, 0x09, 0x5d, 0x0e, 0x01, 0x09, 0x09, 0x1c, 0x09, 0x4c, 
	0x08, 0x08, 0x04, 0x04, 0x00, 0x00, 0x17, 0x16, 0x15, 0x14, 0x08, 0x13, 0x08, 0x13, 0x12, 0x11, 
	0x10, 0x0f, 0x0e, 0x0d, 0x0c, 0x0b, 0x0a, 0x09, 0x04, 0x07, 0x04, 0x07, 0x06, 0x05, 0x00, 0x03, 
	0x00, 0x03, 0x11, 0x0f, 0x07, 0x15, 0x2b, 0x13, 0x35, 0x33, 0x15, 0x33, 0x35, 0x33, 0x15, 0x01, 
	0x35, 0x23, 0x11, 0x33, 0x35, 0x21, 0x15, 0x33, 0x11, 0x23, 0x15, 0x25, 0x21, 0x11, 0x21, 0x7d, 
	0xfa, 0x7d, 0xfa, 0xfd, 0x8f, 0x7d, 0x7d, 0x02, 0x71, 0x7d, 0x7d, 0xfe, 0x0c, 0x01, 0x77, 0xfe, 
	0x89, 0x03, 0x6b, 0x7d, 0x7d, 0x7d, 0x7d, 0xfd, 0x12, 0x7d, 0x01, 0x77, 0x7d, 0x7d, 0xfe, 0x89, 
	0x7d, 0x7d, 0x01, 0x77, 0x00, 0x03, 0x00, 0x00, 0x00, 0x7d, 0x03, 0x6b, 0x03, 0xe8, 0x00, 0x0b, 
	0x00, 0x0f, 0x00, 0x13, 0x00, 0x48, 0x40, 0x45, 0x00, 0x09, 0x01, 0x08, 0x01, 0x09, 0x08, 0x7e, 
	0x00, 0x08, 0x00, 0x01, 0x08, 0x00, 0x7c, 0x03, 0x01, 0x01, 0x04, 0x01, 0x00, 0x06, 0x01, 0x00, 
	0x65, 0x00, 0x07, 0x07, 0x02, 0x5d, 0x00, 0x02, 0x02, 0x1b, 0x4b, 0x00, 0x06, 0x06, 0x05, 0x5e, 
	0x0a, 0x01, 0x05, 0x05, 0x1c, 0x05, 0x4c, 0x00, 0x00, 0x13, 0x12, 0x11, 0x10, 0x0f, 0x0e, 0x0d, 
	0x0c, 0x00, 0x0b, 0x00, 0x0b, 0x11, 0x11, 0x11, 0x11, 0x11, 0x0b, 0x07, 0x19, 0x2b, 0x37, 0x35, 
	0x23, 0x11, 0x33, 0x35, 0x21, 0x15, 0x33, 0x11, 0x23, 0x15, 0x25, 0x21, 0x11, 0x21, 0x03, 0x21, 
	0x35, 0x21, 0x7d, 0x7d, 0x7d, 0x02, 0x71, 0x7d, 0x7d, 0xfe, 0x0c, 0x01, 0x77, 0xfe, 0x89, 0x7d, 
	0x02, 0x71, 0xfd, 0x8f, 0x7d, 0x7d, 0x02, 0x71, 0x7d, 0x7d, 0xfd, 0x8f, 0x7d, 0x7d, 0x02, 0x71, 
	0xfe, 0x89, 0x7d, 0x00, 0x00, 0x02, 0x00, 0x00, 0x00, 0x7d, 0x03, 0x6b, 0x03, 0xe8, 0x00, 0x03, 
	0x00, 0x13, 0x00, 0x56, 0x40, 0x53, 0x00, 0x06, 0x00, 0x03, 0x08, 0x06, 0x03, 0x65, 0x0a, 0x01, 
	0x01, 0x01, 0x00, 0x5d, 0x00, 0x00, 0x00, 0x1b, 0x4b, 0x00, 0x04, 0x04, 0x05, 0x5d, 0x07, 0x01, 
	0x05, 0x05, 0x1d, 0x4b, 0x00, 0x08, 0x08, 0x05, 0x5d, 0x07, 0x01, 0x05, 0x05, 0x1d, 0x4b, 0x00, 
	0x02, 0x02, 0x09, 0x5d, 0x0b, 0x01, 0x09, 0x09, 0x1c, 0x09, 0x4c, 0x04, 0x04, 0x00, 0x00, 0x04, 
	0x13, 0x04, 0x13, 0x12, 0x11, 0x10, 0x0f, 0x0e, 0x0d, 0x0c, 0x0b, 0x0a, 0x09, 0x08, 0x07, 0x06, 
	0x05, 0x00, 0x03, 0x00, 0x03, 0x11, 0x0c, 0x07, 0x15, 0x2b, 0x13, 0x35, 0x21, 0x15, 0x01, 0x35, 
	0x21, 0x35, 0x21, 0x35, 0x23, 0x35, 0x33, 0x15, 0x21, 0x35, 0x33, 0x11, 0x23, 0x15, 0x7d, 0x02, 
	0x71, 0xfd, 0x8f, 0x01, 0xf4, 0xfe, 0x0c, 0x7d, 0xfa, 0x01, 0x77, 0xfa, 0x7d, 0x03, 0x6b, 0x7d, 
	0x7d, 0xfd, 0x12, 0x7d, 0x7d, 0x7d, 0xfa, 0xfa, 0xfa, 0xfe, 0x0c, 0x7d, 0x00, 0x03, 0x00, 0x00, 
	0x00, 0x7d, 0x03, 0x6b, 0x03, 0xe8, 0x00, 0x03, 0x00, 0x07, 0x00, 0x17, 0x00, 0x61, 0x40, 0x5e, 
	0x00, 0x08, 0x00, 0x05, 0x0a, 0x08, 0x05, 0x65, 0x0d, 0x03, 0x0c, 0x03, 0x01, 0x01, 0x00, 0x5d, 
	0x02, 0x01, 0x00, 0x00, 0x1b, 0x4b, 0x00, 0x06, 0x06, 0x07, 0x5d, 0x09, 0x01, 0x07, 0x07, 0x1d, 
	0x4b, 0x00, 0x0a, 0x0a, 0x07, 0x5d, 0x09, 0x01, 0x07, 0x07, 0x1d, 0x4b, 0x00, 0x04, 0x04, 0x0b, 
	0x5d, 0x0e, 0x01, 0x0b, 0x0b, 0x1c, 0x0b, 0x4c, 0x08, 0x08, 0x04, 0x04, 0x00, 0x00, 0x08, 0x17, 
	0x08, 0x17, 0x16, 0x15, 0x14, 0x13, 0x12, 0x11, 0x10, 0x0f, 0x0e, 0x0d, 0x0c, 0x0b, 0x0a, 0x09, 
	0x04, 0x07, 0x04, 0x07, 0x06, 0x05, 0x00, 0x03, 0x00, 0x03, 0x11, 0x0f, 0x07, 0x15, 0x2b, 0x13, 
	0x35, 0x33, 0x15, 0x33, 0x35, 0x33, 0x15, 0x01, 0x35, 0x21, 0x35, 0x21, 0x35, 0x23, 0x35, 0x33, 
	0x15, 0x21, 0x35, 0x33, 0x11, 0x23, 0x15, 0x7d, 0xfa, 0x7d, 0xfa, 0xfd, 0x8f, 0x01, 0xf4, 0xfe, 
	0x0c, 0x7d, 0xfa, 0x01, 0x77, 0xfa, 0x7d, 0x03, 0x6b, 0x7d, 0x7d, 0x7d, 0x7d, 0xfd, 0x12, 0x7d, 
	0x7d, 0x7d, 0xfa, 0xfa, 0xfa, 0xfe, 0x0c, 0x7d, 0x00, 0x04, 0x00, 0x00, 0x00, 0x7d, 0x03, 0x6b, 
	0x03, 0xe8, 0x00, 0x03, 0x00, 0x07, 0x00, 0x19, 0x00, 0x1d, 0x00, 0x5e, 0x40, 0x5b, 0x0f, 0x0e, 
	0x02, 0x0b, 0x00, 0x0d, 0x04, 0x0b, 0x0d, 0x65, 0x00, 0x0c, 0x00, 0x08, 0x05, 0x0c, 0x08, 0x66, 
	0x02, 0x01, 0x00, 0x00, 0x01, 0x5d, 0x03, 0x01, 0x01, 0x01, 0x1b, 0x4b, 0x00, 0x09, 0x09, 0x04, 
	0x5d, 0x0a, 0x01, 0x04, 0x04, 0x1d, 0x4b, 0x00, 0x05, 0x05, 0x04, 0x5d, 0x0a, 0x01, 0x04, 0x04, 
	0x1d, 0x4b, 0x00, 0x07, 0x07, 0x06, 0x5d, 0x00, 0x06, 0x06, 0x1c, 0x06, 0x4c, 0x1a, 0x1a, 0x1a, 
	0x1d, 0x1a, 0x1d, 0x1c, 0x1b, 0x19, 0x18, 0x17, 0x16, 0x15, 0x14, 0x13, 0x12, 0x11, 0x11, 0x11, 
	0x11, 0x11, 0x11, 0x11, 0x11, 0x10, 0x10, 0x07, 0x1d, 0x2b, 0x01, 0x23, 0x35, 0x33, 0x05, 0x23, 
	0x35, 0x33, 0x07, 0x33, 0x11, 0x23, 0x15, 0x21, 0x35, 0x21, 0x35, 0x21, 0x35, 0x23, 0x35, 0x33, 
	0x35, 0x33, 0x11, 0x21, 0x11, 0x15, 0x23, 0x35, 0x01, 0x77, 0x7d, 0x7d, 0x01, 0x77, 0x7d, 0x7d, 
	0x7d, 0xfa, 0x7d, 0xfd, 0x8f, 0x01, 0xf4, 0xfe, 0x0c, 0x7d, 0x7d, 0x7d, 0x01, 0x77, 0x7d, 0x03, 
	0x6b, 0x7d, 0x7d, 0x7d, 0xfa, 0xfe, 0x0c, 0x7d, 0x7d, 0x7d, 0x7d, 0xfa, 0x7d, 0xfe, 0x89, 0x01, 
	0x77, 0x7d, 0x7d, 0x00, 0x00, 0x03, 0x00, 0x00, 0x00, 0x7d, 0x03, 0x6b, 0x03, 0xe8, 0x00, 0x03, 
	0x00, 0x07, 0x00, 0x13, 0x00, 0x4d, 0x40, 0x4a, 0x00, 0x07, 0x00, 0x04, 0x09, 0x07, 0x04, 0x65, 
	0x0b, 0x03, 0x0a, 0x03, 0x01, 0x01, 0x00, 0x5d, 0x02, 0x01, 0x00, 0x00, 0x1b, 0x4b, 0x00, 0x05, 
	0x05, 0x06, 0x5d, 0x08, 0x01, 0x06, 0x06, 0x1d, 0x4b, 0x0c, 0x01, 0x09, 0x09, 0x1c, 0x09, 0x4c, 
	0x08, 0x08, 0x04, 0x04, 0x00, 0x00, 0x08, 0x13, 0x08, 0x13, 0x12, 0x11, 0x10, 0x0f, 0x0e, 0x0d, 
	0x0c, 0x0b, 0x0a, 0x09, 0x04, 0x07, 0x04, 0x07, 0x06, 0x05, 0x00, 0x03, 0x00, 0x03, 0x11, 0x0d, 
	0x07, 0x15, 0x2b, 0x13, 0x35, 0x33, 0x15, 0x33, 0x35, 0x33, 0x15, 0x03, 0x35, 0x21, 0x35, 0x23, 
	0x35, 0x33, 0x15, 0x21, 0x35, 0x33, 0x11, 0x7d, 0xfa, 0x7d, 0xfa, 0x7d, 0xfe, 0x0c, 0x7d, 0xfa, 
	0x01, 0x77, 0xfa, 0x03, 0x6b, 0x7d, 0x7d, 0x7d, 0x7d, 0xfd, 0x12, 0xfa, 0x7d, 0xfa, 0xfa, 0xfa, 
	0xfd, 0x8f, 0x00, 0x00, 0x00, 0x01, 0x00, 0x7d, 0x00, 0x00, 0x03, 0x6b, 0x03, 0xe8, 0x00, 0x0b, 
	0x00, 0x61, 0x4b, 0xb0, 0x0a, 0x50, 0x58, 0x40, 0x22, 0x00, 0x00, 0x01, 0x02, 0x01, 0x00, 0x70, 
	0x00, 0x01, 0x01, 0x05, 0x5d, 0x06, 0x01, 0x05, 0x05, 0x1b, 0x4b, 0x00, 0x04, 0x04, 0x1c, 0x4b, 
	0x00, 0x02, 0x02, 0x03, 0x5d, 0x00, 0x03, 0x03, 0x1f, 0x03, 0x4c, 0x1b, 0x40, 0x23, 0x00, 0x00, 
	0x01, 0x02, 0x01, 0x00, 0x02, 0x7e, 0x00, 0x01, 0x01, 0x05, 0x5d, 0x06, 0x01, 0x05, 0x05, 0x1b, 
	0x4b, 0x00, 0x04, 0x04, 0x1c, 0x4b, 0x00, 0x02, 0x02, 0x03, 0x5d, 0x00, 0x03, 0x03, 0x1f, 0x03, 
	0x4c, 0x59, 0x40, 0x0e, 0x00, 0x00, 0x00, 0x0b, 0x00, 0x0b, 0x11, 0x11, 0x11, 0x11, 0x11, 0x07, 
	0x07, 0x19, 0x2b, 0x01, 0x15, 0x23, 0x35, 0x21, 0x11, 0x33, 0x15, 0x23, 0x35, 0x23, 0x11, 0x03, 
	0x6b, 0x7d, 0xfe, 0x89, 0x7d, 0xfa, 0x7d, 0x03, 0xe8, 0xfa, 0x7d, 0xfd, 0x8f, 0xfa, 0x7d, 0x03, 
	0x6b, 0x00, 0x00, 0x00, 0x00, 0x05, 0x00, 0x00, 0x00, 0x7d, 0x03, 0x6b, 0x03, 0xe8, 0x00, 0x03, 
	0x00, 0x07, 0x00, 0x0d, 0x00, 0x11, 0x00, 0x15, 0x00, 0x55, 0x40, 0x52, 0x00, 0x05, 0x00, 0x0a, 
	0x09, 0x05, 0x0a, 0x65, 0x0c, 0x03, 0x0b, 0x03, 0x01, 0x01, 0x00, 0x5d, 0x02, 0x01, 0x00, 0x00, 
	0x1b, 0x4b, 0x07, 0x01, 0x04, 0x04, 0x1d, 0x4b, 0x00, 0x09, 0x09, 0x06, 0x5e, 0x0e, 0x08, 0x0d, 
	0x03, 0x06, 0x06, 0x1c, 0x06, 0x4c, 0x0e, 0x0e, 0x08, 0x08, 0x04, 0x04, 0x00, 0x00, 0x15, 0x14, 
	0x13, 0x12, 0x0e, 0x11, 0x0e, 0x11, 0x10, 0x0f, 0x08, 0x0d, 0x08, 0x0d, 0x0c, 0x0b, 0x0a, 0x09, 
	0x04, 0x07, 0x04, 0x07, 0x06, 0x05, 0x00, 0x03, 0x00, 0x03, 0x11, 0x0f, 0x07, 0x15, 0x2b, 0x13, 
	0x35, 0x33, 0x15, 0x33, 0x35, 0x33, 0x15, 0x01, 0x11, 0x33, 0x15, 0x33, 0x11, 0x33, 0x11, 0x33, 
	0x11, 0x25, 0x33, 0x35, 0x23, 0x7d, 0xfa, 0x7d, 0xfa, 0xfd, 0x12, 0xfa, 0xfa, 0x7d, 0xfa, 0xfd, 
	0x8f, 0x7d, 0x7d, 0x03, 0x6b, 0x7d, 0x7d, 0x7d, 0x7d, 0xfd, 0x12, 0x02, 0x71, 0x7d, 0xfe, 0x0c, 
	0x02, 0x71, 0xfd, 0x8f, 0x7d, 0xfa, 0x00, 0x00, 0x00, 0x03, 0x00, 0x00, 0x00, 0x7d, 0x03, 0x6b, 
	0x03, 0xe8, 0x00, 0x0d, 0x00, 0x15, 0x00, 0x19, 0x00, 0x4e, 0x40, 0x4b, 0x00, 0x0a, 0x09, 0x01, 
	0x00, 0x01, 0x0a, 0x00, 0x65, 0x0d, 0x06, 0x02, 0x04, 0x03, 0x01, 0x01, 0x08, 0x04, 0x01, 0x65, 
	0x00, 0x07, 0x07, 0x05, 0x5d, 0x00, 0x05, 0x05, 0x1b, 0x4b, 0x0b, 0x01, 0x08, 0x08, 0x02, 0x5d, 
	0x0e, 0x0c, 0x02, 0x02, 0x02, 0x1c, 0x02, 0x4c, 0x16, 0x16, 0x00, 0x00, 0x16, 0x19, 0x16, 0x19, 
	0x18, 0x17, 0x15, 0x14, 0x13, 0x12, 0x11, 0x10, 0x0f, 0x0e, 0x00, 0x0d, 0x00, 0x0d, 0x11, 0x11, 
	0x11, 0x11, 0x11, 0x11, 0x0f, 0x07, 0x1a, 0x2b, 0x01, 0x11, 0x23, 0x15, 0x23, 0x15, 0x21, 0x35, 
	0x23, 0x11, 0x33, 0x35, 0x21, 0x15, 0x23, 0x21, 0x11, 0x33, 0x35, 0x23, 0x35, 0x33, 0x13, 0x35, 
	0x33, 0x15, 0x03, 0x6b, 0x7d, 0x7d, 0xfe, 0x0c, 0x7d, 0x7d, 0x02, 0x71, 0x7d, 0xfe, 0x89, 0xfa, 
	0x7d, 0xfa, 0x7d, 0x7d, 0x03, 0x6b, 0xfe, 0x0c, 0x7d, 0x7d, 0x7d, 0x02, 0x71, 0x7d, 0x7d, 0xfd, 
	0x8f, 0x7d, 0x7d, 0xfe, 0x89, 0x7d, 0x7d, 0x00, 0x00, 0x01, 0x00, 0x00, 0x00, 0x7d, 0x03, 0x6b, 
	0x03, 0xe8, 0x00, 0x17, 0x00, 0x39, 0x40, 0x36, 0x04, 0x01, 0x02, 0x0a, 0x08, 0x06, 0x03, 0x00, 
	0x07, 0x02, 0x00, 0x65, 0x00, 0x09, 0x09, 0x01, 0x5d, 0x05, 0x03, 0x02, 0x01, 0x01, 0x1b, 0x4b, 
	0x0c, 0x0b, 0x02, 0x07, 0x07, 0x1c, 0x07, 0x4c, 0x00, 0x00, 0x00, 0x17, 0x00, 0x17, 0x16, 0x15, 
	0x14, 0x13, 0x11, 0x11, 0x11, 0x11, 0x11, 0x11, 0x11, 0x11, 0x11, 0x0d, 0x07, 0x1d, 0x2b, 0x37, 
	0x35, 0x23, 0x11, 0x33, 0x11, 0x33, 0x11, 0x33, 0x11, 0x33, 0x11, 0x33, 0x11, 0x23, 0x15, 0x23, 
	0x35, 0x23, 0x35, 0x23, 0x15, 0x23, 0x15, 0x7d, 0x7d, 0xfa, 0x7d, 0x7d, 0x7d, 0xfa, 0x7d, 0x7d, 
	0x7d, 0x7d, 0x7d, 0x7d, 0x7d, 0x02, 0xee, 0xfe, 0x0c, 0x01, 0xf4, 0xfe, 0x0c, 0x01, 0xf4, 0xfd, 
	0x12, 0x7d, 0x7d, 0x7d, 0x7d, 0x7d, 0x00, 0x00, 0x00, 0x02, 0x00, 0x00, 0x00, 0x7d, 0x03, 0x6b, 
	0x02, 0xee, 0x00, 0x0d, 0x00, 0x11, 0x00, 0x44, 0x40, 0x41, 0x00, 0x05, 0x03, 0x02, 0x03, 0x05, 
	0x02, 0x7e, 0x00, 0x02, 0x00, 0x08, 0x01, 0x02, 0x08, 0x65, 0x00, 0x01, 0x00, 0x00, 0x07, 0x01, 
	0x00, 0x65, 0x00, 0x03, 0x03, 0x04, 0x5d, 0x00, 0x04, 0x04, 0x1d, 0x4b, 0x00, 0x07, 0x07, 0x06, 
	0x5e, 0x09, 0x01, 0x06, 0x06, 0x1c, 0x06, 0x4c, 0x00, 0x00, 0x11, 0x10, 0x0f, 0x0e, 0x00, 0x0d, 
	0x00, 0x0d, 0x11, 0x11, 0x11, 0x11, 0x11, 0x11, 0x0a, 0x07, 0x1a, 0x2b, 0x37, 0x35, 0x23, 0x35, 
	0x33, 0x35, 0x21, 0x35, 0x21, 0x35, 0x21, 0x15, 0x33, 0x11, 0x25, 0x21, 0x35, 0x21, 0x7d, 0x7d, 
	0x7d, 0x01, 0xf4, 0xfe, 0x0c, 0x02, 0x71, 0x7d, 0xfd, 0x8f, 0x01, 0x77, 0xfe, 0x89, 0x7d, 0x7d, 
	0x7d, 0x7d, 0x7d, 0x7d, 0x7d, 0xfe, 0x0c, 0x7d, 0x7d, 0x00, 0x00, 0x00, 0x00, 0x01, 0x00, 0x00, 
	0x00, 0x7d, 0x03, 0x6b, 0x03, 0xe8, 0x00, 0x17, 0x00, 0x4f, 0x40, 0x4c, 0x00, 0x0a, 0x05, 0x07, 
	0x0a, 0x55, 0x00, 0x02, 0x07, 0x01, 0x02, 0x55, 0x06, 0x01, 0x01, 0x09, 0x01, 0x07, 0x03, 0x01, 
	0x07, 0x65, 0x00, 0x00, 0x00, 0x0b, 0x5d, 0x0c, 0x01, 0x0b, 0x0b, 0x1b, 0x4b, 0x00, 0x04, 0x04, 
	0x05, 0x5d, 0x00, 0x05, 0x05, 0x1d, 0x4b, 0x00, 0x03, 0x03, 0x08, 0x5d, 0x00, 0x08, 0x08, 0x1c, 
	0x08, 0x4c, 0x00, 0x00, 0x00, 0x17, 0x00, 0x17, 0x16, 0x15, 0x14, 0x13, 0x11, 0x11, 0x11, 0x11, 
	0x11, 0x11, 0x11, 0x11, 0x11, 0x0d, 0x07, 0x1d, 0x2b, 0x01, 0x15, 0x21, 0x15, 0x33, 0x15, 0x23, 
	0x15, 0x21, 0x11, 0x23, 0x35, 0x21, 0x15, 0x33, 0x11, 0x23, 0x15, 0x21, 0x35, 0x23, 0x11, 0x33, 
	0x35, 0x03, 0x6b, 0xfd, 0x8f, 0x7d, 0x7d, 0x01, 0x77, 0xfa, 0x01, 0x77, 0x7d, 0x7d, 0xfd, 0x8f, 
	0x7d, 0x7d, 0x03, 0xe8, 0x7d, 0xfa, 0x7d, 0xfa, 0x01, 0x77, 0x7d, 0x7d, 0xfe, 0x89, 0x7d, 0x7d, 
	0x02, 0x71, 0x7d, 0x00, 0x00, 0x03, 0x00, 0x00, 0x00, 0x7d, 0x03, 0x6b, 0x02, 0xee, 0x00, 0x0b, 
	0x00, 0x0f, 0x00, 0x13, 0x00, 0x47, 0x40, 0x44, 0x00, 0x01, 0x00, 0x02, 0x06, 0x01, 0x02, 0x65, 
	0x00, 0x06, 0x00, 0x09, 0x03, 0x06, 0x09, 0x65, 0x00, 0x03, 0x00, 0x04, 0x08, 0x03, 0x04, 0x65, 
	0x00, 0x07, 0x07, 0x00, 0x5d, 0x00, 0x00, 0x00, 0x1d, 0x4b, 0x00, 0x08, 0x08, 0x05, 0x5d, 0x0a, 
	0x01, 0x05, 0x05, 0x1c, 0x05, 0x4c, 0x00, 0x00, 0x13, 0x12, 0x11, 0x10, 0x0f, 0x0e, 0x0d, 0x0c, 
	0x00, 0x0b, 0x00, 0x0b, 0x11, 0x11, 0x11, 0x11, 0x11, 0x0b, 0x07, 0x19, 0x2b, 0x35, 0x11, 0x21, 
	0x15, 0x33, 0x15, 0x23, 0x15, 0x33, 0x15, 0x23, 0x15, 0x01, 0x21, 0x35, 0x21, 0x11, 0x21, 0x35, 
	0x21, 0x02, 0xee, 0x7d, 0x7d, 0x7d, 0x7d, 0xfe, 0x0c, 0x01, 0x77, 0xfe, 0x89, 0x01, 0x77, 0xfe, 
	0x89, 0x7d, 0x02, 0x71, 0x7d, 0x7d, 0x7d, 0x7d, 0x7d, 0x01, 0x77, 0x7d, 0xfe, 0x89, 0x7d, 0x00, 
	0x00, 0x01, 0x00, 0x7d, 0x00, 0x7d, 0x03, 0x6b, 0x02, 0xee, 0x00, 0x07, 0x00, 0x4b, 0x4b, 0xb0, 
	0x0a, 0x50, 0x58, 0x40, 0x18, 0x00, 0x01, 0x02, 0x03, 0x02, 0x01, 0x70, 0x00, 0x02, 0x02, 0x00, 
	0x5d, 0x00, 0x00, 0x00, 0x1d, 0x4b, 0x04, 0x01, 0x03, 0x03, 0x1c, 0x03, 0x4c, 0x1b, 0x40, 0x19, 
	0x00, 0x01, 0x02, 0x03, 0x02, 0x01, 0x03, 0x7e, 0x00, 0x02, 0x02, 0x00, 0x5d, 0x00, 0x00, 0x00, 
	0x1d, 0x4b, 0x04, 0x01, 0x03, 0x03, 0x1c, 0x03, 0x4c, 0x59, 0x40, 0x0c, 0x00, 0x00, 0x00, 0x07, 
	0x00, 0x07, 0x11, 0x11, 0x11, 0x05, 0x07, 0x17, 0x2b, 0x37, 0x11, 0x21, 0x15, 0x23, 0x35, 0x21, 
	0x11, 0x7d, 0x02, 0xee, 0x7d, 0xfe, 0x89, 0x7d, 0x02, 0x71, 0xfa, 0x7d, 0xfe, 0x0c, 0x00, 0x00, 
	0x00, 0x02, 0x00, 0x7d, 0x00, 0x7d, 0x03, 0x6b, 0x03, 0xe8, 0x00, 0x03, 0x00, 0x0f, 0x00, 0x74, 
	0x4b, 0xb0, 0x0a, 0x50, 0x58, 0x40, 0x2a, 0x00, 0x06, 0x00, 0x05, 0x05, 0x06, 0x70, 0x00, 0x02, 
	0x03, 0x04, 0x03, 0x02, 0x70, 0x00, 0x00, 0x00, 0x01, 0x5d, 0x00, 0x01, 0x01, 0x1b, 0x4b, 0x00, 
	0x03, 0x03, 0x05, 0x5d, 0x08, 0x07, 0x02, 0x05, 0x05, 0x1d, 0x4b, 0x00, 0x04, 0x04, 0x1c, 0x04, 
	0x4c, 0x1b, 0x40, 0x2c, 0x00, 0x06, 0x00, 0x05, 0x00, 0x06, 0x05, 0x7e, 0x00, 0x02, 0x03, 0x04, 
	0x03, 0x02, 0x04, 0x7e, 0x00, 0x00, 0x00, 0x01, 0x5d, 0x00, 0x01, 0x01, 0x1b, 0x4b, 0x00, 0x03, 
	0x03, 0x05, 0x5d, 0x08, 0x07, 0x02, 0x05, 0x05, 0x1d, 0x4b, 0x00, 0x04, 0x04, 0x1c, 0x04, 0x4c, 
	0x59, 0x40, 0x10, 0x04, 0x04, 0x04, 0x0f, 0x04, 0x0f, 0x11, 0x11, 0x11, 0x11, 0x12, 0x11, 0x10, 
	0x09, 0x07, 0x1b, 0x2b, 0x01, 0x23, 0x35, 0x33, 0x17, 0x15, 0x23, 0x35, 0x21, 0x11, 0x23, 0x11, 
	0x21, 0x35, 0x33, 0x15, 0x02, 0xee, 0x7d, 0x7d, 0x7d, 0x7d, 0xfe, 0x89, 0xfa, 0x01, 0x77, 0x7d, 
	0x03, 0x6b, 0x7d, 0xfa, 0xfa, 0x7d, 0xfe, 0x0c, 0x02, 0x71, 0x7d, 0x7d, 0x00, 0x01, 0x00, 0x7d, 
	0x00, 0x7d, 0x03, 0x6b, 0x03, 0x6b, 0x00, 0x07, 0x00, 0x3f, 0x4b, 0xb0, 0x0a, 0x50, 0x58, 0x40, 
	0x16, 0x00, 0x00, 0x03, 0x03, 0x00, 0x6e, 0x00, 0x01, 0x01, 0x03, 0x5d, 0x00, 0x03, 0x03, 0x1d, 
	0x4b, 0x00, 0x02, 0x02, 0x1c, 0x02, 0x4c, 0x1b, 0x40, 0x15, 0x00, 0x00, 0x03, 0x00, 0x83, 0x00, 
	0x01, 0x01, 0x03, 0x5d, 0x00, 0x03, 0x03, 0x1d, 0x4b, 0x00, 0x02, 0x02, 0x1c, 0x02, 0x4c, 0x59, 
	0xb6, 0x11, 0x11, 0x11, 0x10, 0x04, 0x07, 0x18, 0x2b, 0x01, 0x33, 0x15, 0x21, 0x11, 0x23, 0x11, 
	0x21, 0x02, 0x71, 0xfa, 0xfe, 0x0c, 0xfa, 0x01, 0xf4, 0x03, 0x6b, 0xfa, 0xfe, 0x0c, 0x02, 0x71, 
	0x00, 0x02, 0x00, 0x00, 0x00, 0x00, 0x03, 0xe8, 0x02, 0xee, 0x00, 0x0d, 0x00, 0x11, 0x00, 0x71, 
	0x4b, 0xb0, 0x0a, 0x50, 0x58, 0x40, 0x2b, 0x00, 0x05, 0x08, 0x00, 0x00, 0x05, 0x70, 0x00, 0x08, 
	0x08, 0x06, 0x5d, 0x00, 0x06, 0x06, 0x1d, 0x4b, 0x07, 0x04, 0x02, 0x00, 0x00, 0x02, 0x5e, 0x00, 
	0x02, 0x02, 0x1c, 0x4b, 0x07, 0x04, 0x02, 0x00, 0x00, 0x01, 0x5e, 0x03, 0x01, 0x01, 0x01, 0x1f, 
	0x01, 0x4c, 0x1b, 0x40, 0x2c, 0x00, 0x05, 0x08, 0x00, 0x08, 0x05, 0x00, 0x7e, 0x00, 0x08, 0x08, 
	0x06, 0x5d, 0x00, 0x06, 0x06, 0x1d, 0x4b, 0x07, 0x04, 0x02, 0x00, 0x00, 0x02, 0x5e, 0x00, 0x02, 
	0x02, 0x1c, 0x4b, 0x07, 0x04, 0x02, 0x00, 0x00, 0x01, 0x5e, 0x03, 0x01, 0x01, 0x01, 0x1f, 0x01, 
	0x4c, 0x59, 0x40, 0x0c, 0x11, 0x11, 0x11, 0x11, 0x11, 0x11, 0x11, 0x11, 0x10, 0x09, 0x07, 0x1d, 
	0x2b, 0x25, 0x33, 0x15, 0x23, 0x35, 0x21, 0x15, 0x23, 0x35, 0x33, 0x35, 0x33, 0x11, 0x21, 0x01, 
	0x33, 0x11, 0x23, 0x03, 0x6b, 0x7d, 0xfa, 0xfe, 0x0c, 0xfa, 0x7d, 0x7d, 0x02, 0x71, 0xfe, 0x0c, 
	0xfa, 0xfa, 0xfa, 0xfa, 0x7d, 0x7d, 0xfa, 0x7d, 0x01, 0x77, 0xfe, 0x0c, 0x01, 0x77, 0x00, 0x00, 
	0x00, 0x02, 0x00, 0x00, 0x00, 0x7d, 0x03, 0x6b, 0x02, 0xee, 0x00, 0x0d, 0x00, 0x11, 0x00, 0x3d, 
	0x40, 0x3a, 0x00, 0x07, 0x00, 0x04, 0x00, 0x07, 0x04, 0x66, 0x03, 0x01, 0x01, 0x00, 0x00, 0x05, 
	0x01, 0x00, 0x65, 0x00, 0x08, 0x08, 0x02, 0x5d, 0x00, 0x02, 0x02, 0x1d, 0x4b, 0x00, 0x05, 0x05, 
	0x06, 0x5d, 0x09, 0x01, 0x06, 0x06, 0x1c, 0x06, 0x4c, 0x00, 0x00, 0x11, 0x10, 0x0f, 0x0e, 0x00, 
	0x0d, 0x00, 0x0d, 0x11, 0x11, 0x11, 0x11, 0x11, 0x11, 0x0a, 0x07, 0x1a, 0x2b, 0x37, 0x35, 0x23, 
	0x11, 0x33, 0x35, 0x21, 0x15, 0x33, 0x15, 0x21, 0x15, 0x21, 0x15, 0x01, 0x21, 0x35, 0x21, 0x7d, 
	0x7d, 0x7d, 0x02, 0x71, 0x7d, 0xfd, 0x8f, 0x01, 0xf4, 0xfe, 0x0c, 0x01, 0x77, 0xfe, 0x89, 0x7d, 
	0x7d, 0x01, 0x77, 0x7d, 0x7d, 0xfa, 0x7d, 0x7d, 0x01, 0x77, 0x7d, 0x00, 0x00, 0x03, 0x00, 0x00, 
	0x00, 0x7d, 0x03, 0x6b, 0x03, 0xe8, 0x00, 0x03, 0x00, 0x15, 0x00, 0x19, 0x00, 0xa7, 0x4b, 0xb0, 
	0x0a, 0x50, 0x58, 0x40, 0x3a, 0x00, 0x08, 0x00, 0x07, 0x07, 0x08, 0x70, 0x00, 0x0c, 0x00, 0x02, 
	0x05, 0x0c, 0x02, 0x66, 0x0e, 0x0a, 0x02, 0x06, 0x00, 0x05, 0x03, 0x06, 0x05, 0x65, 0x00, 0x00, 
	0x00, 0x01, 0x5d, 0x0d, 0x01, 0x01, 0x01, 0x1b, 0x4b, 0x00, 0x0b, 0x0b, 0x07, 0x5d, 0x09, 0x01, 
	0x07, 0x07, 0x1d, 0x4b, 0x00, 0x03, 0x03, 0x04, 0x5d, 0x00, 0x04, 0x04, 0x1c, 0x04, 0x4c, 0x1b, 
	0x40, 0x3b, 0x00, 0x08, 0x00, 0x07, 0x00, 0x08, 0x07, 0x7e, 0x00, 0x0c, 0x00, 0x02, 0x05, 0x0c, 
	0x02, 0x66, 0x0e, 0x0a, 0x02, 0x06, 0x00, 0x05, 0x03, 0x06, 0x05, 0x65, 0x00, 0x00, 0x00, 0x01, 
	0x5d, 0x0d, 0x01, 0x01, 0x01, 0x1b, 0x4b, 0x00, 0x0b, 0x0b, 0x07, 0x5d, 0x09, 0x01, 0x07, 0x07, 
	0x1d, 0x4b, 0x00, 0x03, 0x03, 0x04, 0x5d, 0x00, 0x04, 0x04, 0x1c, 0x04, 0x4c, 0x59, 0x40, 0x24, 
	0x04, 0x04, 0x00, 0x00, 0x19, 0x18, 0x17, 0x16, 0x04, 0x15, 0x04, 0x15, 0x14, 0x13, 0x12, 0x11, 
	0x10, 0x0f, 0x0e, 0x0d, 0x0c, 0x0b, 0x0a, 0x09, 0x08, 0x07, 0x06, 0x05, 0x00, 0x03, 0x00, 0x03, 
	0x11, 0x0f, 0x07, 0x15, 0x2b, 0x01, 0x15, 0x23, 0x35, 0x01, 0x15, 0x21, 0x15, 0x21, 0x15, 0x21, 
	0x35, 0x23, 0x11, 0x33, 0x35, 0x33, 0x35, 0x33, 0x15, 0x33, 0x15, 0x23, 0x21, 0x15, 0x21, 0x01, 
	0x77, 0x7d, 0x02, 0x71, 0xfd, 0x8f, 0x01, 0xf4, 0xfd, 0x8f, 0x7d, 0x7d, 0xfa, 0x7d, 0xfa, 0x7d, 
	0xfe, 0x89, 0x01, 0x77, 0x03, 0xe8, 0x7d, 0x7d, 0xfe, 0x89, 0xfa, 0x7d, 0x7d, 0x7d, 0x01, 0x77, 
	0x7d, 0x7d, 0x7d, 0x7d, 0x7d, 0x00, 0x00, 0x00, 0x00, 0x04, 0x00, 0x00, 0x00, 0x7d, 0x03, 0x6b, 
	0x03, 0xe8, 0x00, 0x03, 0x00, 0x07, 0x00, 0x15, 0x00, 0x19, 0x00, 0x60, 0x40, 0x5d, 0x00, 0x0b, 
	0x00, 0x08, 0x04, 0x0b, 0x08, 0x66, 0x07, 0x01, 0x05, 0x00, 0x04, 0x09, 0x05, 0x04, 0x65, 0x0e, 
	0x03, 0x0d, 0x03, 0x01, 0x01, 0x00, 0x5d, 0x02, 0x01, 0x00, 0x00, 0x1b, 0x4b, 0x00, 0x0c, 0x0c, 
	0x06, 0x5d, 0x00, 0x06, 0x06, 0x1d, 0x4b, 0x00, 0x09, 0x09, 0x0a, 0x5d, 0x0f, 0x01, 0x0a, 0x0a, 
	0x1c, 0x0a, 0x4c, 0x08, 0x08, 0x04, 0x04, 0x00, 0x00, 0x19, 0x18, 0x17, 0x16, 0x08, 0x15, 0x08, 
	0x15, 0x14, 0x13, 0x12, 0x11, 0x10, 0x0f, 0x0e, 0x0d, 0x0c, 0x0b, 0x0a, 0x09, 0x04, 0x07, 0x04, 
	0x07, 0x06, 0x05, 0x00, 0x03, 0x00, 0x03, 0x11, 0x10, 0x07, 0x15, 0x2b, 0x13, 0x35, 0x33, 0x15, 
	0x33, 0x35, 0x33, 0x15, 0x01, 0x35, 0x23, 0x11, 0x33, 0x35, 0x21, 0x15, 0x33, 0x15, 0x21, 0x15, 
	0x21, 0x15, 0x01, 0x21, 0x35, 0x21, 0x7d, 0xfa, 0x7d, 0xfa, 0xfd, 0x8f, 0x7d, 0x7d, 0x02, 0x71, 
	0x7d, 0xfd, 0x8f, 0x01, 0xf4, 0xfe, 0x0c, 0x01, 0x77, 0xfe, 0x89, 0x03, 0x6b, 0x7d, 0x7d, 0x7d, 
	0x7d, 0xfd, 0x12, 0x7d, 0x01, 0x77, 0x7d, 0x7d, 0xfa, 0x7d, 0x7d, 0x01, 0x77, 0x7d, 0x00, 0x00, 
	0x00, 0x01, 0x00, 0x00, 0x00, 0x7d, 0x03, 0x6b, 0x02, 0xee, 0x00, 0x1b, 0x00, 0x43, 0x40, 0x40, 
	0x05, 0x01, 0x03, 0x0c, 0x01, 0x0a, 0x00, 0x03, 0x0a, 0x65, 0x07, 0x01, 0x01, 0x01, 0x02, 0x5d, 
	0x06, 0x04, 0x02, 0x02, 0x02, 0x1d, 0x4b, 0x08, 0x01, 0x00, 0x00, 0x09, 0x5d, 0x0e, 0x0d, 0x0b, 
	0x03, 0x09, 0x09, 0x1c, 0x09, 0x4c, 0x00, 0x00, 0x00, 0x1b, 0x00, 0x1b, 0x1a, 0x19, 0x18, 0x17, 
	0x16, 0x15, 0x14, 0x13, 0x11, 0x11, 0x11, 0x11, 0x11, 0x11, 0x11, 0x11, 0x11, 0x0f, 0x07, 0x1d, 
	0x2b, 0x35, 0x35, 0x33, 0x35, 0x23, 0x35, 0x33, 0x15, 0x33, 0x35, 0x33, 0x15, 0x33, 0x35, 0x33, 
	0x15, 0x23, 0x15, 0x33, 0x15, 0x23, 0x35, 0x23, 0x15, 0x23, 0x35, 0x23, 0x15, 0x7d, 0x7d, 0xfa, 
	0x7d, 0x7d, 0x7d, 0xfa, 0x7d, 0x7d, 0xfa, 0x7d, 0x7d, 0x7d, 0x7d, 0xfa, 0x7d, 0xfa, 0xfa, 0xfa, 
	0xfa, 0xfa, 0xfa, 0x7d, 0xfa, 0xfa, 0xfa, 0xfa, 0xfa, 0x00, 0x00, 0x00, 0x00, 0x01, 0x00, 0x00, 
	0x00, 0x7d, 0x03, 0x6b, 0x02, 0xee, 0x00, 0x1b, 0x00, 0x4f, 0x40, 0x4c, 0x09, 0x01, 0x07, 0x0a, 
	0x01, 0x06, 0x04, 0x07, 0x06, 0x65, 0x00, 0x04, 0x00, 0x03, 0x01, 0x04, 0x03, 0x65, 0x0b, 0x01, 
	0x01, 0x0c, 0x01, 0x00, 0x02, 0x01, 0x00, 0x65, 0x00, 0x05, 0x05, 0x08, 0x5d, 0x00, 0x08, 0x08, 
	0x1d, 0x4b, 0x00, 0x02, 0x02, 0x0d, 0x5d, 0x0e, 0x01, 0x0d, 0x0d, 0x1c, 0x0d, 0x4c, 0x00, 0x00, 
	0x00, 0x1b, 0x00, 0x1b, 0x1a, 0x19, 0x18, 0x17, 0x16, 0x15, 0x14, 0x13, 0x11, 0x11, 0x11, 0x11, 
	0x11, 0x11, 0x11, 0x11, 0x11, 0x0f, 0x07, 0x1d, 0x2b, 0x37, 0x35, 0x23, 0x35, 0x33, 0x15, 0x21, 
	0x35, 0x23, 0x35, 0x33, 0x35, 0x21, 0x15, 0x23, 0x35, 0x33, 0x35, 0x21, 0x15, 0x33, 0x15, 0x23, 
	0x15, 0x33, 0x15, 0x23, 0x15, 0x7d, 0x7d, 0xfa, 0x01, 0x77, 0xfa, 0xfa, 0xfe, 0x89, 0xfa, 0x7d, 
	0x02, 0x71, 0x7d, 0x7d, 0x7d, 0x7d, 0x7d, 0x7d, 0x7d, 0x7d, 0x7d, 0x7d, 0x7d, 0x7d, 0x7d, 0x7d, 
	0x7d, 0x7d, 0x7d, 0x7d, 0x7d, 0x00, 0x00, 0x00, 0x00, 0x03, 0x00, 0x00, 0x00, 0x7d, 0x03, 0x6b, 
	0x02, 0xee, 0x00, 0x07, 0x00, 0x0f, 0x00, 0x13, 0x00, 0x3d, 0x40, 0x3a, 0x00, 0x06, 0x00, 0x05, 
	0x08, 0x06, 0x05, 0x65, 0x00, 0x08, 0x00, 0x09, 0x00, 0x08, 0x09, 0x65, 0x00, 0x00, 0x00, 0x01, 
	0x02, 0x00, 0x01, 0x65, 0x0a, 0x07, 0x02, 0x03, 0x03, 0x1d, 0x4b, 0x04, 0x01, 0x02, 0x02, 0x1c, 
	0x02, 0x4c, 0x08, 0x08, 0x13, 0x12, 0x11, 0x10, 0x08, 0x0f, 0x08, 0x0f, 0x11, 0x11, 0x12, 0x11, 
	0x11, 0x11, 0x10, 0x0b, 0x07, 0x1b, 0x2b, 0x13, 0x33, 0x15, 0x23, 0x15, 0x23, 0x11, 0x33, 0x21, 
	0x11, 0x23, 0x11, 0x23, 0x35, 0x33, 0x35, 0x07, 0x33, 0x15, 0x23, 0xfa, 0x7d, 0x7d, 0xfa, 0xfa, 
	0x02, 0x71, 0xfa, 0x7d, 0x7d, 0xfa, 0x7d, 0x7d, 0x01, 0x77, 0x7d, 0x7d, 0x02, 0x71, 0xfd, 0x8f, 
	0x01, 0x77, 0x7d, 0x7d, 0xfa, 0x7d, 0x00, 0x00, 0x00, 0x04, 0x00, 0x00, 0x00, 0x7d, 0x03, 0x6b, 
	0x03, 0xe8, 0x00, 0x03, 0x00, 0x0b, 0x00, 0x13, 0x00, 0x17, 0x00, 0x56, 0x40, 0x53, 0x00, 0x08, 
	0x00, 0x07, 0x0a, 0x08, 0x07, 0x65, 0x00, 0x0a, 0x00, 0x0b, 0x02, 0x0a, 0x0b, 0x65, 0x00, 0x02, 
	0x00, 0x03, 0x04, 0x02, 0x03, 0x65, 0x00, 0x00, 0x00, 0x01, 0x5d, 0x0c, 0x01, 0x01, 0x01, 0x1b, 
	0x4b, 0x0d, 0x09, 0x02, 0x05, 0x05, 0x1d, 0x4b, 0x06, 0x01, 0x04, 0x04, 0x1c, 0x04, 0x4c, 0x0c, 
	0x0c, 0x00, 0x00, 0x17, 0x16, 0x15, 0x14, 0x0c, 0x13, 0x0c, 0x13, 0x12, 0x11, 0x10, 0x0f, 0x0e, 
	0x0d, 0x0b, 0x0a, 0x09, 0x08, 0x07, 0x06, 0x05, 0x04, 0x00, 0x03, 0x00, 0x03, 0x11, 0x0e, 0x07, 
	0x15, 0x2b, 0x01, 0x15, 0x21, 0x35, 0x13, 0x33, 0x15, 0x23, 0x15, 0x23, 0x11, 0x33, 0x21, 0x11, 
	0x23, 0x11, 0x23, 0x35, 0x33, 0x35, 0x07, 0x33, 0x15, 0x23, 0x02, 0xee, 0xfd, 0x8f, 0x7d, 0x7d, 
	0x7d, 0xfa, 0xfa, 0x02, 0x71, 0xfa, 0x7d, 0x7d, 0xfa, 0x7d, 0x7d, 0x03, 0xe8, 0x7d, 0x7d, 0xfd, 
	0x8f, 0x7d, 0x7d, 0x02, 0x71, 0xfd, 0x8f, 0x01, 0x77, 0x7d, 0x7d, 0xfa, 0x7d, 0x00, 0x00, 0x00, 
	0x00, 0x05, 0x00, 0x00, 0x00, 0x7d, 0x03, 0x6b, 0x03, 0xe8, 0x00, 0x03, 0x00, 0x07, 0x00, 0x0f, 
	0x00, 0x17, 0x00, 0x1b, 0x00, 0x60, 0x40, 0x5d, 0x00, 0x02, 0x0e, 0x01, 0x03, 0x07, 0x02, 0x03, 
	0x65, 0x00, 0x0a, 0x00, 0x09, 0x0c, 0x0a, 0x09, 0x65, 0x00, 0x0c, 0x00, 0x0d, 0x04, 0x0c, 0x0d, 
	0x65, 0x00, 0x04, 0x00, 0x05, 0x06, 0x04, 0x05, 0x65, 0x00, 0x00, 0x00, 0x01, 0x5d, 0x00, 0x01, 
	0x01, 0x1b, 0x4b, 0x0f, 0x0b, 0x02, 0x07, 0x07, 0x1d, 0x4b, 0x08, 0x01, 0x06, 0x06, 0x1c, 0x06, 
	0x4c, 0x10, 0x10, 0x04, 0x04, 0x1b, 0x1a, 0x19, 0x18, 0x10, 0x17, 0x10, 0x17, 0x16, 0x15, 0x14, 
	0x13, 0x12, 0x11, 0x0f, 0x0e, 0x0d, 0x0c, 0x0b, 0x0a, 0x09, 0x08, 0x04, 0x07, 0x04, 0x07, 0x12, 
	0x11, 0x10, 0x10, 0x07, 0x17, 0x2b, 0x01, 0x23, 0x35, 0x33, 0x15, 0x35, 0x33, 0x15, 0x03, 0x33, 
	0x15, 0x23, 0x15, 0x23, 0x11, 0x33, 0x21, 0x11, 0x23, 0x11, 0x23, 0x35, 0x33, 0x35, 0x07, 0x33, 
	0x15, 0x23, 0x01, 0x77, 0x7d, 0x7d, 0x7d, 0xfa, 0x7d, 0x7d, 0xfa, 0xfa, 0x02, 0x71, 0xfa, 0x7d, 
	0x7d, 0xfa, 0x7d, 0x7d, 0x03, 0x6b, 0x7d, 0xfa, 0x7d, 0x7d, 0xfe, 0x89, 0x7d, 0x7d, 0x02, 0x71, 
	0xfd, 0x8f, 0x01, 0x77, 0x7d, 0x7d, 0xfa, 0x7d, 0x00, 0x02, 0x00, 0x00, 0x00, 0x7d, 0x03, 0x6b, 
	0x02, 0xee, 0x00, 0x0f, 0x00, 0x13, 0x00, 0x71, 0x4b, 0xb0, 0x0a, 0x50, 0x58, 0x40, 0x28, 0x00, 
	0x00, 0x08, 0x01, 0x01, 0x00, 0x70, 0x07, 0x01, 0x01, 0x00, 0x04, 0x02, 0x01, 0x04, 0x66, 0x00, 
	0x08, 0x08, 0x06, 0x5d, 0x0a, 0x09, 0x02, 0x06, 0x06, 0x1d, 0x4b, 0x00, 0x02, 0x02, 0x03, 0x5e, 
	0x05, 0x01, 0x03, 0x03, 0x1c, 0x03, 0x4c, 0x1b, 0x40, 0x29, 0x00, 0x00, 0x08, 0x01, 0x08, 0x00, 
	0x01, 0x7e, 0x07, 0x01, 0x01, 0x00, 0x04, 0x02, 0x01, 0x04, 0x66, 0x00, 0x08, 0x08, 0x06, 0x5d, 
	0x0a, 0x09, 0x02, 0x06, 0x06, 0x1d, 0x4b, 0x00, 0x02, 0x02, 0x03, 0x5e, 0x05, 0x01, 0x03, 0x03, 
	0x1c, 0x03, 0x4c, 0x59, 0x40, 0x12, 0x10, 0x10, 0x10, 0x13, 0x10, 0x13, 0x12, 0x11, 0x11, 0x11, 
	0x11, 0x11, 0x11, 0x11, 0x10, 0x0b, 0x07, 0x1d, 0x2b, 0x01, 0x33, 0x15, 0x33, 0x15, 0x33, 0x15, 
	0x23, 0x35, 0x21, 0x15, 0x23, 0x11, 0x33, 0x15, 0x33, 0x25, 0x15, 0x23, 0x35, 0x01, 0xf4, 0x7d, 
	0x7d, 0x7d, 0xfa, 0xfe, 0x89, 0xfa, 0xfa, 0xfa, 0x01, 0x77, 0xfa, 0x02, 0x71, 0x7d, 0x7d, 0xfa, 
	0xfa, 0xfa, 0x02, 0x71, 0xfa, 0xfa, 0x7d, 0x7d, 0x00, 0x04, 0x00, 0x00, 0x00, 0x7d, 0x03, 0x6b, 
	0x03, 0xe8, 0x00, 0x03, 0x00, 0x07, 0x00, 0x17, 0x00, 0x1b, 0x00, 0x9d, 0x4b, 0xb0, 0x0a, 0x50, 
	0x58, 0x40, 0x3a, 0x00, 0x04, 0x0c, 0x05, 0x05, 0x04, 0x70, 0x00, 0x03, 0x00, 0x02, 0x0a, 0x03, 
	0x02, 0x65, 0x0b, 0x01, 0x05, 0x00, 0x08, 0x06, 0x05, 0x08, 0x66, 0x00, 0x00, 0x00, 0x01, 0x5d, 
	0x00, 0x01, 0x01, 0x1b, 0x4b, 0x00, 0x0c, 0x0c, 0x0a, 0x5d, 0x0e, 0x0d, 0x02, 0x0a, 0x0a, 0x1d, 
	0x4b, 0x00, 0x06, 0x06, 0x07, 0x5e, 0x09, 0x01, 0x07, 0x07, 0x1c, 0x07, 0x4c, 0x1b, 0x40, 0x3b, 
	0x00, 0x04, 0x0c, 0x05, 0x0c, 0x04, 0x05, 0x7e, 0x00, 0x03, 0x00, 0x02, 0x0a, 0x03, 0x02, 0x65, 
	0x0b, 0x01, 0x05, 0x00, 0x08, 0x06, 0x05, 0x08, 0x66, 0x00, 0x00, 0x00, 0x01, 0x5d, 0x00, 0x01, 
	0x01, 0x1b, 0x4b, 0x00, 0x0c, 0x0c, 0x0a, 0x5d, 0x0e, 0x0d, 0x02, 0x0a, 0x0a, 0x1d, 0x4b, 0x00, 
	0x06, 0x06, 0x07, 0x5e, 0x09, 0x01, 0x07, 0x07, 0x1c, 0x07, 0x4c, 0x59, 0x40, 0x1a, 0x18, 0x18, 
	0x18, 0x1b, 0x18, 0x1b, 0x1a, 0x19, 0x17, 0x16, 0x15, 0x14, 0x13, 0x12, 0x11, 0x11, 0x11, 0x11, 
	0x11, 0x11, 0x11, 0x11, 0x10, 0x0f, 0x07, 0x1d, 0x2b, 0x01, 0x23, 0x35, 0x33, 0x07, 0x23, 0x35, 
	0x33, 0x15, 0x33, 0x15, 0x33, 0x15, 0x33, 0x15, 0x23, 0x35, 0x21, 0x15, 0x23, 0x11, 0x33, 0x15, 
	0x33, 0x25, 0x15, 0x23, 0x35, 0x02, 0x71, 0x7d, 0x7d, 0x7d, 0x7d, 0x7d, 0x7d, 0x7d, 0x7d, 0xfa, 
	0xfe, 0x89, 0xfa, 0xfa, 0xfa, 0x01, 0x77, 0xfa, 0x03, 0x6b, 0x7d, 0xfa, 0x7d, 0xfa, 0x7d, 0x7d, 
	0xfa, 0xfa, 0xfa, 0x02, 0x71, 0xfa, 0xfa, 0x7d, 0x7d, 0x00, 0x00, 0x00, 0x00, 0x01, 0x00, 0x00, 
	0x00, 0x7d, 0x03, 0x6b, 0x02, 0xee, 0x00, 0x0d, 0x00, 0x6a, 0x4b, 0xb0, 0x0a, 0x50, 0x58, 0x40, 
	0x26, 0x00, 0x05, 0x01, 0x04, 0x04, 0x05, 0x70, 0x00, 0x02, 0x04, 0x00, 0x04, 0x02, 0x00, 0x7e, 
	0x00, 0x01, 0x01, 0x06, 0x5d, 0x07, 0x01, 0x06, 0x06, 0x1d, 0x4b, 0x00, 0x04, 0x04, 0x00, 0x5e, 
	0x03, 0x01, 0x00, 0x00, 0x1c, 0x00, 0x4c, 0x1b, 0x40, 0x27, 0x00, 0x05, 0x01, 0x04, 0x01, 0x05, 
	0x04, 0x7e, 0x00, 0x02, 0x04, 0x00, 0x04, 0x02, 0x00, 0x7e, 0x00, 0x01, 0x01, 0x06, 0x5d, 0x07, 
	0x01, 0x06, 0x06, 0x1d, 0x4b, 0x00, 0x04, 0x04, 0x00, 0x5e, 0x03, 0x01, 0x00, 0x00, 0x1c, 0x00, 
	0x4c, 0x59, 0x40, 0x0f, 0x00, 0x00, 0x00, 0x0d, 0x00, 0x0d, 0x11, 0x11, 0x11, 0x11, 0x11, 0x11, 
	0x08, 0x07, 0x1a, 0x2b, 0x01, 0x11, 0x23, 0x11, 0x23, 0x11, 0x23, 0x15, 0x23, 0x35, 0x33, 0x35, 
	0x33, 0x35, 0x03, 0x6b, 0xfa, 0xfa, 0x7d, 0xfa, 0x7d, 0x7d, 0x02, 0xee, 0xfd, 0x8f, 0x01, 0xf4, 
	0xfe, 0x89, 0x7d, 0xfa, 0x7d, 0xfa, 0x00, 0x00, 0x00, 0x03, 0x00, 0x00, 0x00, 0x7d, 0x03, 0x6b, 
	0x02, 0xee, 0x00, 0x07, 0x00, 0x0f, 0x00, 0x13, 0x00, 0x40, 0x40, 0x3d, 0x06, 0x0a, 0x02, 0x03, 
	0x05, 0x01, 0x00, 0x08, 0x03, 0x00, 0x65, 0x00, 0x08, 0x00, 0x09, 0x01, 0x08, 0x09, 0x65, 0x0b, 
	0x07, 0x02, 0x02, 0x02, 0x1d, 0x4b, 0x04, 0x01, 0x01, 0x01, 0x1c, 0x01, 0x4c, 0x08, 0x08, 0x00, 
	0x00, 0x13, 0x12, 0x11, 0x10, 0x08, 0x0f, 0x08, 0x0f, 0x0e, 0x0d, 0x0c, 0x0b, 0x0a, 0x09, 0x00, 
	0x07, 0x00, 0x07, 0x11, 0x11, 0x11, 0x0c, 0x07, 0x17, 0x2b, 0x01, 0x15, 0x23, 0x11, 0x23, 0x11, 
	0x33, 0x15, 0x25, 0x11, 0x23, 0x11, 0x23, 0x35, 0x33, 0x35, 0x07, 0x33, 0x15, 0x23, 0x01, 0x77, 
	0x7d, 0xfa, 0xfa, 0x02, 0x71, 0xfa, 0x7d, 0x7d, 0xfa, 0x7d, 0x7d, 0x02, 0x71, 0x7d, 0xfe, 0x89, 
	0x02, 0x71, 0x7d, 0x7d, 0xfd, 0x8f, 0x01, 0x77, 0x7d, 0x7d, 0xfa, 0xfa, 0x00, 0x01, 0x00, 0x00, 
	0x00, 0x7d, 0x03, 0x6b, 0x02, 0xee, 0x00, 0x0b, 0x00, 0x27, 0x40, 0x24, 0x00, 0x01, 0x00, 0x04, 
	0x03, 0x01, 0x04, 0x65, 0x02, 0x01, 0x00, 0x00, 0x1d, 0x4b, 0x06, 0x05, 0x02, 0x03, 0x03, 0x1c, 
	0x03, 0x4c, 0x00, 0x00, 0x00, 0x0b, 0x00, 0x0b, 0x11, 0x11, 0x11, 0x11, 0x11, 0x07, 0x07, 0x19, 
	0x2b, 0x35, 0x11, 0x33, 0x15, 0x21, 0x35, 0x33, 0x11, 0x23, 0x35, 0x21, 0x15, 0xfa, 0x01, 0x77, 
	0xfa, 0xfa, 0xfe, 0x89, 0x7d, 0x02, 0x71, 0xfa, 0xfa, 0xfd, 0x8f, 0xfa, 0xfa, 0x00, 0x00, 0x00, 
	0x00, 0x02, 0x00, 0x00, 0x00, 0x7d, 0x03, 0x6b, 0x02, 0xee, 0x00, 0x0b, 0x00, 0x0f, 0x00, 0x35, 
	0x40, 0x32, 0x03, 0x01, 0x01, 0x04, 0x01, 0x00, 0x06, 0x01, 0x00, 0x65, 0x00, 0x07, 0x07, 0x02, 
	0x5d, 0x00, 0x02, 0x02, 0x1d, 0x4b, 0x00, 0x06, 0x06, 0x05, 0x5d, 0x08, 0x01, 0x05, 0x05, 0x1c, 
	0x05, 0x4c, 0x00, 0x00, 0x0f, 0x0e, 0x0d, 0x0c, 0x00, 0x0b, 0x00, 0x0b, 0x11, 0x11, 0x11, 0x11, 
	0x11, 0x09, 0x07, 0x19, 0x2b, 0x37, 0x35, 0x23, 0x11, 0x33, 0x35, 0x21, 0x15, 0x33, 0x11, 0x23, 
	0x15, 0x25, 0x21, 0x11, 0x21, 0x7d, 0x7d, 0x7d, 0x02, 0x71, 0x7d, 0x7d, 0xfe, 0x0c, 0x01, 0x77, 
	0xfe, 0x89, 0x7d, 0x7d, 0x01, 0x77, 0x7d, 0x7d, 0xfe, 0x89, 0x7d, 0x7d, 0x01, 0x77, 0x00, 0x00, 
	0x00, 0x01, 0x00, 0x00, 0x00, 0x7d, 0x03, 0x6b, 0x02, 0xee, 0x00, 0x07, 0x00, 0x21, 0x40, 0x1e, 
	0x00, 0x02, 0x02, 0x00, 0x5d, 0x00, 0x00, 0x00, 0x1d, 0x4b, 0x04, 0x03, 0x02, 0x01, 0x01, 0x1c, 
	0x01, 0x4c, 0x00, 0x00, 0x00, 0x07, 0x00, 0x07, 0x11, 0x11, 0x11, 0x05, 0x07, 0x17, 0x2b, 0x35, 
	0x11, 0x21, 0x11, 0x23, 0x11, 0x21, 0x11, 0x03, 0x6b, 0xfa, 0xfe, 0x89, 0x7d, 0x02, 0x71, 0xfd, 
	0x8f, 0x01, 0xf4, 0xfe, 0x0c, 0x00, 0x00, 0x00, 0x00, 0x01, 0x00, 0x00, 0x00, 0x00, 0x03, 0x6b, 
	0x02, 0xee, 0x00, 0x13, 0x00, 0x40, 0x40, 0x3d, 0x00, 0x05, 0x00, 0x04, 0x05, 0x55, 0x0a, 0x09, 
	0x02, 0x04, 0x00, 0x00, 0x06, 0x04, 0x00, 0x65, 0x00, 0x07, 0x07, 0x03, 0x5d, 0x08, 0x01, 0x03, 
	0x03, 0x1d, 0x4b, 0x00, 0x06, 0x06, 0x01, 0x5d, 0x00, 0x01, 0x01, 0x1c, 0x4b, 0x00, 0x02, 0x02, 
	0x1f, 0x02, 0x4c, 0x00, 0x00, 0x00, 0x13, 0x00, 0x13, 0x11, 0x11, 0x11, 0x11, 0x11, 0x11, 0x11, 
	0x11, 0x11, 0x0b, 0x07, 0x1d, 0x2b, 0x01, 0x11, 0x23, 0x15, 0x21, 0x15, 0x23, 0x11, 0x33, 0x15, 
	0x33, 0x15, 0x23, 0x15, 0x21, 0x11, 0x23, 0x35, 0x21, 0x15, 0x03, 0x6b, 0x7d, 0xfe, 0x0c, 0xfa, 
	0xfa, 0x7d, 0x7d, 0x01, 0x77, 0xfa, 0x01, 0x77, 0x02, 0x71, 0xfe, 0x89, 0x7d, 0x7d, 0x02, 0xee, 
	0x7d, 0x7d, 0xfa, 0x01, 0x77, 0x7d, 0x7d, 0x00, 0x00, 0x01, 0x00, 0x00, 0x00, 0x7d, 0x03, 0x6b, 
	0x02, 0xee, 0x00, 0x13, 0x00, 0x3d, 0x40, 0x3a, 0x03, 0x01, 0x01, 0x00, 0x04, 0x07, 0x01, 0x04, 
	0x65, 0x00, 0x07, 0x08, 0x01, 0x00, 0x06, 0x07, 0x00, 0x65, 0x00, 0x05, 0x05, 0x02, 0x5d, 0x00, 
	0x02, 0x02, 0x1d, 0x4b, 0x00, 0x06, 0x06, 0x09, 0x5d, 0x0a, 0x01, 0x09, 0x09, 0x1c, 0x09, 0x4c, 
	0x00, 0x00, 0x00, 0x13, 0x00, 0x13, 0x11, 0x11, 0x11, 0x11, 0x11, 0x11, 0x11, 0x11, 0x11, 0x0b, 
	0x07, 0x1d, 0x2b, 0x37, 0x35, 0x23, 0x11, 0x33, 0x35, 0x21, 0x15, 0x33, 0x15, 0x23, 0x35, 0x21, 
	0x11, 0x21, 0x35, 0x33, 0x15, 0x23, 0x15, 0x7d, 0x7d, 0x7d, 0x02, 0x71, 0x7d, 0xfa, 0xfe, 0x89, 
	0x01, 0x77, 0xfa, 0x7d, 0x7d, 0x7d, 0x01, 0x77, 0x7d, 0x7d, 0x7d, 0x7d, 0xfe, 0x89, 0x7d, 0x7d, 
	0x7d, 0x00, 0x00, 0x00, 0x00, 0x01, 0x00, 0x7d, 0x00, 0x7d, 0x03, 0x6b, 0x02, 0xee, 0x00, 0x07, 
	0x00, 0x21, 0x40, 0x1e, 0x02, 0x01, 0x00, 0x00, 0x01, 0x5d, 0x00, 0x01, 0x01, 0x1d, 0x4b, 0x04, 
	0x01, 0x03, 0x03, 0x1c, 0x03, 0x4c, 0x00, 0x00, 0x00, 0x07, 0x00, 0x07, 0x11, 0x11, 0x11, 0x05, 
	0x07, 0x17, 0x2b, 0x25, 0x11, 0x23, 0x35, 0x21, 0x15, 0x23, 0x11, 0x01, 0x77, 0xfa, 0x02, 0xee, 
	0xfa, 0x7d, 0x01, 0xf4, 0x7d, 0x7d, 0xfe, 0x0c, 0x00, 0x01, 0x00, 0x00, 0x00, 0x00, 0x03, 0x6b, 
	0x02, 0xee, 0x00, 0x0f, 0x00, 0x37, 0x40, 0x34, 0x00, 0x04, 0x00, 0x01, 0x06, 0x04, 0x01, 0x65, 
	0x00, 0x02, 0x02, 0x03, 0x5d, 0x05, 0x01, 0x03, 0x03, 0x1d, 0x4b, 0x00, 0x06, 0x06, 0x1c, 0x4b, 
	0x00, 0x00, 0x00, 0x07, 0x5d, 0x08, 0x01, 0x07, 0x07, 0x1f, 0x07, 0x4c, 0x00, 0x00, 0x00, 0x0f, 
	0x00, 0x0f, 0x11, 0x11, 0x11, 0x11, 0x11, 0x11, 0x11, 0x09, 0x07, 0x1b, 0x2b, 0x33, 0x35, 0x21, 
	0x35, 0x21, 0x35, 0x23, 0x11, 0x33, 0x11, 0x21, 0x11, 0x33, 0x11, 0x23, 0x15, 0x7d, 0x01, 0xf4, 
	0xfe, 0x0c, 0x7d, 0xfa, 0x01, 0x77, 0xfa, 0x7d, 0x7d, 0x7d, 0x7d, 0x01, 0x77, 0xfe, 0x89, 0x01, 
	0x77, 0xfd, 0x8f, 0x7d, 0x00, 0x02, 0x00, 0x00, 0x00, 0x00, 0x03, 0x6b, 0x03, 0xe8, 0x00, 0x03, 
	0x00, 0x13, 0x00, 0x50, 0x40, 0x4d, 0x00, 0x06, 0x00, 0x03, 0x08, 0x06, 0x03, 0x65, 0x0a, 0x01, 
	0x01, 0x01, 0x00, 0x5d, 0x00, 0x00, 0x00, 0x1b, 0x4b, 0x00, 0x04, 0x04, 0x05, 0x5d, 0x07, 0x01, 
	0x05, 0x05, 0x1d, 0x4b, 0x00, 0x08, 0x08, 0x1c, 0x4b, 0x00, 0x02, 0x02, 0x09, 0x5d, 0x0b, 0x01, 
	0x09, 0x09, 0x1f, 0x09, 0x4c, 0x04, 0x04, 0x00, 0x00, 0x04, 0x13, 0x04, 0x13, 0x12, 0x11, 0x10, 
	0x0f, 0x0e, 0x0d, 0x0c, 0x0b, 0x0a, 0x09, 0x08, 0x07, 0x06, 0x05, 0x00, 0x03, 0x00, 0x03, 0x11, 
	0x0c, 0x07, 0x15, 0x2b, 0x13, 0x35, 0x21, 0x15, 0x01, 0x35, 0x21, 0x35, 0x21, 0x35, 0x23, 0x11, 
	0x33, 0x11, 0x21, 0x11, 0x33, 0x11, 0x23, 0x15, 0x7d, 0x02, 0x71, 0xfd, 0x8f, 0x01, 0xf4, 0xfe, 
	0x0c, 0x7d, 0xfa, 0x01, 0x77, 0xfa, 0x7d, 0x03, 0x6b, 0x7d, 0x7d, 0xfc, 0x95, 0x7d, 0x7d, 0x7d, 
	0x01, 0x77, 0xfe, 0x89, 0x01, 0x77, 0xfd, 0x8f, 0x7d, 0x00, 0x00, 0x00, 0x00, 0x03, 0x00, 0x00, 
	0x00, 0x00, 0x03, 0x6b, 0x03, 0x6b, 0x00, 0x13, 0x00, 0x17, 0x00, 0x1b, 0x00, 0x4b, 0x40, 0x48, 
	0x06, 0x01, 0x02, 0x07, 0x01, 0x01, 0x0a, 0x02, 0x01, 0x65, 0x0d, 0x01, 0x0b, 0x0b, 0x03, 0x5d, 
	0x05, 0x01, 0x03, 0x03, 0x1d, 0x4b, 0x0c, 0x01, 0x0a, 0x0a, 0x00, 0x5d, 0x08, 0x01, 0x00, 0x00, 
	0x1c, 0x4b, 0x00, 0x04, 0x04, 0x09, 0x5d, 0x0e, 0x01, 0x09, 0x09, 0x1f, 0x09, 0x4c, 0x00, 0x00, 
	0x1b, 0x1a, 0x19, 0x18, 0x17, 0x16, 0x15, 0x14, 0x00, 0x13, 0x00, 0x13, 0x11, 0x11, 0x11, 0x11, 
	0x11, 0x11, 0x11, 0x11, 0x11, 0x0f, 0x07, 0x1d, 0x2b, 0x21, 0x35, 0x23, 0x35, 0x23, 0x11, 0x33, 
	0x35, 0x33, 0x35, 0x33, 0x15, 0x33, 0x15, 0x33, 0x11, 0x23, 0x15, 0x23, 0x15, 0x27, 0x33, 0x11, 
	0x23, 0x13, 0x33, 0x11, 0x23, 0x01, 0x77, 0xfa, 0x7d, 0x7d, 0xfa, 0x7d, 0xfa, 0x7d, 0x7d, 0xfa, 
	0xfa, 0x7d, 0x7d, 0xfa, 0x7d, 0x7d, 0x7d, 0x7d, 0x01, 0x77, 0x7d, 0x7d, 0x7d, 0x7d, 0xfe, 0x89, 
	0x7d, 0x7d, 0xfa, 0x01, 0x77, 0xfe, 0x89, 0x01, 0x77, 0x00, 0x00, 0x00, 0x00, 0x01, 0x00, 0x00, 
	0x00, 0x7d, 0x03, 0x6b, 0x02, 0xee, 0x00, 0x23, 0x00, 0xaa, 0x4b, 0xb0, 0x0a, 0x50, 0x58, 0x40, 
	0x3c, 0x0a, 0x01, 0x02, 0x05, 0x06, 0x03, 0x02, 0x70, 0x0b, 0x01, 0x01, 0x0f, 0x0e, 0x00, 0x01, 
	0x70, 0x00, 0x06, 0x00, 0x0f, 0x01, 0x06, 0x0f, 0x65, 0x07, 0x01, 0x05, 0x10, 0x01, 0x0e, 0x00, 
	0x05, 0x0e, 0x65, 0x09, 0x01, 0x03, 0x03, 0x04, 0x5d, 0x08, 0x01, 0x04, 0x04, 0x1d, 0x4b, 0x0c, 
	0x01, 0x00, 0x00, 0x0d, 0x5e, 0x12, 0x11, 0x02, 0x0d, 0x0d, 0x1c, 0x0d, 0x4c, 0x1b, 0x40, 0x3e, 
	0x0a, 0x01, 0x02, 0x05, 0x06, 0x05, 0x02, 0x06, 0x7e, 0x0b, 0x01, 0x01, 0x0f, 0x0e, 0x0f, 0x01, 
	0x0e, 0x7e, 0x00, 0x06, 0x00, 0x0f, 0x01, 0x06, 0x0f, 0x65, 0x07, 0x01, 0x05, 0x10, 0x01, 0x0e, 
	0x00, 0x05, 0x0e, 0x65, 0x09, 0x01, 0x03, 0x03, 0x04, 0x5d, 0x08, 0x01, 0x04, 0x04, 0x1d, 0x4b, 
	0x0c, 0x01, 0x00, 0x00, 0x0d, 0x5e, 0x12, 0x11, 0x02, 0x0d, 0x0d, 0x1c, 0x0d, 0x4c, 0x59, 0x40, 
	0x22, 0x00, 0x00, 0x00, 0x23, 0x00, 0x23, 0x22, 0x21, 0x20, 0x1f, 0x1e, 0x1d, 0x1c, 0x1b, 0x1a, 
	0x19, 0x18, 0x17, 0x16, 0x15, 0x14, 0x13, 0x11, 0x11, 0x11, 0x11, 0x11, 0x11, 0x11, 0x11, 0x11, 
	0x13, 0x07, 0x1d, 0x2b, 0x35, 0x35, 0x33, 0x35, 0x33, 0x35, 0x23, 0x35, 0x23, 0x35, 0x33, 0x15, 
	0x33, 0x15, 0x33, 0x35, 0x33, 0x35, 0x33, 0x15, 0x23, 0x15, 0x23, 0x15, 0x33, 0x15, 0x33, 0x15, 
	0x23, 0x35, 0x23, 0x35, 0x23, 0x15, 0x23, 0x15, 0x7d, 0x7d, 0x7d, 0x7d, 0xfa, 0x7d, 0x7d, 0x7d, 
	0xfa, 0x7d, 0x7d, 0x7d, 0x7d, 0xfa, 0x7d, 0x7d, 0x7d, 0x7d, 0x7d, 0x7d, 0x7d, 0x7d, 0x7d, 0x7d, 
	0x7d, 0x7d, 0x7d, 0x7d, 0x7d, 0x7d, 0x7d, 0x7d, 0x7d, 0x7d, 0x7d, 0x7d, 0x00, 0x01, 0x00, 0x00, 
	0x00, 0x7d, 0x03, 0x6b, 0x02, 0xee, 0x00, 0x0b, 0x00, 0x2b, 0x40, 0x28, 0x00, 0x03, 0x00, 0x00, 
	0x05, 0x03, 0x00, 0x65, 0x00, 0x01, 0x01, 0x02, 0x5d, 0x04, 0x01, 0x02, 0x02, 0x1d, 0x4b, 0x06, 
	0x01, 0x05, 0x05, 0x1c, 0x05, 0x4c, 0x00, 0x00, 0x00, 0x0b, 0x00, 0x0b, 0x11, 0x11, 0x11, 0x11, 
	0x11, 0x07, 0x07, 0x19, 0x2b, 0x25, 0x35, 0x21, 0x35, 0x23, 0x35, 0x33, 0x15, 0x21, 0x35, 0x33, 
	0x11, 0x02, 0x71, 0xfe, 0x0c, 0x7d, 0xfa, 0x01, 0x77, 0xfa, 0x7d, 0xfa, 0x7d, 0xfa, 0xfa, 0xfa, 
	0xfd, 0x8f, 0x00, 0x00, 0x00, 0x01, 0x00, 0x00, 0x00, 0x00, 0x03, 0x6b, 0x02, 0xee, 0x00, 0x0b, 
	0x00, 0x2f, 0x40, 0x2c, 0x03, 0x01, 0x01, 0x01, 0x1d, 0x4b, 0x04, 0x01, 0x02, 0x02, 0x00, 0x5e, 
	0x00, 0x00, 0x00, 0x1c, 0x4b, 0x04, 0x01, 0x02, 0x02, 0x05, 0x5e, 0x06, 0x01, 0x05, 0x05, 0x1f, 
	0x05, 0x4c, 0x00, 0x00, 0x00, 0x0b, 0x00, 0x0b, 0x11, 0x11, 0x11, 0x11, 0x11, 0x07, 0x07, 0x19, 
	0x2b, 0x21, 0x35, 0x21, 0x11, 0x33, 0x11, 0x33, 0x11, 0x33, 0x11, 0x33, 0x15, 0x02, 0x71, 0xfd, 
	0x8f, 0xfa, 0xfa, 0xfa, 0x7d, 0x7d, 0x02, 0x71, 0xfe, 0x0c, 0x01, 0xf4, 0xfe, 0x0c, 0xfa, 0x00, 
	0x00, 0x01, 0x00, 0x00, 0x00, 0x7d, 0x03, 0x6b, 0x02, 0xee, 0x00, 0x0b, 0x00, 0x25, 0x40, 0x22, 
	0x04, 0x02, 0x02, 0x00, 0x00, 0x1d, 0x4b, 0x03, 0x01, 0x01, 0x01, 0x05, 0x5e, 0x06, 0x01, 0x05, 
	0x05, 0x1c, 0x05, 0x4c, 0x00, 0x00, 0x00, 0x0b, 0x00, 0x0b, 0x11, 0x11, 0x11, 0x11, 0x11, 0x07, 
	0x07, 0x19, 0x2b, 0x35, 0x11, 0x33, 0x11, 0x33, 0x11, 0x33, 0x11, 0x33, 0x11, 0x33, 0x11, 0xfa, 
	0x7d, 0x7d, 0x7d, 0xfa, 0x7d, 0x02, 0x71, 0xfe, 0x0c, 0x01, 0xf4, 0xfe, 0x0c, 0x01, 0xf4, 0xfd, 
	0x8f, 0x00, 0x00, 0x00, 0x00, 0x01, 0x00, 0x00, 0x00, 0x00, 0x03, 0xe8, 0x02, 0xee, 0x00, 0x0f, 
	0x00, 0x34, 0x40, 0x31, 0x05, 0x03, 0x02, 0x01, 0x01, 0x1d, 0x4b, 0x06, 0x04, 0x02, 0x02, 0x02, 
	0x00, 0x5e, 0x00, 0x00, 0x00, 0x1c, 0x4b, 0x06, 0x04, 0x02, 0x02, 0x02, 0x07, 0x5e, 0x08, 0x01, 
	0x07, 0x07, 0x1f, 0x07, 0x4c, 0x00, 0x00, 0x00, 0x0f, 0x00, 0x0f, 0x11, 0x11, 0x11, 0x11, 0x11, 
	0x11, 0x11, 0x09, 0x07, 0x1b, 0x2b, 0x21, 0x35, 0x21, 0x11, 0x33, 0x11, 0x33, 0x11, 0x33, 0x11, 
	0x33, 0x11, 0x33, 0x11, 0x33, 0x15, 0x02, 0xee, 0xfd, 0x12, 0xfa, 0x7d, 0x7d, 0x7d, 0xfa, 0x7d, 
	0x7d, 0x02, 0x71, 0xfe, 0x0c, 0x01, 0xf4, 0xfe, 0x0c, 0x01, 0xf4, 0xfe, 0x0c, 0xfa, 0x00, 0x00, 
	0x00, 0x01, 0x00, 0x00, 0x00, 0x00, 0x03, 0x6b, 0x02, 0xee, 0x00, 0x0b, 0x00, 0x29, 0x40, 0x26, 
	0x03, 0x01, 0x01, 0x01, 0x1d, 0x4b, 0x00, 0x02, 0x02, 0x00, 0x5e, 0x04, 0x01, 0x00, 0x00, 0x1c, 
	0x4b, 0x06, 0x01, 0x05, 0x05, 0x1f, 0x05, 0x4c, 0x00, 0x00, 0x00, 0x0b, 0x00, 0x0b, 0x11, 0x11, 
	0x11, 0x11, 0x11, 0x07, 0x07, 0x19, 0x2b, 0x21, 0x35, 0x21, 0x11, 0x33, 0x11, 0x21, 0x11, 0x33, 
	0x11, 0x21, 0x15, 0x01, 0x77, 0xfe, 0x89, 0xfa, 0x01, 0x77, 0xfa, 0xfe, 0x89, 0x7d, 0x02, 0x71, 
	0xfe, 0x0c, 0x01, 0xf4, 0xfd, 0x8f, 0x7d, 0x00, 0x00, 0x02, 0x00, 0x00, 0x00, 0x7d, 0x03, 0x6b, 
	0x02, 0xee, 0x00, 0x09, 0x00, 0x0d, 0x00, 0x35, 0x40, 0x32, 0x00, 0x01, 0x00, 0x06, 0x02, 0x01, 
	0x06, 0x65, 0x00, 0x02, 0x00, 0x03, 0x05, 0x02, 0x03, 0x65, 0x00, 0x00, 0x00, 0x1d, 0x4b, 0x00, 
	0x05, 0x05, 0x04, 0x5e, 0x07, 0x01, 0x04, 0x04, 0x1c, 0x04, 0x4c, 0x00, 0x00, 0x0d, 0x0c, 0x0b, 
	0x0a, 0x00, 0x09, 0x00, 0x09, 0x11, 0x11, 0x11, 0x11, 0x08, 0x07, 0x18, 0x2b, 0x35, 0x11, 0x33, 
	0x15, 0x21, 0x15, 0x33, 0x15, 0x23, 0x15, 0x25, 0x21, 0x35, 0x21, 0xfa, 0x01, 0xf4, 0x7d, 0x7d, 
	0xfe, 0x0c, 0x01, 0x77, 0xfe, 0x89, 0x7d, 0x02, 0x71, 0xfa, 0x7d, 0x7d, 0x7d, 0x7d, 0x7d, 0x00, 
	0x00, 0x02, 0x00, 0x00, 0x00, 0x7d, 0x03, 0x6b, 0x02, 0xee, 0x00, 0x0b, 0x00, 0x0f, 0x00, 0x3b, 
	0x40, 0x38, 0x00, 0x02, 0x00, 0x07, 0x03, 0x02, 0x07, 0x65, 0x00, 0x03, 0x00, 0x04, 0x06, 0x03, 
	0x04, 0x65, 0x00, 0x00, 0x00, 0x01, 0x5d, 0x00, 0x01, 0x01, 0x1d, 0x4b, 0x00, 0x06, 0x06, 0x05, 
	0x5d, 0x08, 0x01, 0x05, 0x05, 0x1c, 0x05, 0x4c, 0x00, 0x00, 0x0f, 0x0e, 0x0d, 0x0c, 0x00, 0x0b, 
	0x00, 0x0b, 0x11, 0x11, 0x11, 0x11, 0x11, 0x09, 0x07, 0x19, 0x2b, 0x37, 0x11, 0x23, 0x35, 0x21, 
	0x15, 0x21, 0x15, 0x33, 0x15, 0x23, 0x15, 0x25, 0x33, 0x35, 0x23, 0x7d, 0x7d, 0x01, 0x77, 0x01, 
	0x77, 0x7d, 0x7d, 0xfe, 0x89, 0xfa, 0xfa, 0x7d, 0x01, 0xf4, 0x7d, 0xfa, 0x7d, 0x7d, 0x7d, 0x7d, 
	0x7d, 0x00, 0x00, 0x00, 0x00, 0x03, 0x00, 0x00, 0x00, 0x7d, 0x03, 0x6b, 0x02, 0xee, 0x00, 0x05, 
	0x00, 0x09, 0x00, 0x0d, 0x00, 0x36, 0x40, 0x33, 0x00, 0x01, 0x00, 0x06, 0x05, 0x01, 0x06, 0x65, 
	0x03, 0x01, 0x00, 0x00, 0x1d, 0x4b, 0x00, 0x05, 0x05, 0x02, 0x5e, 0x08, 0x04, 0x07, 0x03, 0x02, 
	0x02, 0x1c, 0x02, 0x4c, 0x06, 0x06, 0x00, 0x00, 0x0d, 0x0c, 0x0b, 0x0a, 0x06, 0x09, 0x06, 0x09, 
	0x08, 0x07, 0x00, 0x05, 0x00, 0x05, 0x11, 0x11, 0x09, 0x07, 0x16, 0x2b, 0x35, 0x11, 0x33, 0x15, 
	0x33, 0x11, 0x33, 0x11, 0x33, 0x11, 0x25, 0x33, 0x35, 0x23, 0xfa, 0xfa, 0x7d, 0xfa, 0xfd, 0x8f, 
	0x7d, 0x7d, 0x7d, 0x02, 0x71, 0xfa, 0xfe, 0x89, 0x02, 0x71, 0xfd, 0x8f, 0x7d, 0x7d, 0x00, 0x00, 
	0x00, 0x02, 0x00, 0x00, 0x00, 0x7d, 0x03, 0x6b, 0x02, 0xee, 0x00, 0x0b, 0x00, 0x0f, 0x00, 0x40, 
	0x40, 0x3d, 0x00, 0x02, 0x00, 0x07, 0x00, 0x02, 0x07, 0x65, 0x00, 0x04, 0x04, 0x01, 0x5d, 0x00, 
	0x01, 0x01, 0x1d, 0x4b, 0x00, 0x00, 0x00, 0x03, 0x5d, 0x08, 0x05, 0x02, 0x03, 0x03, 0x1c, 0x4b, 
	0x00, 0x06, 0x06, 0x03, 0x5d, 0x08, 0x05, 0x02, 0x03, 0x03, 0x1c, 0x03, 0x4c, 0x00, 0x00, 0x0f, 
	0x0e, 0x0d, 0x0c, 0x00, 0x0b, 0x00, 0x0b, 0x11, 0x11, 0x11, 0x11, 0x11, 0x09, 0x07, 0x19, 0x2b, 
	0x35, 0x35, 0x33, 0x11, 0x21, 0x15, 0x33, 0x11, 0x21, 0x11, 0x23, 0x11, 0x25, 0x33, 0x35, 0x23, 
	0x7d, 0x01, 0xf4, 0xfa, 0xfe, 0x0c, 0x7d, 0x01, 0x77, 0x7d, 0x7d, 0x7d, 0xfa, 0x01, 0x77, 0x7d, 
	0xfe, 0x0c, 0x01, 0xf4, 0xfe, 0x0c, 0x7d, 0xfa, 0x00, 0x02, 0x00, 0x00, 0x00, 0x7d, 0x03, 0x6b, 
	0x02, 0xee, 0x00, 0x0d, 0x00, 0x11, 0x00, 0x39, 0x40, 0x36, 0x00, 0x03, 0x00, 0x08, 0x01, 0x03, 
	0x08, 0x65, 0x00, 0x01, 0x00, 0x05, 0x07, 0x01, 0x05, 0x65, 0x02, 0x01, 0x00, 0x00, 0x1d, 0x4b, 
	0x00, 0x07, 0x07, 0x04, 0x5e, 0x09, 0x06, 0x02, 0x04, 0x04, 0x1c, 0x04, 0x4c, 0x00, 0x00, 0x11, 
	0x10, 0x0f, 0x0e, 0x00, 0x0d, 0x00, 0x0d, 0x11, 0x11, 0x11, 0x11, 0x11, 0x11, 0x0a, 0x07, 0x1a, 
	0x2b, 0x35, 0x11, 0x33, 0x15, 0x33, 0x35, 0x33, 0x15, 0x33, 0x11, 0x21, 0x35, 0x23, 0x15, 0x25, 
	0x33, 0x35, 0x23, 0xfa, 0x7d, 0xfa, 0xfa, 0xfe, 0x0c, 0x7d, 0x01, 0x77, 0x7d, 0x7d, 0x7d, 0x02, 
	0x71, 0xfa, 0xfa, 0x7d, 0xfe, 0x0c, 0xfa, 0xfa, 0x7d, 0xfa, 0x00, 0x00, 0x00, 0x01, 0x00, 0x00, 
	0x00, 0x7d, 0x03, 0x6b, 0x02, 0xee, 0x00, 0x13, 0x00, 0x43, 0x40, 0x40, 0x00, 0x03, 0x00, 0x02, 
	0x06, 0x03, 0x02, 0x65, 0x00, 0x06, 0x00, 0x01, 0x07, 0x06, 0x01, 0x65, 0x00, 0x07, 0x00, 0x08, 
	0x00, 0x07, 0x08, 0x65, 0x00, 0x05, 0x05, 0x04, 0x5d, 0x00, 0x04, 0x04, 0x1d, 0x4b, 0x00, 0x00, 
	0x00, 0x09, 0x5d, 0x0a, 0x01, 0x09, 0x09, 0x1c, 0x09, 0x4c, 0x00, 0x00, 0x00, 0x13, 0x00, 0x13, 
	0x11, 0x11, 0x11, 0x11, 0x11, 0x11, 0x11, 0x11, 0x11, 0x0b, 0x07, 0x1d, 0x2b, 0x35, 0x35, 0x21, 
	0x35, 0x21, 0x35, 0x23, 0x35, 0x33, 0x35, 0x21, 0x15, 0x21, 0x15, 0x21, 0x15, 0x33, 0x15, 0x23, 
	0x15, 0x02, 0x71, 0xfe, 0x0c, 0x7d, 0x7d, 0x02, 0x71, 0xfe, 0x0c, 0x01, 0xf4, 0x7d, 0x7d, 0x7d, 
	0x7d, 0x7d, 0x7d, 0x7d, 0x7d, 0x7d, 0x7d, 0x7d, 0x7d, 0x7d, 0x00, 0x00, 0x00, 0x01, 0x00, 0x00, 
	0x00, 0x7d, 0x03, 0x6b, 0x02, 0xee, 0x00, 0x17, 0x00, 0x49, 0x40, 0x46, 0x03, 0x01, 0x01, 0x00, 
	0x04, 0x06, 0x01, 0x04, 0x65, 0x00, 0x06, 0x00, 0x07, 0x09, 0x06, 0x07, 0x65, 0x00, 0x09, 0x0a, 
	0x01, 0x00, 0x08, 0x09, 0x00, 0x65, 0x00, 0x05, 0x05, 0x02, 0x5d, 0x00, 0x02, 0x02, 0x1d, 0x4b, 
	0x00, 0x08, 0x08, 0x0b, 0x5d, 0x0c, 0x01, 0x0b, 0x0b, 0x1c, 0x0b, 0x4c, 0x00, 0x00, 0x00, 0x17, 
	0x00, 0x17, 0x16, 0x15, 0x14, 0x13, 0x11, 0x11, 0x11, 0x11, 0x11, 0x11, 0x11, 0x11, 0x11, 0x0d, 
	0x07, 0x1d, 0x2b, 0x37, 0x35, 0x23, 0x11, 0x33, 0x35, 0x21, 0x15, 0x33, 0x15, 0x23, 0x35, 0x21, 
	0x15, 0x33, 0x15, 0x23, 0x15, 0x21, 0x35, 0x33, 0x15, 0x23, 0x15, 0x7d, 0x7d, 0x7d, 0x02, 0x71, 
	0x7d, 0xfa, 0xfe, 0x89, 0xfa, 0xfa, 0x01, 0x77, 0xfa, 0x7d, 0x7d, 0x7d, 0x01, 0x77, 0x7d, 0x7d, 
	0x7d, 0x7d, 0x7d, 0x7d, 0x7d, 0x7d, 0x7d, 0x7d, 0x00, 0x01, 0x00, 0x00, 0x00, 0x7d, 0x03, 0x6b, 
	0x02, 0xee, 0x00, 0x17, 0x00, 0x49, 0x40, 0x46, 0x09, 0x01, 0x07, 0x00, 0x06, 0x04, 0x07, 0x06, 
	0x65, 0x00, 0x04, 0x00, 0x03, 0x01, 0x04, 0x03, 0x65, 0x00, 0x01, 0x0a, 0x01, 0x00, 0x02, 0x01, 
	0x00, 0x65, 0x00, 0x05, 0x05, 0x08, 0x5d, 0x00, 0x08, 0x08, 0x1d, 0x4b, 0x00, 0x02, 0x02, 0x0b, 
	0x5d, 0x0c, 0x01, 0x0b, 0x0b, 0x1c, 0x0b, 0x4c, 0x00, 0x00, 0x00, 0x17, 0x00, 0x17, 0x16, 0x15, 
	0x14, 0x13, 0x11, 0x11, 0x11, 0x11, 0x11, 0x11, 0x11, 0x11, 0x11, 0x0d, 0x07, 0x1d, 0x2b, 0x37, 
	0x35, 0x23, 0x35, 0x33, 0x15, 0x21, 0x35, 0x23, 0x35, 0x33, 0x35, 0x21, 0x15, 0x23, 0x35, 0x33, 
	0x35, 0x21, 0x15, 0x33, 0x11, 0x23, 0x15, 0x7d, 0x7d, 0xfa, 0x01, 0x77, 0xfa, 0xfa, 0xfe, 0x89, 
	0xfa, 0x7d, 0x02, 0x71, 0x7d, 0x7d, 0x7d, 0x7d, 0x7d, 0x7d, 0x7d, 0x7d, 0x7d, 0x7d, 0x7d, 0x7d, 
	0x7d, 0xfe, 0x89, 0x7d, 0x00, 0x02, 0x00, 0x7d, 0x00, 0x7d, 0x03, 0x6b, 0x03, 0xe8, 0x00, 0x03, 
	0x00, 0x0d, 0x00, 0x3d, 0x40, 0x3a, 0x07, 0x01, 0x01, 0x01, 0x00, 0x5d, 0x00, 0x00, 0x00, 0x1b, 
	0x4b, 0x00, 0x03, 0x03, 0x04, 0x5d, 0x00, 0x04, 0x04, 0x1d, 0x4b, 0x05, 0x01, 0x02, 0x02, 0x06, 
	0x5d, 0x08, 0x01, 0x06, 0x06, 0x1c, 0x06, 0x4c, 0x04, 0x04, 0x00, 0x00, 0x04, 0x0d, 0x04, 0x0d, 
	0x0c, 0x0b, 0x0a, 0x09, 0x08, 0x07, 0x06, 0x05, 0x00, 0x03, 0x00, 0x03, 0x11, 0x09, 0x07, 0x15, 
	0x2b, 0x01, 0x35, 0x33, 0x15, 0x01, 0x35, 0x33, 0x11, 0x23, 0x35, 0x21, 0x11, 0x33, 0x15, 0x01, 
	0x77, 0xfa, 0xfe, 0x0c, 0xfa, 0x7d, 0x01, 0x77, 0xfa, 0x03, 0x6b, 0x7d, 0x7d, 0xfd, 0x12, 0x7d, 
	0x01, 0x77, 0x7d, 0xfe, 0x0c, 0x7d, 0x00, 0x00, 0x00, 0x03, 0x00, 0x7d, 0x00, 0x7d, 0x03, 0x6b, 
	0x03, 0xe8, 0x00, 0x03, 0x00, 0x07, 0x00, 0x11, 0x00, 0x48, 0x40, 0x45, 0x0a, 0x03, 0x09, 0x03, 
	0x01, 0x01, 0x00, 0x5d, 0x02, 0x01, 0x00, 0x00, 0x1b, 0x4b, 0x00, 0x05, 0x05, 0x06, 0x5d, 0x00, 
	0x06, 0x06, 0x1d, 0x4b, 0x07, 0x01, 0x04, 0x04, 0x08, 0x5d, 0x0b, 0x01, 0x08, 0x08, 0x1c, 0x08, 
	0x4c, 0x08, 0x08, 0x04, 0x04, 0x00, 0x00, 0x08, 0x11, 0x08, 0x11, 0x10, 0x0f, 0x0e, 0x0d, 0x0c, 
	0x0b, 0x0a, 0x09, 0x04, 0x07, 0x04, 0x07, 0x06, 0x05, 0x00, 0x03, 0x00, 0x03, 0x11, 0x0c, 0x07, 
	0x15, 0x2b, 0x13, 0x35, 0x33, 0x15, 0x33, 0x35, 0x33, 0x15, 0x01, 0x35, 0x33, 0x11, 0x23, 0x35, 
	0x21, 0x11, 0x33, 0x15, 0x7d, 0xfa, 0x7d, 0xfa, 0xfd, 0x8f, 0xfa, 0x7d, 0x01, 0x77, 0xfa, 0x03, 
	0x6b, 0x7d, 0x7d, 0x7d, 0x7d, 0xfd, 0x12, 0x7d, 0x01, 0x77, 0x7d, 0xfe, 0x0c, 0x7d, 0x00, 0x00, 
	0x00, 0x02, 0x00, 0x7d, 0x00, 0x00, 0x02, 0xee, 0x03, 0xe8, 0x00, 0x03, 0x00, 0x0d, 0x00, 0x41, 
	0x40, 0x3e, 0x07, 0x01, 0x01, 0x01, 0x00, 0x5d, 0x00, 0x00, 0x00, 0x1b, 0x4b, 0x00, 0x03, 0x03, 
	0x04, 0x5d, 0x00, 0x04, 0x04, 0x1d, 0x4b, 0x00, 0x05, 0x05, 0x1c, 0x4b, 0x00, 0x02, 0x02, 0x06, 
	0x5d, 0x08, 0x01, 0x06, 0x06, 0x1f, 0x06, 0x4c, 0x04, 0x04, 0x00, 0x00, 0x04, 0x0d, 0x04, 0x0d, 
	0x0c, 0x0b, 0x0a, 0x09, 0x08, 0x07, 0x06, 0x05, 0x00, 0x03, 0x00, 0x03, 0x11, 0x09, 0x07, 0x15, 
	0x2b, 0x01, 0x35, 0x33, 0x15, 0x01, 0x35, 0x21, 0x11, 0x23, 0x35, 0x21, 0x11, 0x23, 0x15, 0x01, 
	0xf4, 0xfa, 0xfd, 0x8f, 0x01, 0x77, 0x7d, 0x01, 0x77, 0x7d, 0x03, 0x6b, 0x7d, 0x7d, 0xfc, 0x95, 
	0x7d, 0x01, 0xf4, 0x7d, 0xfd, 0x8f, 0x7d, 0x00, 0x00, 0x01, 0x00, 0x00, 0x00, 0x7d, 0x03, 0x6b, 
	0x03, 0xe8, 0x00, 0x13, 0x00, 0x39, 0x40, 0x36, 0x03, 0x01, 0x01, 0x04, 0x01, 0x00, 0x05, 0x01, 
	0x00, 0x65, 0x00, 0x05, 0x00, 0x08, 0x06, 0x05, 0x08, 0x65, 0x00, 0x02, 0x02, 0x1b, 0x4b, 0x00, 
	0x06, 0x06, 0x07, 0x5d, 0x0a, 0x09, 0x02, 0x07, 0x07, 0x1c, 0x07, 0x4c, 0x00, 0x00, 0x00, 0x13, 
	0x00, 0x13, 0x11, 0x11, 0x11, 0x11, 0x11, 0x11, 0x11, 0x11, 0x11, 0x0b, 0x07, 0x1d, 0x2b, 0x37, 
	0x11, 0x23, 0x35, 0x33, 0x35, 0x33, 0x15, 0x33, 0x15, 0x23, 0x15, 0x21, 0x15, 0x33, 0x11, 0x23, 
	0x11, 0x23, 0x11, 0x7d, 0x7d, 0x7d, 0xfa, 0xfa, 0xfa, 0x01, 0x77, 0x7d, 0xfa, 0xfa, 0x7d, 0x02, 
	0x71, 0x7d, 0x7d, 0x7d, 0x7d, 0x7d, 0x7d, 0xfe, 0x89, 0x01, 0x77, 0xfe, 0x89, 0x00, 0x00, 0x00, 
	0x00, 0x02, 0x00, 0x00, 0x00, 0x7d, 0x03, 0x6b, 0x02, 0xee, 0x00, 0x13, 0x00, 0x17, 0x00, 0x43, 
	0x40, 0x40, 0x00, 0x01, 0x00, 0x08, 0x05, 0x01, 0x08, 0x65, 0x04, 0x01, 0x02, 0x07, 0x01, 0x05, 
	0x0a, 0x02, 0x05, 0x65, 0x00, 0x0b, 0x0b, 0x00, 0x5d, 0x03, 0x01, 0x00, 0x00, 0x1d, 0x4b, 0x00, 
	0x0a, 0x0a, 0x06, 0x5d, 0x0c, 0x09, 0x02, 0x06, 0x06, 0x1c, 0x06, 0x4c, 0x00, 0x00, 0x17, 0x16, 
	0x15, 0x14, 0x00, 0x13, 0x00, 0x13, 0x11, 0x11, 0x11, 0x11, 0x11, 0x11, 0x11, 0x11, 0x11, 0x0d, 
	0x07, 0x1d, 0x2b, 0x35, 0x11, 0x33, 0x15, 0x33, 0x35, 0x33, 0x35, 0x21, 0x15, 0x33, 0x11, 0x23, 
	0x15, 0x21, 0x35, 0x23, 0x35, 0x23, 0x15, 0x25, 0x33, 0x11, 0x23, 0x7d, 0x7d, 0x7d, 0x01, 0x77, 
	0x7d, 0x7d, 0xfe, 0x89, 0x7d, 0x7d, 0x01, 0x77, 0x7d, 0x7d, 0x7d, 0x02, 0x71, 0xfa, 0x7d, 0x7d, 
	0x7d, 0xfe, 0x89, 0x7d, 0x7d, 0x7d, 0xfa, 0x7d, 0x01, 0x77, 0x00, 0x00, 0x00, 0x02, 0x00, 0x00, 
	0x00, 0x7d, 0x03, 0x6b, 0x02, 0xee, 0x00, 0x0d, 0x00, 0x11, 0x00, 0x3d, 0x40, 0x3a, 0x00, 0x02, 
	0x00, 0x01, 0x07, 0x02, 0x01, 0x65, 0x00, 0x07, 0x00, 0x05, 0x00, 0x07, 0x05, 0x65, 0x00, 0x08, 
	0x08, 0x03, 0x5d, 0x00, 0x03, 0x03, 0x1d, 0x4b, 0x00, 0x00, 0x00, 0x04, 0x5d, 0x09, 0x06, 0x02, 
	0x04, 0x04, 0x1c, 0x04, 0x4c, 0x00, 0x00, 0x11, 0x10, 0x0f, 0x0e, 0x00, 0x0d, 0x00, 0x0d, 0x11, 
	0x11, 0x11, 0x11, 0x11, 0x11, 0x0a, 0x07, 0x1a, 0x2b, 0x35, 0x35, 0x33, 0x35, 0x23, 0x35, 0x33, 
	0x35, 0x21, 0x11, 0x23, 0x35, 0x21, 0x15, 0x11, 0x21, 0x35, 0x21, 0x7d, 0x7d, 0x7d, 0x02, 0xee, 
	0xfa, 0xfe, 0x89, 0x01, 0x77, 0xfe, 0x89, 0x7d, 0xfa, 0x7d, 0x7d, 0x7d, 0xfd, 0x8f, 0xfa, 0xfa, 
	0x01, 0x77, 0x7d, 0x00, 0x00, 0x01, 0x00, 0x00, 0x00, 0x00, 0x03, 0x6b, 0x03, 0xe8, 0x00, 0x17, 
	0x00, 0x47, 0x40, 0x44, 0x06, 0x01, 0x04, 0x07, 0x01, 0x03, 0x08, 0x04, 0x03, 0x65, 0x00, 0x08, 
	0x00, 0x01, 0x09, 0x08, 0x01, 0x65, 0x00, 0x05, 0x05, 0x1b, 0x4b, 0x00, 0x09, 0x09, 0x02, 0x5d, 
	0x0a, 0x01, 0x02, 0x02, 0x1c, 0x4b, 0x00, 0x00, 0x00, 0x0b, 0x5d, 0x0c, 0x01, 0x0b, 0x0b, 0x1f, 
	0x0b, 0x4c, 0x00, 0x00, 0x00, 0x17, 0x00, 0x17, 0x16, 0x15, 0x14, 0x13, 0x11, 0x11, 0x11, 0x11, 
	0x11, 0x11, 0x11, 0x11, 0x11, 0x0d, 0x07, 0x1d, 0x2b, 0x21, 0x35, 0x33, 0x11, 0x23, 0x11, 0x23, 
	0x11, 0x23, 0x35, 0x33, 0x35, 0x33, 0x15, 0x33, 0x15, 0x23, 0x15, 0x21, 0x15, 0x33, 0x11, 0x23, 
	0x15, 0x01, 0xf4, 0x7d, 0xfa, 0xfa, 0x7d, 0x7d, 0xfa, 0xfa, 0xfa, 0x01, 0x77, 0x7d, 0x7d, 0x7d, 
	0x01, 0x77, 0xfe, 0x89, 0x02, 0x71, 0x7d, 0x7d, 0x7d, 0x7d, 0x7d, 0x7d, 0xfe, 0x89, 0x7d, 0x00, 
	0x00, 0x02, 0x00, 0x00, 0x00, 0x7d, 0x03, 0x6b, 0x03, 0xe8, 0x00, 0x11, 0x00, 0x15, 0x00, 0x45, 
	0x40, 0x42, 0x00, 0x07, 0x00, 0x09, 0x08, 0x07, 0x09, 0x65, 0x0b, 0x01, 0x08, 0x00, 0x00, 0x0a, 
	0x08, 0x00, 0x65, 0x00, 0x04, 0x04, 0x1b, 0x4b, 0x06, 0x01, 0x02, 0x02, 0x03, 0x5d, 0x05, 0x01, 
	0x03, 0x03, 0x1d, 0x4b, 0x00, 0x0a, 0x0a, 0x01, 0x5e, 0x00, 0x01, 0x01, 0x1c, 0x01, 0x4c, 0x00, 
	0x00, 0x15, 0x14, 0x13, 0x12, 0x00, 0x11, 0x00, 0x11, 0x11, 0x11, 0x11, 0x11, 0x11, 0x11, 0x11, 
	0x11, 0x0c, 0x07, 0x1c, 0x2b, 0x01, 0x15, 0x23, 0x15, 0x21, 0x11, 0x23, 0x35, 0x33, 0x35, 0x33, 
	0x15, 0x33, 0x15, 0x23, 0x15, 0x21, 0x15, 0x23, 0x23, 0x15, 0x33, 0x03, 0x6b, 0x7d, 0xfd, 0x8f, 
	0x7d, 0x7d, 0xfa, 0xfa, 0xfa, 0x01, 0x77, 0x7d, 0xfa, 0xfa, 0x01, 0x77, 0x7d, 0x7d, 0x01, 0xf4, 
	0x7d, 0xfa, 0xfa, 0x7d, 0x7d, 0x7d, 0x7d, 0x00, 0x00, 0x04, 0x00, 0x00, 0x00, 0x7d, 0x03, 0x6b, 
	0x02, 0xee, 0x00, 0x0b, 0x00, 0x13, 0x00, 0x17, 0x00, 0x1b, 0x00, 0x81, 0x4b, 0xb0, 0x0a, 0x50, 
	0x58, 0x40, 0x2c, 0x05, 0x01, 0x01, 0x00, 0x06, 0x00, 0x01, 0x70, 0x00, 0x06, 0x09, 0x01, 0x07, 
	0x0a, 0x06, 0x07, 0x65, 0x04, 0x02, 0x02, 0x00, 0x00, 0x03, 0x5d, 0x00, 0x03, 0x03, 0x1d, 0x4b, 
	0x0d, 0x01, 0x0a, 0x0a, 0x08, 0x5d, 0x0c, 0x0e, 0x0b, 0x03, 0x08, 0x08, 0x1c, 0x08, 0x4c, 0x1b, 
	0x40, 0x2d, 0x05, 0x01, 0x01, 0x00, 0x06, 0x00, 0x01, 0x06, 0x7e, 0x00, 0x06, 0x09, 0x01, 0x07, 
	0x0a, 0x06, 0x07, 0x65, 0x04, 0x02, 0x02, 0x00, 0x00, 0x03, 0x5d, 0x00, 0x03, 0x03, 0x1d, 0x4b, 
	0x0d, 0x01, 0x0a, 0x0a, 0x08, 0x5d, 0x0c, 0x0e, 0x0b, 0x03, 0x08, 0x08, 0x1c, 0x08, 0x4c, 0x59, 
	0x40, 0x1a, 0x14, 0x14, 0x1b, 0x1a, 0x19, 0x18, 0x14, 0x17, 0x14, 0x17, 0x16, 0x15, 0x13, 0x12, 
	0x11, 0x11, 0x11, 0x11, 0x11, 0x11, 0x11, 0x11, 0x10, 0x0f, 0x07, 0x1d, 0x2b, 0x01, 0x21, 0x15, 
	0x23, 0x35, 0x23, 0x35, 0x21, 0x15, 0x23, 0x15, 0x23, 0x21, 0x21, 0x15, 0x23, 0x15, 0x23, 0x35, 
	0x23, 0x07, 0x35, 0x33, 0x15, 0x21, 0x23, 0x35, 0x33, 0x02, 0x71, 0xfe, 0x89, 0x7d, 0x7d, 0x03, 
	0x6b, 0x7d, 0x7d, 0xfe, 0x89, 0x01, 0x77, 0x7d, 0x7d, 0x7d, 0xfa, 0xfa, 0x02, 0x71, 0xfa, 0xfa, 
	0x02, 0x71, 0x7d, 0x7d, 0x7d, 0x7d, 0x7d, 0x7d, 0xfa, 0xfa, 0xfa, 0xfa, 0xfa, 0xfa, 0x00, 0x00, 
	0x00, 0x03, 0x00, 0x00, 0x00, 0x7d, 0x03, 0x6b, 0x02, 0xee, 0x00, 0x0b, 0x00, 0x0f, 0x00, 0x13, 
	0x00, 0x80, 0x4b, 0xb0, 0x0a, 0x50, 0x58, 0x40, 0x2d, 0x00, 0x09, 0x01, 0x08, 0x07, 0x09, 0x70, 
	0x00, 0x08, 0x00, 0x06, 0x08, 0x6e, 0x03, 0x01, 0x01, 0x04, 0x01, 0x00, 0x06, 0x01, 0x00, 0x65, 
	0x00, 0x07, 0x07, 0x02, 0x5d, 0x00, 0x02, 0x02, 0x1d, 0x4b, 0x00, 0x06, 0x06, 0x05, 0x5e, 0x0a, 
	0x01, 0x05, 0x05, 0x1c, 0x05, 0x4c, 0x1b, 0x40, 0x2f, 0x00, 0x09, 0x01, 0x08, 0x01, 0x09, 0x08, 
	0x7e, 0x00, 0x08, 0x00, 0x01, 0x08, 0x00, 0x7c, 0x03, 0x01, 0x01, 0x04, 0x01, 0x00, 0x06, 0x01, 
	0x00, 0x65, 0x00, 0x07, 0x07, 0x02, 0x5d, 0x00, 0x02, 0x02, 0x1d, 0x4b, 0x00, 0x06, 0x06, 0x05, 
	0x5e, 0x0a, 0x01, 0x05, 0x05, 0x1c, 0x05, 0x4c, 0x59, 0x40, 0x16, 0x00, 0x00, 0x13, 0x12, 0x11, 
	0x10, 0x0f, 0x0e, 0x0d, 0x0c, 0x00, 0x0b, 0x00, 0x0b, 0x11, 0x11, 0x11, 0x11, 0x11, 0x0b, 0x07, 
	0x19, 0x2b, 0x37, 0x35, 0x23, 0x11, 0x33, 0x35, 0x21, 0x15, 0x33, 0x11, 0x23, 0x15, 0x25, 0x21, 
	0x11, 0x21, 0x07, 0x21, 0x35, 0x21, 0x7d, 0x7d, 0x7d, 0x02, 0x71, 0x7d, 0x7d, 0xfe, 0x0c, 0x01, 
	0x77, 0xfe, 0x89, 0x7d, 0x02, 0x71, 0xfd, 0x8f, 0x7d, 0x7d, 0x01, 0x77, 0x7d, 0x7d, 0xfe, 0x89, 
	0x7d, 0x7d, 0x01, 0x77, 0xfa, 0x7d, 0x00, 0x00, 0x00, 0x01, 0x00, 0x7d, 0x00, 0x7d, 0x03, 0x6b, 
	0x02, 0xee, 0x00, 0x0f, 0x00, 0x73, 0x4b, 0xb0, 0x0a, 0x50, 0x58, 0x40, 0x2a, 0x06, 0x01, 0x00, 
	0x03, 0x07, 0x01, 0x00, 0x70, 0x00, 0x05, 0x05, 0x02, 0x5d, 0x04, 0x01, 0x02, 0x02, 0x1d, 0x4b, 
	0x00, 0x01, 0x01, 0x02, 0x5d, 0x04, 0x01, 0x02, 0x02, 0x1d, 0x4b, 0x00, 0x03, 0x03, 0x07, 0x5d, 
	0x08, 0x01, 0x07, 0x07, 0x1c, 0x07, 0x4c, 0x1b, 0x40, 0x2b, 0x06, 0x01, 0x00, 0x03, 0x07, 0x03, 
	0x00, 0x07, 0x7e, 0x00, 0x05, 0x05, 0x02, 0x5d, 0x04, 0x01, 0x02, 0x02, 0x1d, 0x4b, 0x00, 0x01, 
	0x01, 0x02, 0x5d, 0x04, 0x01, 0x02, 0x02, 0x1d, 0x4b, 0x00, 0x03, 0x03, 0x07, 0x5d, 0x08, 0x01, 
	0x07, 0x07, 0x1c, 0x07, 0x4c, 0x59, 0x40, 0x10, 0x00, 0x00, 0x00, 0x0f, 0x00, 0x0f, 0x11, 0x11, 
	0x11, 0x11, 0x11, 0x11, 0x11, 0x09, 0x07, 0x1b, 0x2b, 0x25, 0x35, 0x23, 0x35, 0x23, 0x11, 0x33, 
	0x11, 0x33, 0x11, 0x33, 0x15, 0x23, 0x11, 0x23, 0x15, 0x01, 0x77, 0x7d, 0x7d, 0xfa, 0xfa, 0xfa, 
	0x7d, 0x7d, 0x7d, 0x7d, 0x7d, 0x01, 0x77, 0xfe, 0x89, 0x01, 0x77, 0x7d, 0xfe, 0x89, 0x7d, 0x00, 
	0x00, 0x01, 0x00, 0x00, 0x00, 0x7d, 0x03, 0x6b, 0x02, 0xee, 0x00, 0x0f, 0x00, 0x63, 0x4b, 0xb0, 
	0x0a, 0x50, 0x58, 0x40, 0x22, 0x00, 0x00, 0x01, 0x02, 0x01, 0x00, 0x70, 0x06, 0x01, 0x02, 0x05, 
	0x01, 0x03, 0x04, 0x02, 0x03, 0x65, 0x00, 0x01, 0x01, 0x07, 0x5d, 0x08, 0x01, 0x07, 0x07, 0x1d, 
	0x4b, 0x00, 0x04, 0x04, 0x1c, 0x04, 0x4c, 0x1b, 0x40, 0x23, 0x00, 0x00, 0x01, 0x02, 0x01, 0x00, 
	0x02, 0x7e, 0x06, 0x01, 0x02, 0x05, 0x01, 0x03, 0x04, 0x02, 0x03, 0x65, 0x00, 0x01, 0x01, 0x07, 
	0x5d, 0x08, 0x01, 0x07, 0x07, 0x1d, 0x4b, 0x00, 0x04, 0x04, 0x1c, 0x04, 0x4c, 0x59, 0x40, 0x10, 
	0x00, 0x00, 0x00, 0x0f, 0x00, 0x0f, 0x11, 0x11, 0x11, 0x11, 0x11, 0x11, 0x11, 0x09, 0x07, 0x1b, 
	0x2b, 0x01, 0x15, 0x23, 0x35, 0x21, 0x15, 0x33, 0x15, 0x23, 0x15, 0x23, 0x35, 0x23, 0x35, 0x33, 
	0x35, 0x03, 0x6b, 0x7d, 0xfe, 0x89, 0xfa, 0xfa, 0xfa, 0x7d, 0x7d, 0x02, 0xee, 0xfa, 0x7d, 0x7d, 
	0x7d, 0xfa, 0xfa, 0x7d, 0xfa, 0x00, 0x00, 0x00, 0x00, 0x01, 0x00, 0x7d, 0x00, 0x00, 0x03, 0x6b, 
	0x02, 0xee, 0x00, 0x11, 0x00, 0x3d, 0x40, 0x3a, 0x00, 0x00, 0x00, 0x05, 0x01, 0x00, 0x05, 0x65, 
	0x09, 0x01, 0x08, 0x08, 0x07, 0x5d, 0x00, 0x07, 0x07, 0x1d, 0x4b, 0x00, 0x01, 0x01, 0x02, 0x5d, 
	0x06, 0x01, 0x02, 0x02, 0x1c, 0x4b, 0x00, 0x04, 0x04, 0x03, 0x5d, 0x00, 0x03, 0x03, 0x1f, 0x03, 
	0x4c, 0x00, 0x00, 0x00, 0x11, 0x00, 0x11, 0x11, 0x11, 0x11, 0x11, 0x11, 0x11, 0x11, 0x11, 0x0a, 
	0x07, 0x1c, 0x2b, 0x01, 0x15, 0x21, 0x15, 0x33, 0x15, 0x23, 0x15, 0x23, 0x35, 0x33, 0x35, 0x23, 
	0x15, 0x23, 0x11, 0x21, 0x15, 0x01, 0x77, 0x01, 0x77, 0x7d, 0x7d, 0xfa, 0x7d, 0xfa, 0xfa, 0x02, 
	0xee, 0x02, 0x71, 0x7d, 0x7d, 0xfa, 0x7d, 0x7d, 0xfa, 0xfa, 0x02, 0x71, 0x7d, 0x00, 0x00, 0x00, 
	0x00, 0x01, 0x00, 0x00, 0x00, 0x00, 0x03, 0xe8, 0x02, 0xee, 0x00, 0x1f, 0x00, 0x4c, 0x40, 0x49, 
	0x0c, 0x01, 0x0a, 0x05, 0x01, 0x03, 0x07, 0x0a, 0x03, 0x65, 0x0e, 0x01, 0x08, 0x08, 0x09, 0x5d, 
	0x0d, 0x0b, 0x02, 0x09, 0x09, 0x1d, 0x4b, 0x0f, 0x01, 0x07, 0x07, 0x02, 0x5d, 0x06, 0x04, 0x02, 
	0x02, 0x02, 0x1c, 0x4b, 0x00, 0x00, 0x00, 0x01, 0x5e, 0x00, 0x01, 0x01, 0x1f, 0x01, 0x4c, 0x1f, 
	0x1e, 0x1d, 0x1c, 0x1b, 0x1a, 0x19, 0x18, 0x17, 0x16, 0x15, 0x14, 0x13, 0x12, 0x11, 0x11, 0x11, 
	0x11, 0x11, 0x11, 0x11, 0x11, 0x10, 0x10, 0x07, 0x1d, 0x2b, 0x25, 0x33, 0x15, 0x23, 0x35, 0x23, 
	0x35, 0x23, 0x15, 0x23, 0x35, 0x23, 0x15, 0x23, 0x35, 0x33, 0x35, 0x23, 0x35, 0x33, 0x15, 0x33, 
	0x35, 0x33, 0x15, 0x33, 0x35, 0x33, 0x15, 0x23, 0x15, 0x33, 0x03, 0x6b, 0x7d, 0xfa, 0x7d, 0x7d, 
	0x7d, 0x7d, 0xfa, 0x7d, 0x7d, 0xfa, 0x7d, 0x7d, 0x7d, 0xfa, 0x7d, 0x7d, 0xfa, 0xfa, 0x7d, 0xfa, 
	0xfa, 0xfa, 0xfa, 0xfa, 0x7d, 0xfa, 0xfa, 0xfa, 0xfa, 0xfa, 0xfa, 0x7d, 0x00, 0x01, 0x00, 0x00, 
	0x00, 0x00, 0x03, 0x6b, 0x02, 0xee, 0x00, 0x1f, 0x00, 0x54, 0x40, 0x51, 0x0f, 0x01, 0x0d, 0x0c, 
	0x01, 0x00, 0x0a, 0x0d, 0x00, 0x65, 0x00, 0x0a, 0x00, 0x09, 0x01, 0x0a, 0x09, 0x65, 0x07, 0x01, 
	0x01, 0x06, 0x01, 0x02, 0x08, 0x01, 0x02, 0x65, 0x00, 0x0b, 0x0b, 0x0e, 0x5d, 0x00, 0x0e, 0x0e, 
	0x1d, 0x4b, 0x00, 0x08, 0x08, 0x03, 0x5d, 0x05, 0x01, 0x03, 0x03, 0x1c, 0x4b, 0x00, 0x04, 0x04, 
	0x1f, 0x04, 0x4c, 0x1f, 0x1e, 0x1d, 0x1c, 0x1b, 0x1a, 0x19, 0x18, 0x17, 0x16, 0x15, 0x14, 0x13, 
	0x12, 0x11, 0x11, 0x11, 0x11, 0x11, 0x11, 0x11, 0x11, 0x10, 0x10, 0x07, 0x1d, 0x2b, 0x01, 0x23, 
	0x15, 0x33, 0x15, 0x23, 0x15, 0x23, 0x15, 0x23, 0x35, 0x23, 0x35, 0x23, 0x35, 0x33, 0x15, 0x21, 
	0x35, 0x23, 0x35, 0x33, 0x35, 0x21, 0x15, 0x23, 0x35, 0x33, 0x35, 0x21, 0x15, 0x33, 0x03, 0x6b, 
	0x7d, 0x7d, 0x7d, 0xfa, 0x7d, 0xfa, 0x7d, 0xfa, 0x01, 0x77, 0xfa, 0xfa, 0xfe, 0x89, 0xfa, 0x7d, 
	0x02, 0x71, 0x7d, 0x01, 0xf4, 0x7d, 0x7d, 0x7d, 0x7d, 0x7d, 0x7d, 0x7d, 0x7d, 0x7d, 0x7d, 0x7d, 
	0x7d, 0x7d, 0x7d, 0x7d, 0x00, 0x02, 0x00, 0x00, 0x00, 0x00, 0x03, 0xe8, 0x02, 0xee, 0x00, 0x13, 
	0x00, 0x17, 0x00, 0x94, 0x4b, 0xb0, 0x0a, 0x50, 0x58, 0x40, 0x37, 0x00, 0x07, 0x0a, 0x06, 0x06, 
	0x07, 0x70, 0x00, 0x09, 0x03, 0x00, 0x00, 0x09, 0x70, 0x00, 0x03, 0x09, 0x06, 0x03, 0x56, 0x00, 
	0x0a, 0x0a, 0x05, 0x5d, 0x0c, 0x0b, 0x02, 0x05, 0x05, 0x1d, 0x4b, 0x08, 0x01, 0x06, 0x06, 0x02, 
	0x5e, 0x04, 0x01, 0x02, 0x02, 0x1c, 0x4b, 0x00, 0x00, 0x00, 0x01, 0x5e, 0x00, 0x01, 0x01, 0x1f, 
	0x01, 0x4c, 0x1b, 0x40, 0x39, 0x00, 0x07, 0x0a, 0x06, 0x0a, 0x07, 0x06, 0x7e, 0x00, 0x09, 0x03, 
	0x00, 0x03, 0x09, 0x00, 0x7e, 0x00, 0x03, 0x09, 0x06, 0x03, 0x56, 0x00, 0x0a, 0x0a, 0x05, 0x5d, 
	0x0c, 0x0b, 0x02, 0x05, 0x05, 0x1d, 0x4b, 0x08, 0x01, 0x06, 0x06, 0x02, 0x5e, 0x04, 0x01, 0x02, 
	0x02, 0x1c, 0x4b, 0x00, 0x00, 0x00, 0x01, 0x5e, 0x00, 0x01, 0x01, 0x1f, 0x01, 0x4c, 0x59, 0x40, 
	0x16, 0x14, 0x14, 0x14, 0x17, 0x14, 0x17, 0x16, 0x15, 0x13, 0x12, 0x11, 0x11, 0x11, 0x11, 0x11, 
	0x11, 0x11, 0x11, 0x10, 0x0d, 0x07, 0x1d, 0x2b, 0x25, 0x33, 0x15, 0x23, 0x35, 0x23, 0x35, 0x21, 
	0x15, 0x23, 0x11, 0x33, 0x15, 0x33, 0x35, 0x33, 0x15, 0x33, 0x15, 0x33, 0x11, 0x15, 0x23, 0x35, 
	0x03, 0x6b, 0x7d, 0xfa, 0x7d, 0xfe, 0x89, 0xfa, 0xfa, 0xfa, 0x7d, 0x7d, 0x7d, 0xfa, 0xfa, 0xfa, 
	0x7d, 0xfa, 0xfa, 0x02, 0x71, 0xfa, 0x7d, 0x7d, 0x7d, 0x01, 0x77, 0x7d, 0x7d, 0x00, 0x00, 0x00, 
	0x00, 0x03, 0x00, 0x00, 0x00, 0x7d, 0x03, 0x6b, 0x02, 0xee, 0x00, 0x0f, 0x00, 0x15, 0x00, 0x19, 
	0x00, 0x89, 0x4b, 0xb0, 0x0a, 0x50, 0x58, 0x40, 0x31, 0x00, 0x08, 0x07, 0x00, 0x0a, 0x08, 0x70, 
	0x06, 0x01, 0x00, 0x03, 0x01, 0x01, 0x0c, 0x00, 0x01, 0x65, 0x00, 0x07, 0x00, 0x02, 0x04, 0x07, 
	0x02, 0x65, 0x0d, 0x01, 0x0a, 0x0a, 0x05, 0x5d, 0x09, 0x01, 0x05, 0x05, 0x1d, 0x4b, 0x00, 0x0c, 
	0x0c, 0x04, 0x5d, 0x0b, 0x01, 0x04, 0x04, 0x1c, 0x04, 0x4c, 0x1b, 0x40, 0x32, 0x00, 0x08, 0x07, 
	0x00, 0x07, 0x08, 0x00, 0x7e, 0x06, 0x01, 0x00, 0x03, 0x01, 0x01, 0x0c, 0x00, 0x01, 0x65, 0x00, 
	0x07, 0x00, 0x02, 0x04, 0x07, 0x02, 0x65, 0x0d, 0x01, 0x0a, 0x0a, 0x05, 0x5d, 0x09, 0x01, 0x05, 
	0x05, 0x1d, 0x4b, 0x00, 0x0c, 0x0c, 0x04, 0x5d, 0x0b, 0x01, 0x04, 0x04, 0x1c, 0x04, 0x4c, 0x59, 
	0x40, 0x18, 0x10, 0x10, 0x19, 0x18, 0x17, 0x16, 0x10, 0x15, 0x10, 0x15, 0x14, 0x13, 0x12, 0x11, 
	0x11, 0x11, 0x11, 0x11, 0x11, 0x11, 0x10, 0x0e, 0x07, 0x1d, 0x2b, 0x01, 0x33, 0x15, 0x23, 0x15, 
	0x23, 0x35, 0x23, 0x15, 0x23, 0x11, 0x33, 0x15, 0x33, 0x35, 0x33, 0x33, 0x15, 0x23, 0x35, 0x33, 
	0x15, 0x11, 0x23, 0x35, 0x33, 0x01, 0xf4, 0x7d, 0x7d, 0x7d, 0x7d, 0xfa, 0xfa, 0x7d, 0x7d, 0xfa, 
	0x7d, 0xfa, 0xfa, 0xfa, 0x01, 0xf4, 0x7d, 0x7d, 0x7d, 0xfa, 0x02, 0x71, 0xfa, 0x7d, 0x7d, 0xfa, 
	0x7d, 0xfe, 0x0c, 0xfa, 0x00, 0x02, 0x00, 0x00, 0x00, 0x7d, 0x03, 0x6b, 0x02, 0xee, 0x00, 0x11, 
	0x00, 0x15, 0x00, 0x75, 0x4b, 0xb0, 0x0a, 0x50, 0x58, 0x40, 0x29, 0x00, 0x00, 0x06, 0x01, 0x01, 
	0x00, 0x70, 0x08, 0x01, 0x01, 0x00, 0x04, 0x02, 0x01, 0x04, 0x66, 0x09, 0x01, 0x06, 0x06, 0x07, 
	0x5d, 0x0b, 0x0a, 0x02, 0x07, 0x07, 0x1d, 0x4b, 0x00, 0x02, 0x02, 0x03, 0x5e, 0x05, 0x01, 0x03, 
	0x03, 0x1c, 0x03, 0x4c, 0x1b, 0x40, 0x2a, 0x00, 0x00, 0x06, 0x01, 0x06, 0x00, 0x01, 0x7e, 0x08, 
	0x01, 0x01, 0x00, 0x04, 0x02, 0x01, 0x04, 0x66, 0x09, 0x01, 0x06, 0x06, 0x07, 0x5d, 0x0b, 0x0a, 
	0x02, 0x07, 0x07, 0x1d, 0x4b, 0x00, 0x02, 0x02, 0x03, 0x5e, 0x05, 0x01, 0x03, 0x03, 0x1c, 0x03, 
	0x4c, 0x59, 0x40, 0x14, 0x12, 0x12, 0x12, 0x15, 0x12, 0x15, 0x14, 0x13, 0x11, 0x11, 0x11, 0x11, 
	0x11, 0x11, 0x11, 0x11, 0x10, 0x0c, 0x07, 0x1d, 0x2b, 0x01, 0x33, 0x15, 0x33, 0x15, 0x33, 0x15, 
	0x23, 0x35, 0x23, 0x15, 0x23, 0x11, 0x23, 0x35, 0x21, 0x15, 0x33, 0x25, 0x15, 0x23, 0x35, 0x01, 
	0xf4, 0x7d, 0x7d, 0x7d, 0xfa, 0xfa, 0xfa, 0x7d, 0x01, 0x77, 0x7d, 0x01, 0x77, 0xfa, 0x02, 0x71, 
	0x7d, 0x7d, 0xfa, 0xfa, 0xfa, 0x01, 0xf4, 0x7d, 0xfa, 0xfa, 0x7d, 0x7d, 0x00, 0x01, 0x00, 0x00, 
	0x00, 0x00, 0x03, 0xe8, 0x02, 0xee, 0x00, 0x0f, 0x00, 0x2d, 0x40, 0x2a, 0x00, 0x06, 0x00, 0x03, 
	0x00, 0x06, 0x03, 0x65, 0x07, 0x01, 0x05, 0x05, 0x1d, 0x4b, 0x04, 0x01, 0x02, 0x02, 0x1c, 0x4b, 
	0x00, 0x00, 0x00, 0x01, 0x5d, 0x00, 0x01, 0x01, 0x1f, 0x01, 0x4c, 0x11, 0x11, 0x11, 0x11, 0x11, 
	0x11, 0x11, 0x10, 0x08, 0x07, 0x1c, 0x2b, 0x25, 0x33, 0x15, 0x23, 0x35, 0x23, 0x35, 0x21, 0x15, 
	0x23, 0x11, 0x33, 0x15, 0x21, 0x35, 0x33, 0x03, 0x6b, 0x7d, 0xfa, 0x7d, 0xfe, 0x89, 0xfa, 0xfa, 
	0x01, 0x77, 0xfa, 0xfa, 0xfa, 0x7d, 0xfa, 0xfa, 0x02, 0x71, 0xfa, 0xfa, 0x00, 0x01, 0x00, 0x00, 
	0x00, 0x00, 0x03, 0xe8, 0x02, 0xee, 0x00, 0x0b, 0x00, 0x27, 0x40, 0x24, 0x00, 0x03, 0x03, 0x05, 
	0x5d, 0x00, 0x05, 0x05, 0x1d, 0x4b, 0x04, 0x01, 0x02, 0x02, 0x1c, 0x4b, 0x00, 0x00, 0x00, 0x01, 
	0x5d, 0x00, 0x01, 0x01, 0x1f, 0x01, 0x4c, 0x11, 0x11, 0x11, 0x11, 0x11, 0x10, 0x06, 0x07, 0x1a, 
	0x2b, 0x25, 0x33, 0x15, 0x23, 0x35, 0x23, 0x11, 0x21, 0x11, 0x23, 0x11, 0x21, 0x03, 0x6b, 0x7d, 
	0xfa, 0x7d, 0xfe, 0x89, 0xfa, 0x03, 0x6b, 0xfa, 0xfa, 0x7d, 0x01, 0xf4, 0xfe, 0x0c, 0x02, 0x71, 
	0x00, 0x01, 0x00, 0x00, 0x00, 0x00, 0x03, 0x6b, 0x02, 0xee, 0x00, 0x17, 0x00, 0x42, 0x40, 0x3f, 
	0x0b, 0x01, 0x09, 0x00, 0x00, 0x03, 0x09, 0x00, 0x65, 0x00, 0x03, 0x08, 0x01, 0x04, 0x02, 0x03, 
	0x04, 0x65, 0x00, 0x01, 0x01, 0x0a, 0x5d, 0x00, 0x0a, 0x0a, 0x1d, 0x4b, 0x00, 0x02, 0x02, 0x05, 
	0x5d, 0x07, 0x01, 0x05, 0x05, 0x1c, 0x4b, 0x00, 0x06, 0x06, 0x1f, 0x06, 0x4c, 0x17, 0x16, 0x15, 
	0x14, 0x13, 0x12, 0x11, 0x11, 0x11, 0x11, 0x11, 0x11, 0x11, 0x11, 0x10, 0x0c, 0x07, 0x1d, 0x2b, 
	0x01, 0x23, 0x35, 0x21, 0x11, 0x21, 0x35, 0x33, 0x15, 0x23, 0x15, 0x23, 0x15, 0x23, 0x35, 0x23, 
	0x35, 0x23, 0x11, 0x33, 0x35, 0x21, 0x15, 0x33, 0x03, 0x6b, 0xfa, 0xfe, 0x89, 0x01, 0x77, 0xfa, 
	0x7d, 0xfa, 0x7d, 0xfa, 0x7d, 0x7d, 0x02, 0x71, 0x7d, 0x01, 0xf4, 0x7d, 0xfe, 0x89, 0x7d, 0x7d, 
	0x7d, 0x7d, 0x7d, 0x7d, 0x01, 0x77, 0x7d, 0x7d, 0x00, 0x01, 0x00, 0x7d, 0x00, 0x00, 0x03, 0x6b, 
	0x02, 0xee, 0x00, 0x0b, 0x00, 0x2d, 0x40, 0x2a, 0x04, 0x01, 0x00, 0x00, 0x05, 0x5d, 0x06, 0x01, 
	0x05, 0x05, 0x1d, 0x4b, 0x00, 0x03, 0x03, 0x1c, 0x4b, 0x00, 0x01, 0x01, 0x02, 0x5d, 0x00, 0x02, 
	0x02, 0x1f, 0x02, 0x4c, 0x00, 0x00, 0x00, 0x0b, 0x00, 0x0b, 0x11, 0x11, 0x11, 0x11, 0x11, 0x07, 
	0x07, 0x19, 0x2b, 0x01, 0x15, 0x23, 0x11, 0x33, 0x15, 0x23, 0x35, 0x23, 0x11, 0x23, 0x35, 0x03, 
	0x6b, 0xfa, 0x7d, 0xfa, 0x7d, 0xfa, 0x02, 0xee, 0x7d, 0xfe, 0x89, 0xfa, 0x7d, 0x01, 0xf4, 0x7d, 
	0x00, 0x01, 0x00, 0x7d, 0x00, 0x00, 0x03, 0x6b, 0x02, 0xee, 0x00, 0x0f, 0x00, 0x5f, 0x4b, 0xb0, 
	0x0a, 0x50, 0x58, 0x40, 0x20, 0x03, 0x01, 0x01, 0x06, 0x02, 0x00, 0x01, 0x70, 0x04, 0x01, 0x00, 
	0x00, 0x05, 0x5d, 0x08, 0x07, 0x02, 0x05, 0x05, 0x1d, 0x4b, 0x00, 0x06, 0x06, 0x02, 0x5d, 0x00, 
	0x02, 0x02, 0x1f, 0x02, 0x4c, 0x1b, 0x40, 0x21, 0x03, 0x01, 0x01, 0x06, 0x02, 0x06, 0x01, 0x02, 
	0x7e, 0x04, 0x01, 0x00, 0x00, 0x05, 0x5d, 0x08, 0x07, 0x02, 0x05, 0x05, 0x1d, 0x4b, 0x00, 0x06, 
	0x06, 0x02, 0x5d, 0x00, 0x02, 0x02, 0x1f, 0x02, 0x4c, 0x59, 0x40, 0x10, 0x00, 0x00, 0x00, 0x0f, 
	0x00, 0x0f, 0x11, 0x11, 0x11, 0x11, 0x11, 0x11, 0x11, 0x09, 0x07, 0x1b, 0x2b, 0x01, 0x11, 0x23, 
	0x15, 0x23, 0x15, 0x23, 0x35, 0x23, 0x35, 0x23, 0x11, 0x33, 0x11, 0x33, 0x11, 0x03, 0x6b, 0x7d, 
	0x7d, 0xfa, 0x7d, 0x7d, 0xfa, 0xfa, 0x02, 0xee, 0xfe, 0x89, 0x7d, 0xfa, 0xfa, 0x7d, 0x01, 0x77, 
	0xfe, 0x89, 0x01, 0x77, 0x00, 0x01, 0x00, 0x7d, 0x00, 0x00, 0x03, 0x6b, 0x02, 0xee, 0x00, 0x17, 
	0x00, 0x7d, 0x4b, 0xb0, 0x0a, 0x50, 0x58, 0x40, 0x2c, 0x07, 0x01, 0x01, 0x0a, 0x02, 0x00, 0x01, 
	0x70, 0x08, 0x01, 0x00, 0x00, 0x09, 0x5d, 0x0c, 0x0b, 0x02, 0x09, 0x09, 0x1d, 0x4b, 0x06, 0x01, 
	0x02, 0x02, 0x03, 0x5d, 0x05, 0x01, 0x03, 0x03, 0x1c, 0x4b, 0x00, 0x0a, 0x0a, 0x04, 0x5d, 0x00, 
	0x04, 0x04, 0x1f, 0x04, 0x4c, 0x1b, 0x40, 0x2d, 0x07, 0x01, 0x01, 0x0a, 0x02, 0x0a, 0x01, 0x02, 
	0x7e, 0x08, 0x01, 0x00, 0x00, 0x09, 0x5d, 0x0c, 0x0b, 0x02, 0x09, 0x09, 0x1d, 0x4b, 0x06, 0x01, 
	0x02, 0x02, 0x03, 0x5d, 0x05, 0x01, 0x03, 0x03, 0x1c, 0x4b, 0x00, 0x0a, 0x0a, 0x04, 0x5d, 0x00, 
	0x04, 0x04, 0x1f, 0x04, 0x4c, 0x59, 0x40, 0x16, 0x00, 0x00, 0x00, 0x17, 0x00, 0x17, 0x16, 0x15, 
	0x14, 0x13, 0x11, 0x11, 0x11, 0x11, 0x11, 0x11, 0x11, 0x11, 0x11, 0x0d, 0x07, 0x1d, 0x2b, 0x01, 
	0x15, 0x23, 0x15, 0x23, 0x15, 0x33, 0x15, 0x23, 0x15, 0x23, 0x35, 0x23, 0x35, 0x33, 0x35, 0x23, 
	0x35, 0x23, 0x35, 0x33, 0x15, 0x33, 0x35, 0x03, 0x6b, 0x7d, 0x7d, 0x7d, 0x7d, 0xfa, 0x7d, 0x7d, 
	0x7d, 0x7d, 0xfa, 0xfa, 0x02, 0xee, 0xfa, 0x7d, 0x7d, 0x7d, 0x7d, 0x7d, 0x7d, 0x7d, 0x7d, 0xfa, 
	0xfa, 0xfa, 0x00, 0x00, 0x00, 0x01, 0x00, 0x00, 0x00, 0x00, 0x03, 0xe8, 0x02, 0xee, 0x00, 0x0f, 
	0x00, 0x31, 0x40, 0x2e, 0x00, 0x06, 0x00, 0x03, 0x00, 0x06, 0x03, 0x65, 0x00, 0x04, 0x04, 0x05, 
	0x5d, 0x07, 0x01, 0x05, 0x05, 0x1d, 0x4b, 0x00, 0x02, 0x02, 0x1c, 0x4b, 0x00, 0x00, 0x00, 0x01, 
	0x5d, 0x00, 0x01, 0x01, 0x1f, 0x01, 0x4c, 0x11, 0x11, 0x11, 0x11, 0x11, 0x11, 0x11, 0x10, 0x08, 
	0x07, 0x1c, 0x2b, 0x25, 0x33, 0x15, 0x23, 0x35, 0x23, 0x35, 0x21, 0x35, 0x23, 0x35, 0x33, 0x15, 
	0x21, 0x35, 0x33, 0x03, 0x6b, 0x7d, 0xfa, 0x7d, 0xfe, 0x0c, 0x7d, 0xfa, 0x01, 0x77, 0xfa, 0xfa, 
	0xfa, 0x7d, 0xfa, 0x7d, 0xfa, 0xfa, 0xfa, 0x00, 0x00, 0x01, 0x00, 0x00, 0x00, 0x7d, 0x03, 0x6b, 
	0x02, 0xee, 0x00, 0x13, 0x00, 0x39, 0x40, 0x36, 0x08, 0x01, 0x06, 0x03, 0x01, 0x01, 0x02, 0x06, 
	0x01, 0x65, 0x00, 0x07, 0x00, 0x02, 0x00, 0x07, 0x02, 0x65, 0x00, 0x04, 0x04, 0x05, 0x5d, 0x0a, 
	0x09, 0x02, 0x05, 0x05, 0x1d, 0x4b, 0x00, 0x00, 0x00, 0x1c, 0x00, 0x4c, 0x00, 0x00, 0x00, 0x13, 
	0x00, 0x13, 0x11, 0x11, 0x11, 0x11, 0x11, 0x11, 0x11, 0x11, 0x11, 0x0b, 0x07, 0x1d, 0x2b, 0x01, 
	0x11, 0x23, 0x35, 0x23, 0x15, 0x23, 0x35, 0x23, 0x35, 0x23, 0x35, 0x33, 0x15, 0x33, 0x35, 0x33, 
	0x15, 0x33, 0x35, 0x03, 0x6b, 0xfa, 0x7d, 0x7d, 0xfa, 0x7d, 0xfa, 0x7d, 0x7d, 0x7d, 0x02, 0xee, 
	0xfd, 0x8f, 0xfa, 0x7d, 0x7d, 0x7d, 0xfa, 0xfa, 0x7d, 0x7d, 0xfa, 0x00, 0x00, 0x02, 0x00, 0x00, 
	0x00, 0x7d, 0x03, 0x6b, 0x03, 0xe8, 0x00, 0x07, 0x00, 0x0f, 0x00, 0x36, 0x40, 0x33, 0x00, 0x01, 
	0x02, 0x00, 0x01, 0x55, 0x00, 0x03, 0x03, 0x1b, 0x4b, 0x00, 0x05, 0x05, 0x06, 0x5d, 0x00, 0x06, 
	0x06, 0x1d, 0x4b, 0x08, 0x07, 0x02, 0x00, 0x00, 0x02, 0x5d, 0x04, 0x01, 0x02, 0x02, 0x1c, 0x02, 
	0x4c, 0x08, 0x08, 0x08, 0x0f, 0x08, 0x0f, 0x11, 0x11, 0x12, 0x11, 0x11, 0x11, 0x10, 0x09, 0x07, 
	0x1b, 0x2b, 0x13, 0x33, 0x15, 0x23, 0x11, 0x23, 0x11, 0x33, 0x01, 0x11, 0x23, 0x11, 0x23, 0x35, 
	0x21, 0x15, 0xfa, 0x7d, 0x7d, 0xfa, 0xfa, 0x02, 0x71, 0xfa, 0xfa, 0x01, 0x77, 0x02, 0x71, 0x7d, 
	0xfe, 0x89, 0x03, 0x6b, 0xfe, 0x89, 0xfe, 0x0c, 0x01, 0xf4, 0x7d, 0x7d, 0x00, 0x01, 0x00, 0x7d, 
	0x00, 0x7d, 0x03, 0x6b, 0x03, 0xe8, 0x00, 0x09, 0x00, 0x27, 0x40, 0x24, 0x00, 0x01, 0x01, 0x02, 
	0x5d, 0x00, 0x02, 0x02, 0x1b, 0x4b, 0x03, 0x01, 0x00, 0x00, 0x04, 0x5d, 0x05, 0x01, 0x04, 0x04, 
	0x1c, 0x04, 0x4c, 0x00, 0x00, 0x00, 0x09, 0x00, 0x09, 0x11, 0x11, 0x11, 0x11, 0x06, 0x07, 0x18, 
	0x2b, 0x37, 0x35, 0x33, 0x11, 0x23, 0x35, 0x21, 0x11, 0x33, 0x15, 0x7d, 0xfa, 0x7d, 0x01, 0x77, 
	0xfa, 0x7d, 0x7d, 0x02, 0x71, 0x7d, 0xfd, 0x12, 0x7d, 0x00, 0x00, 0x00, 0x00, 0x02, 0x00, 0x00, 
	0x00, 0x7d, 0x03, 0x6b, 0x03, 0xe8, 0x00, 0x03, 0x00, 0x1f, 0x00, 0x5e, 0x40, 0x5b, 0x07, 0x01, 
	0x05, 0x0e, 0x01, 0x0c, 0x02, 0x05, 0x0c, 0x65, 0x10, 0x01, 0x01, 0x01, 0x00, 0x5d, 0x00, 0x00, 
	0x00, 0x1b, 0x4b, 0x09, 0x01, 0x03, 0x03, 0x04, 0x5d, 0x08, 0x06, 0x02, 0x04, 0x04, 0x1d, 0x4b, 
	0x0a, 0x01, 0x02, 0x02, 0x0b, 0x5d, 0x11, 0x0f, 0x0d, 0x03, 0x0b, 0x0b, 0x1c, 0x0b, 0x4c, 0x04, 
	0x04, 0x00, 0x00, 0x04, 0x1f, 0x04, 0x1f, 0x1e, 0x1d, 0x1c, 0x1b, 0x1a, 0x19, 0x18, 0x17, 0x16, 
	0x15, 0x14, 0x13, 0x12, 0x11, 0x10, 0x0f, 0x0e, 0x0d, 0x0c, 0x0b, 0x0a, 0x09, 0x08, 0x07, 0x06, 
	0x05, 0x00, 0x03, 0x00, 0x03, 0x11, 0x12, 0x07, 0x15, 0x2b, 0x13, 0x35, 0x21, 0x15, 0x01, 0x35, 
	0x33, 0x35, 0x23, 0x35, 0x33, 0x15, 0x33, 0x35, 0x33, 0x15, 0x33, 0x35, 0x33, 0x15, 0x23, 0x15, 
	0x33, 0x15, 0x23, 0x35, 0x23, 0x15, 0x23, 0x35, 0x23, 0x15, 0x7d, 0x02, 0x71, 0xfd, 0x12, 0x7d, 
	0x7d, 0xfa, 0x7d, 0x7d, 0x7d, 0xfa, 0x7d, 0x7d, 0xfa, 0x7d, 0x7d, 0x7d, 0x03, 0x6b, 0x7d, 0x7d, 
	0xfd, 0x12, 0xfa, 0x7d, 0xfa, 0xfa, 0xfa, 0xfa, 0xfa, 0xfa, 0x7d, 0xfa, 0xfa, 0xfa, 0xfa, 0xfa, 
	0x00, 0x01, 0x00, 0x00, 0x00, 0x00, 0x03, 0xe8, 0x02, 0xee, 0x00, 0x0f, 0x00, 0x31, 0x40, 0x2e, 
	0x00, 0x06, 0x00, 0x03, 0x00, 0x06, 0x03, 0x65, 0x00, 0x04, 0x04, 0x05, 0x5d, 0x07, 0x01, 0x05, 
	0x05, 0x1d, 0x4b, 0x00, 0x02, 0x02, 0x1c, 0x4b, 0x00, 0x00, 0x00, 0x01, 0x5d, 0x00, 0x01, 0x01, 
	0x1f, 0x01, 0x4c, 0x11, 0x11, 0x11, 0x11, 0x11, 0x11, 0x11, 0x10, 0x08, 0x07, 0x1c, 0x2b, 0x25, 
	0x33, 0x15, 0x23, 0x35, 0x23, 0x35, 0x21, 0x35, 0x23, 0x35, 0x33, 0x15, 0x21, 0x35, 0x33, 0x03, 
	0x6b, 0x7d, 0xfa, 0x7d, 0xfe, 0x0c, 0x7d, 0xfa, 0x01, 0x77, 0xfa, 0xfa, 0xfa, 0x7d, 0xfa, 0x7d, 
	0xfa, 0xfa, 0xfa, 0x00, 0x00, 0x03, 0x00, 0x00, 0x00, 0x7d, 0x03, 0x6b, 0x03, 0xe8, 0x00, 0x03, 
	0x00, 0x11, 0x00, 0x15, 0x00, 0x5c, 0x40, 0x59, 0x00, 0x07, 0x05, 0x04, 0x05, 0x07, 0x04, 0x7e, 
	0x00, 0x04, 0x00, 0x0a, 0x03, 0x04, 0x0a, 0x65, 0x00, 0x03, 0x00, 0x02, 0x09, 0x03, 0x02, 0x65, 
	0x0b, 0x01, 0x01, 0x01, 0x00, 0x5d, 0x00, 0x00, 0x00, 0x1b, 0x4b, 0x00, 0x05, 0x05, 0x06, 0x5d, 
	0x00, 0x06, 0x06, 0x1d, 0x4b, 0x00, 0x09, 0x09, 0x08, 0x5e, 0x0c, 0x01, 0x08, 0x08, 0x1c, 0x08, 
	0x4c, 0x04, 0x04, 0x00, 0x00, 0x15, 0x14, 0x13, 0x12, 0x04, 0x11, 0x04, 0x11, 0x10, 0x0f, 0x0e, 
	0x0d, 0x0c, 0x0b, 0x0a, 0x09, 0x08, 0x07, 0x06, 0x05, 0x00, 0x03, 0x00, 0x03, 0x11, 0x0d, 0x07, 
	0x15, 0x2b, 0x13, 0x35, 0x21, 0x15, 0x01, 0x35, 0x23, 0x35, 0x33, 0x35, 0x21, 0x35, 0x21, 0x35, 
	0x21, 0x15, 0x33, 0x11, 0x25, 0x21, 0x35, 0x21, 0x7d, 0x02, 0x71, 0xfd, 0x8f, 0x7d, 0x7d, 0x01, 
	0xf4, 0xfe, 0x0c, 0x02, 0x71, 0x7d, 0xfd, 0x8f, 0x01, 0x77, 0xfe, 0x89, 0x03, 0x6b, 0x7d, 0x7d, 
	0xfd, 0x12, 0x7d, 0x7d, 0x7d, 0x7d, 0x7d, 0x7d, 0xfe, 0x0c, 0x7d, 0x7d, 0x00, 0x04, 0x00, 0x00, 
	0x00, 0x7d, 0x03, 0x6b, 0x03, 0xe8, 0x00, 0x03, 0x00, 0x07, 0x00, 0x15, 0x00, 0x19, 0x00, 0x67, 
	0x40, 0x64, 0x00, 0x09, 0x07, 0x06, 0x07, 0x09, 0x06, 0x7e, 0x00, 0x06, 0x00, 0x0c, 0x05, 0x06, 
	0x0c, 0x65, 0x00, 0x05, 0x00, 0x04, 0x0b, 0x05, 0x04, 0x65, 0x0e, 0x03, 0x0d, 0x03, 0x01, 0x01, 
	0x00, 0x5d, 0x02, 0x01, 0x00, 0x00, 0x1b, 0x4b, 0x00, 0x07, 0x07, 0x08, 0x5d, 0x00, 0x08, 0x08, 
	0x1d, 0x4b, 0x00, 0x0b, 0x0b, 0x0a, 0x5e, 0x0f, 0x01, 0x0a, 0x0a, 0x1c, 0x0a, 0x4c, 0x08, 0x08, 
	0x04, 0x04, 0x00, 0x00, 0x19, 0x18, 0x17, 0x16, 0x08, 0x15, 0x08, 0x15, 0x14, 0x13, 0x12, 0x11, 
	0x10, 0x0f, 0x0e, 0x0d, 0x0c, 0x0b, 0x0a, 0x09, 0x04, 0x07, 0x04, 0x07, 0x06, 0x05, 0x00, 0x03, 
	0x00, 0x03, 0x11, 0x10, 0x07, 0x15, 0x2b, 0x13, 0x35, 0x33, 0x15, 0x33, 0x35, 0x33, 0x15, 0x01, 
	0x35, 0x23, 0x35, 0x33, 0x35, 0x21, 0x35, 0x21, 0x35, 0x21, 0x15, 0x33, 0x11, 0x25, 0x21, 0x35, 
	0x21, 0x7d, 0xfa, 0x7d, 0xfa, 0xfd, 0x8f, 0x7d, 0x7d, 0x01, 0xf4, 0xfe, 0x0c, 0x02, 0x71, 0x7d, 
	0xfd, 0x8f, 0x01, 0x77, 0xfe, 0x89, 0x03, 0x6b, 0x7d, 0x7d, 0x7d, 0x7d, 0xfd, 0x12, 0x7d, 0x7d, 
	0x7d, 0x7d, 0x7d, 0x7d, 0xfe, 0x0c, 0x7d, 0x7d, 0x00, 0x03, 0x00, 0x00, 0x00, 0x7d, 0x03, 0x6b, 
	0x03, 0xe8, 0x00, 0x03, 0x00, 0x11, 0x00, 0x15, 0x00, 0x55, 0x40, 0x52, 0x00, 0x09, 0x00, 0x06, 
	0x02, 0x09, 0x06, 0x66, 0x05, 0x01, 0x03, 0x00, 0x02, 0x07, 0x03, 0x02, 0x65, 0x0b, 0x01, 0x01, 
	0x01, 0x00, 0x5d, 0x00, 0x00, 0x00, 0x1b, 0x4b, 0x00, 0x0a, 0x0a, 0x04, 0x5d, 0x00, 0x04, 0x04, 
	0x1d, 0x4b, 0x00, 0x07, 0x07, 0x08, 0x5d, 0x0c, 0x01, 0x08, 0x08, 0x1c, 0x08, 0x4c, 0x04, 0x04, 
	0x00, 0x00, 0x15, 0x14, 0x13, 0x12, 0x04, 0x11, 0x04, 0x11, 0x10, 0x0f, 0x0e, 0x0d, 0x0c, 0x0b, 
	0x0a, 0x09, 0x08, 0x07, 0x06, 0x05, 0x00, 0x03, 0x00, 0x03, 0x11, 0x0d, 0x07, 0x15, 0x2b, 0x13, 
	0x35, 0x21, 0x15, 0x01, 0x35, 0x23, 0x11, 0x33, 0x35, 0x21, 0x15, 0x33, 0x15, 0x21, 0x15, 0x21, 
	0x15, 0x01, 0x21, 0x35, 0x21, 0x7d, 0x02, 0x71, 0xfd, 0x8f, 0x7d, 0x7d, 0x02, 0x71, 0x7d, 0xfd, 
	0x8f, 0x01, 0xf4, 0xfe, 0x0c, 0x01, 0x77, 0xfe, 0x89, 0x03, 0x6b, 0x7d, 0x7d, 0xfd, 0x12, 0x7d, 
	0x01, 0x77, 0x7d, 0x7d, 0xfa, 0x7d, 0x7d, 0x01, 0x77, 0x7d, 0x00, 0x00, 0x00, 0x02, 0x00, 0x00, 
	0x00, 0x7d, 0x03, 0x6b, 0x02, 0xee, 0x00, 0x0d, 0x00, 0x11, 0x00, 0x3d, 0x40, 0x3a, 0x00, 0x01, 
	0x00, 0x08, 0x00, 0x01, 0x08, 0x65, 0x00, 0x04, 0x05, 0x01, 0x00, 0x07, 0x04, 0x00, 0x65, 0x00, 
	0x02, 0x02, 0x03, 0x5d, 0x00, 0x03, 0x03, 0x1d, 0x4b, 0x00, 0x07, 0x07, 0x06, 0x5d, 0x09, 0x01, 
	0x06, 0x06, 0x1c, 0x06, 0x4c, 0x00, 0x00, 0x11, 0x10, 0x0f, 0x0e, 0x00, 0x0d, 0x00, 0x0d, 0x11, 
	0x11, 0x11, 0x11, 0x11, 0x11, 0x0a, 0x07, 0x1a, 0x2b, 0x37, 0x35, 0x23, 0x35, 0x21, 0x35, 0x21, 
	0x35, 0x21, 0x15, 0x33, 0x11, 0x23, 0x15, 0x25, 0x21, 0x35, 0x21, 0x7d, 0x7d, 0x02, 0x71, 0xfe, 
	0x0c, 0x02, 0x71, 0x7d, 0x7d, 0xfe, 0x0c, 0x01, 0x77, 0xfe, 0x89, 0x7d, 0x7d, 0xfa, 0x7d, 0x7d, 
	0x7d, 0xfe, 0x89, 0x7d, 0x7d, 0x7d, 0x00, 0x00, 0x00, 0x03, 0x00, 0x00, 0x00, 0x7d, 0x03, 0x6b, 
	0x03, 0xe8, 0x00, 0x03, 0x00, 0x07, 0x00, 0x23, 0x00, 0x69, 0x40, 0x66, 0x09, 0x01, 0x07, 0x10, 
	0x01, 0x0e, 0x04, 0x07, 0x0e, 0x65, 0x13, 0x03, 0x12, 0x03, 0x01, 0x01, 0x00, 0x5d, 0x02, 0x01, 
	0x00, 0x00, 0x1b, 0x4b, 0x0b, 0x01, 0x05, 0x05, 0x06, 0x5d, 0x0a, 0x08, 0x02, 0x06, 0x06, 0x1d, 
	0x4b, 0x0c, 0x01, 0x04, 0x04, 0x0d, 0x5d, 0x14, 0x11, 0x0f, 0x03, 0x0d, 0x0d, 0x1c, 0x0d, 0x4c, 
	0x08, 0x08, 0x04, 0x04, 0x00, 0x00, 0x08, 0x23, 0x08, 0x23, 0x22, 0x21, 0x20, 0x1f, 0x1e, 0x1d, 
	0x1c, 0x1b, 0x1a, 0x19, 0x18, 0x17, 0x16, 0x15, 0x14, 0x13, 0x12, 0x11, 0x10, 0x0f, 0x0e, 0x0d, 
	0x0c, 0x0b, 0x0a, 0x09, 0x04, 0x07, 0x04, 0x07, 0x06, 0x05, 0x00, 0x03, 0x00, 0x03, 0x11, 0x15, 
	0x07, 0x15, 0x2b, 0x13, 0x35, 0x33, 0x15, 0x33, 0x35, 0x33, 0x15, 0x01, 0x35, 0x33, 0x35, 0x23, 
	0x35, 0x33, 0x15, 0x33, 0x35, 0x33, 0x15, 0x33, 0x35, 0x33, 0x15, 0x23, 0x15, 0x33, 0x15, 0x23, 
	0x35, 0x23, 0x15, 0x23, 0x35, 0x23, 0x15, 0x7d, 0xfa, 0x7d, 0xfa, 0xfd, 0x12, 0x7d, 0x7d, 0xfa, 
	0x7d, 0x7d, 0x7d, 0xfa, 0x7d, 0x7d, 0xfa, 0x7d, 0x7d, 0x7d, 0x03, 0x6b, 0x7d, 0x7d, 0x7d, 0x7d, 
	0xfd, 0x12, 0xfa, 0x7d, 0xfa, 0xfa, 0xfa, 0xfa, 0xfa, 0xfa, 0x7d, 0xfa, 0xfa, 0xfa, 0xfa, 0xfa, 
	0x00, 0x03, 0x00, 0x00, 0x00, 0x7d, 0x03, 0x6b, 0x03, 0xe8, 0x00, 0x03, 0x00, 0x07, 0x00, 0x23, 
	0x00, 0x75, 0x40, 0x72, 0x0d, 0x01, 0x0b, 0x0e, 0x01, 0x0a, 0x08, 0x0b, 0x0a, 0x65, 0x00, 0x08, 
	0x00, 0x07, 0x05, 0x08, 0x07, 0x65, 0x0f, 0x01, 0x05, 0x10, 0x01, 0x04, 0x06, 0x05, 0x04, 0x65, 
	0x13, 0x03, 0x12, 0x03, 0x01, 0x01, 0x00, 0x5d, 0x02, 0x01, 0x00, 0x00, 0x1b, 0x4b, 0x00, 0x09, 
	0x09, 0x0c, 0x5d, 0x00, 0x0c, 0x0c, 0x1d, 0x4b, 0x00, 0x06, 0x06, 0x11, 0x5d, 0x14, 0x01, 0x11, 
	0x11, 0x1c, 0x11, 0x4c, 0x08, 0x08, 0x04, 0x04, 0x00, 0x00, 0x08, 0x23, 0x08, 0x23, 0x22, 0x21, 
	0x20, 0x1f, 0x1e, 0x1d, 0x1c, 0x1b, 0x1a, 0x19, 0x18, 0x17, 0x16, 0x15, 0x14, 0x13, 0x12, 0x11, 
	0x10, 0x0f, 0x0e, 0x0d, 0x0c, 0x0b, 0x0a, 0x09, 0x04, 0x07, 0x04, 0x07, 0x06, 0x05, 0x00, 0x03, 
	0x00, 0x03, 0x11, 0x15, 0x07, 0x15, 0x2b, 0x13, 0x35, 0x33, 0x15, 0x33, 0x35, 0x33, 0x15, 0x01, 
	0x35, 0x23, 0x35, 0x33, 0x15, 0x21, 0x35, 0x23, 0x35, 0x33, 0x35, 0x21, 0x15, 0x23, 0x35, 0x33, 
	0x35, 0x21, 0x15, 0x33, 0x15, 0x23, 0x15, 0x33, 0x15, 0x23, 0x15, 0x7d, 0xfa, 0x7d, 0xfa, 0xfd, 
	0x8f, 0x7d, 0xfa, 0x01, 0x77, 0xfa, 0xfa, 0xfe, 0x89, 0xfa, 0x7d, 0x02, 0x71, 0x7d, 0x7d, 0x7d, 
	0x7d, 0x03, 0x6b, 0x7d, 0x7d, 0x7d, 0x7d, 0xfd, 0x12, 0x7d, 0x7d, 0x7d, 0x7d, 0x7d, 0x7d, 0x7d, 
	0x7d, 0x7d, 0x7d, 0x7d, 0x7d, 0x7d, 0x7d, 0x00, 0x00, 0x04, 0x00, 0x00, 0x00, 0x7d, 0x03, 0x6b, 
	0x03, 0xe8, 0x00, 0x03, 0x00, 0x0b, 0x00, 0x13, 0x00, 0x17, 0x00, 0x49, 0x40, 0x46, 0x00, 0x08, 
	0x00, 0x07, 0x0a, 0x08, 0x07, 0x65, 0x00, 0x0a, 0x00, 0x0b, 0x02, 0x0a, 0x0b, 0x65, 0x00, 0x02, 
	0x00, 0x03, 0x04, 0x02, 0x03, 0x65, 0x00, 0x00, 0x00, 0x01, 0x5d, 0x00, 0x01, 0x01, 0x1b, 0x4b, 
	0x0c, 0x09, 0x02, 0x05, 0x05, 0x1d, 0x4b, 0x06, 0x01, 0x04, 0x04, 0x1c, 0x04, 0x4c, 0x0c, 0x0c, 
	0x17, 0x16, 0x15, 0x14, 0x0c, 0x13, 0x0c, 0x13, 0x11, 0x11, 0x12, 0x11, 0x11, 0x11, 0x11, 0x11, 
	0x10, 0x0d, 0x07, 0x1d, 0x2b, 0x01, 0x21, 0x35, 0x21, 0x01, 0x33, 0x15, 0x23, 0x15, 0x23, 0x11, 
	0x33, 0x21, 0x11, 0x23, 0x11, 0x23, 0x35, 0x33, 0x35, 0x07, 0x33, 0x15, 0x23, 0x02, 0xee, 0xfd, 
	0x8f, 0x02, 0x71, 0xfe, 0x0c, 0x7d, 0x7d, 0xfa, 0xfa, 0x02, 0x71, 0xfa, 0x7d, 0x7d, 0xfa, 0x7d, 
	0x7d, 0x03, 0x6b, 0x7d, 0xfd, 0x8f, 0x7d, 0x7d, 0x02, 0x71, 0xfd, 0x8f, 0x01, 0x77, 0x7d, 0x7d, 
	0xfa, 0x7d, 0x00, 0x00, 0x00, 0x05, 0x00, 0x00, 0x00, 0x7d, 0x03, 0x6b, 0x03, 0xe8, 0x00, 0x03, 
	0x00, 0x07, 0x00, 0x0f, 0x00, 0x17, 0x00, 0x1b, 0x00, 0x4f, 0x40, 0x4c, 0x00, 0x0a, 0x00, 0x09, 
	0x0c, 0x0a, 0x09, 0x65, 0x00, 0x0c, 0x00, 0x0d, 0x04, 0x0c, 0x0d, 0x65, 0x00, 0x04, 0x00, 0x05, 
	0x06, 0x04, 0x05, 0x65, 0x02, 0x01, 0x00, 0x00, 0x01, 0x5d, 0x03, 0x01, 0x01, 0x01, 0x1b, 0x4b, 
	0x0e, 0x0b, 0x02, 0x07, 0x07, 0x1d, 0x4b, 0x08, 0x01, 0x06, 0x06, 0x1c, 0x06, 0x4c, 0x10, 0x10, 
	0x1b, 0x1a, 0x19, 0x18, 0x10, 0x17, 0x10, 0x17, 0x16, 0x15, 0x14, 0x13, 0x12, 0x11, 0x11, 0x11, 
	0x11, 0x11, 0x11, 0x11, 0x10, 0x0f, 0x07, 0x1d, 0x2b, 0x01, 0x23, 0x35, 0x33, 0x05, 0x23, 0x35, 
	0x33, 0x01, 0x33, 0x15, 0x23, 0x15, 0x23, 0x11, 0x33, 0x21, 0x11, 0x23, 0x11, 0x23, 0x35, 0x33, 
	0x35, 0x07, 0x33, 0x15, 0x23, 0x01, 0x77, 0xfa, 0xfa, 0x01, 0x77, 0xfa, 0xfa, 0xfe, 0x0c, 0x7d, 
	0x7d, 0xfa, 0xfa, 0x02, 0x71, 0xfa, 0x7d, 0x7d, 0xfa, 0x7d, 0x7d, 0x03, 0x6b, 0x7d, 0x7d, 0x7d, 
	0xfd, 0x8f, 0x7d, 0x7d, 0x02, 0x71, 0xfd, 0x8f, 0x01, 0x77, 0x7d, 0x7d, 0xfa, 0x7d, 0x00, 0x00, 
	0x00, 0x04, 0x00, 0x00, 0x00, 0x7d, 0x03, 0x6b, 0x03, 0xe8, 0x00, 0x03, 0x00, 0x07, 0x00, 0x13, 
	0x00, 0x17, 0x00, 0x57, 0x40, 0x54, 0x07, 0x01, 0x05, 0x08, 0x01, 0x04, 0x0a, 0x05, 0x04, 0x65, 
	0x0d, 0x03, 0x0c, 0x03, 0x01, 0x01, 0x00, 0x5d, 0x02, 0x01, 0x00, 0x00, 0x1b, 0x4b, 0x00, 0x0b, 
	0x0b, 0x06, 0x5d, 0x00, 0x06, 0x06, 0x1d, 0x4b, 0x00, 0x0a, 0x0a, 0x09, 0x5d, 0x0e, 0x01, 0x09, 
	0x09, 0x1c, 0x09, 0x4c, 0x08, 0x08, 0x04, 0x04, 0x00, 0x00, 0x17, 0x16, 0x15, 0x14, 0x08, 0x13, 
	0x08, 0x13, 0x12, 0x11, 0x10, 0x0f, 0x0e, 0x0d, 0x0c, 0x0b, 0x0a, 0x09, 0x04, 0x07, 0x04, 0x07, 
	0x06, 0x05, 0x00, 0x03, 0x00, 0x03, 0x11, 0x0f, 0x07, 0x15, 0x2b, 0x13, 0x35, 0x33, 0x15, 0x33, 
	0x35, 0x33, 0x15, 0x01, 0x35, 0x23, 0x11, 0x33, 0x35, 0x21, 0x15, 0x33, 0x11, 0x23, 0x15, 0x25, 
	0x21, 0x11, 0x21, 0x7d, 0xfa, 0x7d, 0xfa, 0xfd, 0x8f, 0x7d, 0x7d, 0x02, 0x71, 0x7d, 0x7d, 0xfe, 
	0x0c, 0x01, 0x77, 0xfe, 0x89, 0x03, 0x6b, 0x7d, 0x7d, 0x7d, 0x7d, 0xfd, 0x12, 0x7d, 0x01, 0x77, 
	0x7d, 0x7d, 0xfe, 0x89, 0x7d, 0x7d, 0x01, 0x77, 0x00, 0x03, 0x00, 0x00, 0x00, 0x7d, 0x03, 0x6b, 
	0x02, 0xee, 0x00, 0x0b, 0x00, 0x0f, 0x00, 0x13, 0x00, 0x80, 0x4b, 0xb0, 0x0a, 0x50, 0x58, 0x40, 
	0x2d, 0x00, 0x09, 0x01, 0x08, 0x07, 0x09, 0x70, 0x00, 0x08, 0x00, 0x06, 0x08, 0x6e, 0x03, 0x01, 
	0x01, 0x04, 0x01, 0x00, 0x06, 0x01, 0x00, 0x65, 0x00, 0x07, 0x07, 0x02, 0x5d, 0x00, 0x02, 0x02, 
	0x1d, 0x4b, 0x00, 0x06, 0x06, 0x05, 0x5e, 0x0a, 0x01, 0x05, 0x05, 0x1c, 0x05, 0x4c, 0x1b, 0x40, 
	0x2f, 0x00, 0x09, 0x01, 0x08, 0x01, 0x09, 0x08, 0x7e, 0x00, 0x08, 0x00, 0x01, 0x08, 0x00, 0x7c, 
	0x03, 0x01, 0x01, 0x04, 0x01, 0x00, 0x06, 0x01, 0x00, 0x65, 0x00, 0x07, 0x07, 0x02, 0x5d, 0x00, 
	0x02, 0x02, 0x1d, 0x4b, 0x00, 0x06, 0x06, 0x05, 0x5e, 0x0a, 0x01, 0x05, 0x05, 0x1c, 0x05, 0x4c, 
	0x59, 0x40, 0x16, 0x00, 0x00, 0x13, 0x12, 0x11, 0x10, 0x0f, 0x0e, 0x0d, 0x0c, 0x00, 0x0b, 0x00, 
	0x0b, 0x11, 0x11, 0x11, 0x11, 0x11, 0x0b, 0x07, 0x19, 0x2b, 0x37, 0x35, 0x23, 0x11, 0x33, 0x35, 
	0x21, 0x15, 0x33, 0x11, 0x23, 0x15, 0x25, 0x21, 0x11, 0x21, 0x07, 0x21, 0x35, 0x21, 0x7d, 0x7d, 
	0x7d, 0x02, 0x71, 0x7d, 0x7d, 0xfe, 0x0c, 0x01, 0x77, 0xfe, 0x89, 0x7d, 0x02, 0x71, 0xfd, 0x8f, 
	0x7d, 0x7d, 0x01, 0x77, 0x7d, 0x7d, 0xfe, 0x89, 0x7d, 0x7d, 0x01, 0x77, 0xfa, 0x7d, 0x00, 0x00, 
	0x00, 0x02, 0x00, 0x00, 0x00, 0x00, 0x03, 0x6b, 0x03, 0xe8, 0x00, 0x03, 0x00, 0x13, 0x00, 0x50, 
	0x40, 0x4d, 0x00, 0x06, 0x00, 0x03, 0x08, 0x06, 0x03, 0x65, 0x0a, 0x01, 0x01, 0x01, 0x00, 0x5d, 
	0x00, 0x00, 0x00, 0x1b, 0x4b, 0x00, 0x04, 0x04, 0x05, 0x5d, 0x07, 0x01, 0x05, 0x05, 0x1d, 0x4b, 
	0x00, 0x08, 0x08, 0x1c, 0x4b, 0x00, 0x02, 0x02, 0x09, 0x5d, 0x0b, 0x01, 0x09, 0x09, 0x1f, 0x09, 
	0x4c, 0x04, 0x04, 0x00, 0x00, 0x04, 0x13, 0x04, 0x13, 0x12, 0x11, 0x10, 0x0f, 0x0e, 0x0d, 0x0c, 
	0x0b, 0x0a, 0x09, 0x08, 0x07, 0x06, 0x05, 0x00, 0x03, 0x00, 0x03, 0x11, 0x0c, 0x07, 0x15, 0x2b, 
	0x13, 0x35, 0x21, 0x15, 0x01, 0x35, 0x21, 0x35, 0x21, 0x35, 0x23, 0x11, 0x33, 0x11, 0x21, 0x11, 
	0x33, 0x11, 0x23, 0x15, 0x7d, 0x02, 0x71, 0xfd, 0x8f, 0x01, 0xf4, 0xfe, 0x0c, 0x7d, 0xfa, 0x01, 
	0x77, 0xfa, 0x7d, 0x03, 0x6b, 0x7d, 0x7d, 0xfc, 0x95, 0x7d, 0x7d, 0x7d, 0x01, 0x77, 0xfe, 0x89, 
	0x01, 0x77, 0xfd, 0x8f, 0x7d, 0x00, 0x00, 0x00, 0x00, 0x03, 0x00, 0x00, 0x00, 0x00, 0x03, 0x6b, 
	0x03, 0xe8, 0x00, 0x03, 0x00, 0x07, 0x00, 0x17, 0x00, 0x5b, 0x40, 0x58, 0x00, 0x08, 0x00, 0x05, 
	0x0a, 0x08, 0x05, 0x65, 0x0d, 0x03, 0x0c, 0x03, 0x01, 0x01, 0x00, 0x5d, 0x02, 0x01, 0x00, 0x00, 
	0x1b, 0x4b, 0x00, 0x06, 0x06, 0x07, 0x5d, 0x09, 0x01, 0x07, 0x07, 0x1d, 0x4b, 0x00, 0x0a, 0x0a, 
	0x1c, 0x4b, 0x00, 0x04, 0x04, 0x0b, 0x5d, 0x0e, 0x01, 0x0b, 0x0b, 0x1f, 0x0b, 0x4c, 0x08, 0x08, 
	0x04, 0x04, 0x00, 0x00, 0x08, 0x17, 0x08, 0x17, 0x16, 0x15, 0x14, 0x13, 0x12, 0x11, 0x10, 0x0f, 
	0x0e, 0x0d, 0x0c, 0x0b, 0x0a, 0x09, 0x04, 0x07, 0x04, 0x07, 0x06, 0x05, 0x00, 0x03, 0x00, 0x03, 
	0x11, 0x0f, 0x07, 0x15, 0x2b, 0x13, 0x35, 0x33, 0x15, 0x33, 0x35, 0x33, 0x15, 0x01, 0x35, 0x21, 
	0x35, 0x21, 0x35, 0x23, 0x11, 0x33, 0x11, 0x21, 0x11, 0x33, 0x11, 0x23, 0x15, 0x7d, 0xfa, 0x7d, 
	0xfa, 0xfd, 0x8f, 0x01, 0xf4, 0xfe, 0x0c, 0x7d, 0xfa, 0x01, 0x77, 0xfa, 0x7d, 0x03, 0x6b, 0x7d, 
	0x7d, 0x7d, 0x7d, 0xfc, 0x95, 0x7d, 0x7d, 0x7d, 0x01, 0x77, 0xfe, 0x89, 0x01, 0x77, 0xfd, 0x8f, 
	0x7d, 0x00, 0x00, 0x00, 0x00, 0x04, 0x00, 0x00, 0x00, 0x00, 0x03, 0x6b, 0x03, 0xe8, 0x00, 0x03, 
	0x00, 0x07, 0x00, 0x19, 0x00, 0x1d, 0x00, 0x5d, 0x40, 0x5a, 0x10, 0x0e, 0x02, 0x0a, 0x00, 0x0d, 
	0x09, 0x0a, 0x0d, 0x65, 0x00, 0x0b, 0x00, 0x07, 0x04, 0x0b, 0x07, 0x66, 0x02, 0x01, 0x00, 0x00, 
	0x01, 0x5d, 0x03, 0x01, 0x01, 0x01, 0x1b, 0x4b, 0x00, 0x08, 0x08, 0x09, 0x5d, 0x0f, 0x0c, 0x02, 
	0x09, 0x09, 0x1d, 0x4b, 0x00, 0x04, 0x04, 0x1c, 0x4b, 0x00, 0x06, 0x06, 0x05, 0x5d, 0x00, 0x05, 
	0x05, 0x1f, 0x05, 0x4c, 0x1a, 0x1a, 0x08, 0x08, 0x1a, 0x1d, 0x1a, 0x1d, 0x1c, 0x1b, 0x08, 0x19, 
	0x08, 0x19, 0x18, 0x17, 0x16, 0x15, 0x14, 0x13, 0x11, 0x11, 0x11, 0x11, 0x12, 0x11, 0x11, 0x11, 
	0x10, 0x11, 0x07, 0x1d, 0x2b, 0x01, 0x23, 0x35, 0x33, 0x05, 0x23, 0x35, 0x33, 0x17, 0x11, 0x23, 
	0x15, 0x21, 0x35, 0x21, 0x35, 0x21, 0x35, 0x23, 0x11, 0x33, 0x35, 0x33, 0x11, 0x21, 0x11, 0x35, 
	0x15, 0x23, 0x35, 0x01, 0x77, 0x7d, 0x7d, 0x01, 0x77, 0x7d, 0x7d, 0x7d, 0x7d, 0xfd, 0x8f, 0x01, 
	0xf4, 0xfe, 0x0c, 0x7d, 0x7d, 0x7d, 0x01, 0x77, 0x7d, 0x03, 0x6b, 0x7d, 0x7d, 0x7d, 0xfa, 0xfd, 
	0x8f, 0x7d, 0x7d, 0x7d, 0x7d, 0x01, 0x77, 0x7d, 0xfe, 0x0c, 0x01, 0x77, 0x7d, 0x7d, 0x7d, 0x00, 
	0x00, 0x03, 0x00, 0x00, 0x00, 0x7d, 0x03, 0x6b, 0x03, 0xe8, 0x00, 0x03, 0x00, 0x07, 0x00, 0x13, 
	0x00, 0x4d, 0x40, 0x4a, 0x00, 0x07, 0x00, 0x04, 0x09, 0x07, 0x04, 0x65, 0x0b, 0x03, 0x0a, 0x03, 
	0x01, 0x01, 0x00, 0x5d, 0x02, 0x01, 0x00, 0x00, 0x1b, 0x4b, 0x00, 0x05, 0x05, 0x06, 0x5d, 0x08, 
	0x01, 0x06, 0x06, 0x1d, 0x4b, 0x0c, 0x01, 0x09, 0x09, 0x1c, 0x09, 0x4c, 0x08, 0x08, 0x04, 0x04, 
	0x00, 0x00, 0x08, 0x13, 0x08, 0x13, 0x12, 0x11, 0x10, 0x0f, 0x0e, 0x0d, 0x0c, 0x0b, 0x0a, 0x09, 
	0x04, 0x07, 0x04, 0x07, 0x06, 0x05, 0x00, 0x03, 0x00, 0x03, 0x11, 0x0d, 0x07, 0x15, 0x2b, 0x13, 
	0x35, 0x33, 0x15, 0x33, 0x35, 0x33, 0x15, 0x03, 0x35, 0x21, 0x35, 0x23, 0x35, 0x33, 0x15, 0x21, 
	0x35, 0x33, 0x11, 0x7d, 0xfa, 0x7d, 0xfa, 0x7d, 0xfe, 0x0c, 0x7d, 0xfa, 0x01, 0x77, 0xfa, 0x03, 
	0x6b, 0x7d, 0x7d, 0x7d, 0x7d, 0xfd, 0x12, 0xfa, 0x7d, 0xfa, 0xfa, 0xfa, 0xfd, 0x8f, 0x00, 0x00, 
	0x00, 0x01, 0x00, 0x7d, 0x00, 0x00, 0x03, 0x6b, 0x02, 0xee, 0x00, 0x0b, 0x00, 0x61, 0x4b, 0xb0, 
	0x0a, 0x50, 0x58, 0x40, 0x22, 0x00, 0x00, 0x01, 0x02, 0x01, 0x00, 0x70, 0x00, 0x01, 0x01, 0x05, 
	0x5d, 0x06, 0x01, 0x05, 0x05, 0x1d, 0x4b, 0x00, 0x04, 0x04, 0x1c, 0x4b, 0x00, 0x02, 0x02, 0x03, 
	0x5d, 0x00, 0x03, 0x03, 0x1f, 0x03, 0x4c, 0x1b, 0x40, 0x23, 0x00, 0x00, 0x01, 0x02, 0x01, 0x00, 
	0x02, 0x7e, 0x00, 0x01, 0x01, 0x05, 0x5d, 0x06, 0x01, 0x05, 0x05, 0x1d, 0x4b, 0x00, 0x04, 0x04, 
	0x1c, 0x4b, 0x00, 0x02, 0x02, 0x03, 0x5d, 0x00, 0x03, 0x03, 0x1f, 0x03, 0x4c, 0x59, 0x40, 0x0e, 
	0x00, 0x00, 0x00, 0x0b, 0x00, 0x0b, 0x11, 0x11, 0x11, 0x11, 0x11, 0x07, 0x07, 0x19, 0x2b, 0x01, 
	0x15, 0x23, 0x35, 0x21, 0x11, 0x33, 0x15, 0x23, 0x35, 0x23, 0x11, 0x03, 0x6b, 0x7d, 0xfe, 0x89, 
	0x7d, 0xfa, 0x7d, 0x02, 0xee, 0xfa, 0x7d, 0xfe, 0x89, 0xfa, 0x7d, 0x02, 0x71, 0x00, 0x00, 0x00, 
	0x00, 0x05, 0x00, 0x00, 0x00, 0x7d, 0x03, 0x6b, 0x03, 0xe8, 0x00, 0x03, 0x00, 0x07, 0x00, 0x0d, 
	0x00, 0x11, 0x00, 0x15, 0x00, 0x55, 0x40, 0x52, 0x00, 0x05, 0x00, 0x0a, 0x09, 0x05, 0x0a, 0x65, 
	0x0c, 0x03, 0x0b, 0x03, 0x01, 0x01, 0x00, 0x5d, 0x02, 0x01, 0x00, 0x00, 0x1b, 0x4b, 0x07, 0x01, 
	0x04, 0x04, 0x1d, 0x4b, 0x00, 0x09, 0x09, 0x06, 0x5e, 0x0e, 0x08, 0x0d, 0x03, 0x06, 0x06, 0x1c, 
	0x06, 0x4c, 0x0e, 0x0e, 0x08, 0x08, 0x04, 0x04, 0x00, 0x00, 0x15, 0x14, 0x13, 0x12, 0x0e, 0x11, 
	0x0e, 0x11, 0x10, 0x0f, 0x08, 0x0d, 0x08, 0x0d, 0x0c, 0x0b, 0x0a, 0x09, 0x04, 0x07, 0x04, 0x07, 
	0x06, 0x05, 0x00, 0x03, 0x00, 0x03, 0x11, 0x0f, 0x07, 0x15, 0x2b, 0x13, 0x35, 0x33, 0x15, 0x33, 
	0x35, 0x33, 0x15, 0x01, 0x11, 0x33, 0x15, 0x33, 0x11, 0x33, 0x11, 0x33, 0x11, 0x25, 0x33, 0x35, 
	0x23, 0x7d, 0xfa, 0x7d, 0xfa, 0xfd, 0x12, 0xfa, 0xfa, 0x7d, 0xfa, 0xfd, 0x8f, 0x7d, 0x7d, 0x03, 
	0x6b, 0x7d, 0x7d, 0x7d, 0x7d, 0xfd, 0x12, 0x02, 0x71, 0xfa, 0xfe, 0x89, 0x02, 0x71, 0xfd, 0x8f, 
	0x7d, 0x7d, 0x00, 0x00, 0x00, 0x02, 0x00, 0x00, 0x00, 0x00, 0x03, 0x6b, 0x02, 0xee, 0x00, 0x09, 
	0x00, 0x0d, 0x00, 0x35, 0x40, 0x32, 0x00, 0x02, 0x00, 0x01, 0x05, 0x02, 0x01, 0x65, 0x00, 0x05, 
	0x00, 0x00, 0x04, 0x05, 0x00, 0x65, 0x00, 0x06, 0x06, 0x03, 0x5d, 0x00, 0x03, 0x03, 0x1d, 0x4b, 
	0x07, 0x01, 0x04, 0x04, 0x1f, 0x04, 0x4c, 0x00, 0x00, 0x0d, 0x0c, 0x0b, 0x0a, 0x00, 0x09, 0x00, 
	0x09, 0x11, 0x11, 0x11, 0x11, 0x08, 0x07, 0x18, 0x2b, 0x21, 0x35, 0x21, 0x35, 0x23, 0x35, 0x33, 
	0x35, 0x21, 0x11, 0x01, 0x21, 0x35, 0x21, 0x02, 0x71, 0xfe, 0x0c, 0x7d, 0x7d, 0x02, 0xee, 0xfd, 
	0x8f, 0x01, 0x77, 0xfe, 0x89, 0xfa, 0x7d, 0xfa, 0x7d, 0xfd, 0x12, 0x01, 0x77, 0xfa, 0x00, 0x00, 
	0x00, 0x03, 0x00, 0x00, 0x00, 0x7d, 0x03, 0x6b, 0x02, 0xee, 0x00, 0x07, 0x00, 0x0b, 0x00, 0x13, 
	0x00, 0x3a, 0x40, 0x37, 0x06, 0x04, 0x02, 0x02, 0x02, 0x03, 0x5d, 0x0b, 0x09, 0x0a, 0x05, 0x04, 
	0x03, 0x03, 0x1d, 0x4b, 0x08, 0x01, 0x00, 0x00, 0x01, 0x5d, 0x07, 0x01, 0x01, 0x01, 0x1c, 0x01, 
	0x4c, 0x0c, 0x0c, 0x08, 0x08, 0x0c, 0x13, 0x0c, 0x13, 0x12, 0x11, 0x10, 0x0f, 0x0e, 0x0d, 0x08, 
	0x0b, 0x08, 0x0b, 0x12, 0x11, 0x11, 0x11, 0x10, 0x0c, 0x07, 0x19, 0x2b, 0x37, 0x33, 0x15, 0x23, 
	0x35, 0x23, 0x11, 0x33, 0x33, 0x11, 0x23, 0x11, 0x21, 0x11, 0x23, 0x15, 0x23, 0x35, 0x33, 0x11, 
	0xfa, 0x7d, 0xfa, 0x7d, 0xfa, 0xfa, 0x7d, 0x01, 0xf4, 0x7d, 0xfa, 0x7d, 0xfa, 0x7d, 0x7d, 0x01, 
	0xf4, 0xfe, 0x0c, 0x01, 0xf4, 0xfe, 0x0c, 0x7d, 0x7d, 0x01, 0xf4, 0x00, 0x00, 0x01, 0x00, 0x00, 
	0x00, 0x7d, 0x03, 0x6b, 0x03, 0xe8, 0x00, 0x0f, 0x00, 0x5c, 0x4b, 0xb0, 0x0a, 0x50, 0x58, 0x40, 
	0x21, 0x00, 0x01, 0x02, 0x07, 0x02, 0x01, 0x70, 0x00, 0x07, 0x00, 0x04, 0x03, 0x07, 0x04, 0x65, 
	0x00, 0x02, 0x02, 0x00, 0x5d, 0x06, 0x01, 0x00, 0x00, 0x1b, 0x4b, 0x05, 0x01, 0x03, 0x03, 0x1c, 
	0x03, 0x4c, 0x1b, 0x40, 0x22, 0x00, 0x01, 0x02, 0x07, 0x02, 0x01, 0x07, 0x7e, 0x00, 0x07, 0x00, 
	0x04, 0x03, 0x07, 0x04, 0x65, 0x00, 0x02, 0x02, 0x00, 0x5d, 0x06, 0x01, 0x00, 0x00, 0x1b, 0x4b, 
	0x05, 0x01, 0x03, 0x03, 0x1c, 0x03, 0x4c, 0x59, 0x40, 0x0b, 0x11, 0x11, 0x11, 0x11, 0x11, 0x11, 
	0x11, 0x10, 0x08, 0x07, 0x1c, 0x2b, 0x01, 0x21, 0x15, 0x23, 0x35, 0x23, 0x11, 0x23, 0x11, 0x23, 
	0x11, 0x23, 0x11, 0x33, 0x11, 0x33, 0x01, 0x77, 0x01, 0xf4, 0x7d, 0x7d, 0xfa, 0x7d, 0xfa, 0xfa, 
	0x7d, 0x03, 0xe8, 0xfa, 0x7d, 0xfd, 0x12, 0x01, 0x77, 0xfe, 0x89, 0x03, 0x6b, 0xfe, 0x89, 0x00, 
	0x00, 0x01, 0x00, 0x00, 0x00, 0x7d, 0x03, 0x6b, 0x02, 0xee, 0x00, 0x0f, 0x00, 0x5c, 0x4b, 0xb0, 
	0x0a, 0x50, 0x58, 0x40, 0x21, 0x00, 0x01, 0x02, 0x07, 0x02, 0x01, 0x70, 0x00, 0x07, 0x00, 0x04, 
	0x03, 0x07, 0x04, 0x65, 0x00, 0x02, 0x02, 0x00, 0x5d, 0x06, 0x01, 0x00, 0x00, 0x1d, 0x4b, 0x05, 
	0x01, 0x03, 0x03, 0x1c, 0x03, 0x4c, 0x1b, 0x40, 0x22, 0x00, 0x01, 0x02, 0x07, 0x02, 0x01, 0x07, 
	0x7e, 0x00, 0x07, 0x00, 0x04, 0x03, 0x07, 0x04, 0x65, 0x00, 0x02, 0x02, 0x00, 0x5d, 0x06, 0x01, 
	0x00, 0x00, 0x1d, 0x4b, 0x05, 0x01, 0x03, 0x03, 0x1c, 0x03, 0x4c, 0x59, 0x40, 0x0b, 0x11, 0x11, 
	0x11, 0x11, 0x11, 0x11, 0x11, 0x10, 0x08, 0x07, 0x1c, 0x2b, 0x01, 0x21, 0x15, 0x23, 0x35, 0x23, 
	0x11, 0x23, 0x35, 0x23, 0x15, 0x23, 0x11, 0x33, 0x15, 0x33, 0x01, 0x77, 0x01, 0xf4, 0x7d, 0x7d, 
	0xfa, 0x7d, 0xfa, 0xfa, 0x7d, 0x02, 0xee, 0xfa, 0x7d, 0xfe, 0x0c, 0xfa, 0xfa, 0x02, 0x71, 0xfa, 
	0x00, 0x02, 0x00, 0x00, 0x00, 0x7d, 0x03, 0x6b, 0x03, 0xe8, 0x00, 0x13, 0x00, 0x17, 0x00, 0x98, 
	0x4b, 0xb0, 0x0a, 0x50, 0x58, 0x40, 0x39, 0x00, 0x01, 0x03, 0x0b, 0x00, 0x01, 0x70, 0x00, 0x0b, 
	0x00, 0x03, 0x0b, 0x6e, 0x00, 0x04, 0x00, 0x05, 0x0a, 0x04, 0x05, 0x65, 0x00, 0x0a, 0x00, 0x08, 
	0x06, 0x0a, 0x08, 0x65, 0x00, 0x03, 0x03, 0x02, 0x5d, 0x00, 0x02, 0x02, 0x1b, 0x4b, 0x00, 0x00, 
	0x00, 0x1d, 0x4b, 0x00, 0x06, 0x06, 0x07, 0x5d, 0x0c, 0x09, 0x02, 0x07, 0x07, 0x1c, 0x07, 0x4c, 
	0x1b, 0x40, 0x3b, 0x00, 0x01, 0x03, 0x0b, 0x03, 0x01, 0x0b, 0x7e, 0x00, 0x0b, 0x00, 0x03, 0x0b, 
	0x00, 0x7c, 0x00, 0x04, 0x00, 0x05, 0x0a, 0x04, 0x05, 0x65, 0x00, 0x0a, 0x00, 0x08, 0x06, 0x0a, 
	0x08, 0x65, 0x00, 0x03, 0x03, 0x02, 0x5d, 0x00, 0x02, 0x02, 0x1b, 0x4b, 0x00, 0x00, 0x00, 0x1d, 
	0x4b, 0x00, 0x06, 0x06, 0x07, 0x5d, 0x0c, 0x09, 0x02, 0x07, 0x07, 0x1c, 0x07, 0x4c, 0x59, 0x40, 
	0x16, 0x00, 0x00, 0x17, 0x16, 0x15, 0x14, 0x00, 0x13, 0x00, 0x13, 0x11, 0x11, 0x11, 0x11, 0x11, 
	0x11, 0x11, 0x11, 0x11, 0x0d, 0x07, 0x1d, 0x2b, 0x35, 0x11, 0x33, 0x35, 0x33, 0x35, 0x21, 0x15, 
	0x23, 0x15, 0x33, 0x15, 0x23, 0x15, 0x33, 0x15, 0x21, 0x35, 0x23, 0x15, 0x11, 0x33, 0x35, 0x23, 
	0x7d, 0x7d, 0x02, 0x71, 0xfa, 0xfa, 0xfa, 0xfa, 0xfe, 0x0c, 0x7d, 0x7d, 0x7d, 0x7d, 0x02, 0x71, 
	0x7d, 0x7d, 0x7d, 0xfa, 0x7d, 0xfa, 0x7d, 0xfa, 0xfa, 0x01, 0x77, 0xfa, 0x00, 0x03, 0x00, 0x00, 
	0x00, 0x7d, 0x03, 0x6b, 0x02, 0xee, 0x00, 0x13, 0x00, 0x17, 0x00, 0x1b, 0x00, 0x4f, 0x40, 0x4c, 
	0x00, 0x05, 0x00, 0x06, 0x02, 0x05, 0x06, 0x65, 0x0a, 0x01, 0x02, 0x0d, 0x01, 0x07, 0x01, 0x02, 
	0x07, 0x65, 0x00, 0x01, 0x00, 0x00, 0x08, 0x01, 0x00, 0x65, 0x0b, 0x01, 0x03, 0x03, 0x04, 0x5d, 
	0x00, 0x04, 0x04, 0x1d, 0x4b, 0x0c, 0x01, 0x08, 0x08, 0x09, 0x5d, 0x0e, 0x01, 0x09, 0x09, 0x1c, 
	0x09, 0x4c, 0x00, 0x00, 0x1b, 0x1a, 0x19, 0x18, 0x17, 0x16, 0x15, 0x14, 0x00, 0x13, 0x00, 0x13, 
	0x11, 0x11, 0x11, 0x11, 0x11, 0x11, 0x11, 0x11, 0x11, 0x0f, 0x07, 0x1d, 0x2b, 0x37, 0x35, 0x23, 
	0x35, 0x33, 0x35, 0x33, 0x35, 0x23, 0x35, 0x21, 0x15, 0x33, 0x15, 0x23, 0x15, 0x23, 0x15, 0x33, 
	0x15, 0x03, 0x33, 0x35, 0x23, 0x03, 0x33, 0x35, 0x23, 0x7d, 0x7d, 0x7d, 0xfa, 0xfa, 0x02, 0x71, 
	0x7d, 0x7d, 0xfa, 0xfa, 0xfa, 0x7d, 0x7d, 0xfa, 0x7d, 0x7d, 0x7d, 0x7d, 0x7d, 0x7d, 0x7d, 0x7d, 
	0x7d, 0x7d, 0x7d, 0x7d, 0x7d, 0x01, 0x77, 0x7d, 0xfe, 0x89, 0x7d, 0x00, 0x00, 0x02, 0x00, 0x00, 
	0x00, 0x7d, 0x03, 0x6b, 0x03, 0xe8, 0x00, 0x0f, 0x00, 0x17, 0x00, 0x86, 0x4b, 0xb0, 0x0a, 0x50, 
	0x58, 0x40, 0x2f, 0x03, 0x01, 0x01, 0x0a, 0x09, 0x00, 0x01, 0x70, 0x0b, 0x01, 0x09, 0x00, 0x0a, 
	0x09, 0x6e, 0x00, 0x08, 0x00, 0x06, 0x05, 0x08, 0x06, 0x65, 0x00, 0x0a, 0x0a, 0x02, 0x5d, 0x00, 
	0x02, 0x02, 0x31, 0x4b, 0x04, 0x01, 0x00, 0x00, 0x34, 0x4b, 0x0c, 0x07, 0x02, 0x05, 0x05, 0x32, 
	0x05, 0x4c, 0x1b, 0x40, 0x31, 0x03, 0x01, 0x01, 0x0a, 0x09, 0x0a, 0x01, 0x09, 0x7e, 0x0b, 0x01, 
	0x09, 0x00, 0x0a, 0x09, 0x00, 0x7c, 0x00, 0x08, 0x00, 0x06, 0x05, 0x08, 0x06, 0x65, 0x00, 0x0a, 
	0x0a, 0x02, 0x5d, 0x00, 0x02, 0x02, 0x31, 0x4b, 0x04, 0x01, 0x00, 0x00, 0x34, 0x4b, 0x0c, 0x07, 
	0x02, 0x05, 0x05, 0x32, 0x05, 0x4c, 0x59, 0x40, 0x18, 0x00, 0x00, 0x17, 0x16, 0x15, 0x14, 0x13, 
	0x12, 0x11, 0x10, 0x00, 0x0f, 0x00, 0x0f, 0x11, 0x11, 0x11, 0x11, 0x11, 0x11, 0x11, 0x0d, 0x08, 
	0x1b, 0x2b, 0x35, 0x11, 0x33, 0x35, 0x33, 0x35, 0x21, 0x15, 0x33, 0x15, 0x33, 0x11, 0x23, 0x35, 
	0x21, 0x15, 0x11, 0x21, 0x35, 0x23, 0x35, 0x23, 0x15, 0x23, 0x7d, 0x7d, 0x01, 0x77, 0x7d, 0x7d, 
	0xfa, 0xfe, 0x89, 0x01, 0x77, 0x7d, 0x7d, 0x7d, 0x7d, 0x02, 0x71, 0x7d, 0x7d, 0x7d, 0x7d, 0xfd, 
	0x8f, 0xfa, 0xfa, 0x01, 0x77, 0xfa, 0x7d, 0x7d, 0x00, 0x03, 0x00, 0x00, 0x00, 0x7d, 0x03, 0x6b, 
	0x03, 0xe8, 0x00, 0x0b, 0x00, 0x0f, 0x00, 0x13, 0x00, 0x47, 0x40, 0x44, 0x00, 0x01, 0x00, 0x02, 
	0x06, 0x01, 0x02, 0x65, 0x00, 0x06, 0x00, 0x09, 0x03, 0x06, 0x09, 0x65, 0x00, 0x03, 0x00, 0x04, 
	0x08, 0x03, 0x04, 0x65, 0x00, 0x07, 0x07, 0x00, 0x5d, 0x00, 0x00, 0x00, 0x31, 0x4b, 0x00, 0x08, 
	0x08, 0x05, 0x5d, 0x0a, 0x01, 0x05, 0x05, 0x32, 0x05, 0x4c, 0x00, 0x00, 0x13, 0x12, 0x11, 0x10, 
	0x0f, 0x0e, 0x0d, 0x0c, 0x00, 0x0b, 0x00, 0x0b, 0x11, 0x11, 0x11, 0x11, 0x11, 0x0b, 0x08, 0x19, 
	0x2b, 0x35, 0x11, 0x21, 0x15, 0x33, 0x15, 0x23, 0x15, 0x33, 0x15, 0x23, 0x15, 0x01, 0x21, 0x35, 
	0x21, 0x11, 0x21, 0x35, 0x21, 0x02, 0xee, 0x7d, 0x7d, 0x7d, 0x7d, 0xfe, 0x0c, 0x01, 0x77, 0xfe, 
	0x89, 0x01, 0x77, 0xfe, 0x89, 0x7d, 0x03, 0x6b, 0x7d, 0xfa, 0x7d, 0xfa, 0x7d, 0x01, 0xf4, 0xfa, 
	0xfd, 0x8f, 0xfa, 0x00, 0x00, 0x01, 0x00, 0x7d, 0x00, 0x7d, 0x03, 0x6b, 0x03, 0xe8, 0x00, 0x05, 
	0x00, 0x1f, 0x40, 0x1c, 0x00, 0x01, 0x01, 0x00, 0x5d, 0x00, 0x00, 0x00, 0x31, 0x4b, 0x03, 0x01, 
	0x02, 0x02, 0x32, 0x02, 0x4c, 0x00, 0x00, 0x00, 0x05, 0x00, 0x05, 0x11, 0x11, 0x04, 0x08, 0x16, 
	0x2b, 0x37, 0x11, 0x21, 0x15, 0x21, 0x11, 0x7d, 0x02, 0xee, 0xfe, 0x0c, 0x7d, 0x03, 0x6b, 0x7d, 
	0xfd, 0x12, 0x00, 0x00, 0x00, 0x02, 0x00, 0x00, 0x00, 0x7d, 0x03, 0x6b, 0x03, 0xe8, 0x00, 0x0b, 
	0x00, 0x13, 0x00, 0x7d, 0x4b, 0xb0, 0x0a, 0x50, 0x58, 0x40, 0x2c, 0x03, 0x01, 0x01, 0x08, 0x07, 
	0x08, 0x01, 0x07, 0x7e, 0x09, 0x01, 0x07, 0x00, 0x08, 0x07, 0x6e, 0x00, 0x08, 0x08, 0x02, 0x5d, 
	0x00, 0x02, 0x02, 0x31, 0x4b, 0x04, 0x01, 0x00, 0x00, 0x34, 0x4b, 0x00, 0x06, 0x06, 0x05, 0x5e, 
	0x0a, 0x01, 0x05, 0x05, 0x32, 0x05, 0x4c, 0x1b, 0x40, 0x2d, 0x03, 0x01, 0x01, 0x08, 0x07, 0x08, 
	0x01, 0x07, 0x7e, 0x09, 0x01, 0x07, 0x00, 0x08, 0x07, 0x00, 0x7c, 0x00, 0x08, 0x08, 0x02, 0x5d, 
	0x00, 0x02, 0x02, 0x31, 0x4b, 0x04, 0x01, 0x00, 0x00, 0x34, 0x4b, 0x00, 0x06, 0x06, 0x05, 0x5e, 
	0x0a, 0x01, 0x05, 0x05, 0x32, 0x05, 0x4c, 0x59, 0x40, 0x16, 0x00, 0x00, 0x13, 0x12, 0x11, 0x10, 
	0x0f, 0x0e, 0x0d, 0x0c, 0x00, 0x0b, 0x00, 0x0b, 0x11, 0x11, 0x11, 0x11, 0x11, 0x0b, 0x08, 0x19, 
	0x2b, 0x35, 0x11, 0x33, 0x35, 0x33, 0x35, 0x21, 0x15, 0x33, 0x15, 0x33, 0x11, 0x25, 0x21, 0x11, 
	0x23, 0x35, 0x23, 0x15, 0x23, 0x7d, 0x7d, 0x01, 0x77, 0x7d, 0x7d, 0xfd, 0x8f, 0x01, 0x77, 0x7d, 
	0x7d, 0x7d, 0x7d, 0x02, 0x71, 0x7d, 0x7d, 0x7d, 0x7d, 0xfd, 0x8f, 0x7d, 0x01, 0xf4, 0x7d, 0x7d, 
	0x00, 0x01, 0x00, 0x00, 0x00, 0x7d, 0x03, 0x6b, 0x03, 0xe8, 0x00, 0x0b, 0x00, 0x2f, 0x40, 0x2c, 
	0x00, 0x02, 0x00, 0x03, 0x04, 0x02, 0x03, 0x65, 0x00, 0x01, 0x01, 0x00, 0x5d, 0x00, 0x00, 0x00, 
	0x31, 0x4b, 0x00, 0x04, 0x04, 0x05, 0x5d, 0x06, 0x01, 0x05, 0x05, 0x32, 0x05, 0x4c, 0x00, 0x00, 
	0x00, 0x0b, 0x00, 0x0b, 0x11, 0x11, 0x11, 0x11, 0x11, 0x07, 0x08, 0x19, 0x2b, 0x35, 0x11, 0x21, 
	0x15, 0x21, 0x15, 0x21, 0x15, 0x21, 0x15, 0x21, 0x15, 0x03, 0x6b, 0xfd, 0x8f, 0x01, 0xf4, 0xfe, 
	0x0c, 0x02, 0x71, 0x7d, 0x03, 0x6b, 0x7d, 0xfa, 0x7d, 0xfa, 0x7d, 0x00, 0xff, 0xff, 0x00, 0x00, 
	0x00, 0x7d, 0x03, 0x6b, 0x03, 0xe8, 0x00, 0x02, 0x00, 0x77, 0x00, 0x00, 0x00, 0x01, 0x00, 0x00, 
	0x00, 0x7d, 0x03, 0x6b, 0x03, 0xe8, 0x00, 0x0b, 0x00, 0x27, 0x40, 0x24, 0x00, 0x01, 0x00, 0x04, 
	0x03, 0x01, 0x04, 0x65, 0x02, 0x01, 0x00, 0x00, 0x31, 0x4b, 0x06, 0x05, 0x02, 0x03, 0x03, 0x32, 
	0x03, 0x4c, 0x00, 0x00, 0x00, 0x0b, 0x00, 0x0b, 0x11, 0x11, 0x11, 0x11, 0x11, 0x07, 0x08, 0x19, 
	0x2b, 0x35, 0x11, 0x33, 0x11, 0x21, 0x11, 0x33, 0x11, 0x23, 0x11, 0x21, 0x11, 0xfa, 0x01, 0x77, 
	0xfa, 0xfa, 0xfe, 0x89, 0x7d, 0x03, 0x6b, 0xfe, 0x89, 0x01, 0x77, 0xfc, 0x95, 0x01, 0x77, 0xfe, 
	0x89, 0x00, 0x00, 0x00, 0x00, 0x03, 0x00, 0x00, 0x00, 0x7d, 0x03, 0x6b, 0x03, 0xe8, 0x00, 0x0b, 
	0x00, 0x0f, 0x00, 0x13, 0x00, 0x41, 0x40, 0x3e, 0x00, 0x06, 0x00, 0x09, 0x00, 0x06, 0x09, 0x65, 
	0x03, 0x01, 0x01, 0x04, 0x01, 0x00, 0x08, 0x01, 0x00, 0x65, 0x00, 0x07, 0x07, 0x02, 0x5d, 0x00, 
	0x02, 0x02, 0x31, 0x4b, 0x00, 0x08, 0x08, 0x05, 0x5d, 0x0a, 0x01, 0x05, 0x05, 0x32, 0x05, 0x4c, 
	0x00, 0x00, 0x13, 0x12, 0x11, 0x10, 0x0f, 0x0e, 0x0d, 0x0c, 0x00, 0x0b, 0x00, 0x0b, 0x11, 0x11, 
	0x11, 0x11, 0x11, 0x0b, 0x08, 0x19, 0x2b, 0x37, 0x35, 0x23, 0x11, 0x33, 0x35, 0x21, 0x15, 0x33, 
	0x11, 0x23, 0x15, 0x01, 0x21, 0x35, 0x21, 0x11, 0x21, 0x35, 0x21, 0x7d, 0x7d, 0x7d, 0x02, 0x71, 
	0x7d, 0x7d, 0xfe, 0x0c, 0x01, 0x77, 0xfe, 0x89, 0x01, 0x77, 0xfe, 0x89, 0x7d, 0x7d, 0x02, 0x71, 
	0x7d, 0x7d, 0xfd, 0x8f, 0x7d, 0x01, 0xf4, 0xfa, 0xfd, 0x8f, 0xfa, 0x00, 0x00, 0x01, 0x00, 0x7d, 
	0x00, 0x7d, 0x03, 0x6b, 0x03, 0xe8, 0x00, 0x0b, 0x00, 0x29, 0x40, 0x26, 0x03, 0x01, 0x01, 0x01, 
	0x02, 0x5d, 0x00, 0x02, 0x02, 0x31, 0x4b, 0x04, 0x01, 0x00, 0x00, 0x05, 0x5d, 0x06, 0x01, 0x05, 
	0x05, 0x32, 0x05, 0x4c, 0x00, 0x00, 0x00, 0x0b, 0x00, 0x0b, 0x11, 0x11, 0x11, 0x11, 0x11, 0x07, 
	0x08, 0x19, 0x2b, 0x37, 0x35, 0x33, 0x11, 0x23, 0x35, 0x21, 0x15, 0x23, 0x11, 0x33, 0x15, 0x7d, 
	0xfa, 0xfa, 0x02, 0xee, 0xfa, 0xfa, 0x7d, 0x7d, 0x02, 0x71, 0x7d, 0x7d, 0xfd, 0x8f, 0x7d, 0x00, 
	0x00, 0x01, 0x00, 0x00, 0x00, 0x7d, 0x03, 0x6b, 0x03, 0xe8, 0x00, 0x1d, 0x00, 0xbc, 0x4b, 0xb0, 
	0x0a, 0x50, 0x58, 0x40, 0x48, 0x00, 0x06, 0x03, 0x02, 0x05, 0x06, 0x70, 0x00, 0x08, 0x01, 0x0d, 
	0x01, 0x08, 0x0d, 0x7e, 0x00, 0x09, 0x0d, 0x0c, 0x0a, 0x09, 0x70, 0x00, 0x03, 0x00, 0x07, 0x01, 
	0x03, 0x07, 0x65, 0x00, 0x01, 0x00, 0x0d, 0x09, 0x01, 0x0d, 0x65, 0x00, 0x05, 0x05, 0x00, 0x5d, 
	0x04, 0x01, 0x00, 0x00, 0x31, 0x4b, 0x00, 0x0c, 0x0c, 0x02, 0x5d, 0x00, 0x02, 0x02, 0x34, 0x4b, 
	0x00, 0x0a, 0x0a, 0x0b, 0x5e, 0x0f, 0x0e, 0x02, 0x0b, 0x0b, 0x32, 0x0b, 0x4c, 0x1b, 0x40, 0x4a, 
	0x00, 0x06, 0x03, 0x02, 0x03, 0x06, 0x02, 0x7e, 0x00, 0x08, 0x01, 0x0d, 0x01, 0x08, 0x0d, 0x7e, 
	0x00, 0x09, 0x0d, 0x0c, 0x0d, 0x09, 0x0c, 0x7e, 0x00, 0x03, 0x00, 0x07, 0x01, 0x03, 0x07, 0x65, 
	0x00, 0x01, 0x00, 0x0d, 0x09, 0x01, 0x0d, 0x65, 0x00, 0x05, 0x05, 0x00, 0x5d, 0x04, 0x01, 0x00, 
	0x00, 0x31, 0x4b, 0x00, 0x0c, 0x0c, 0x02, 0x5d, 0x00, 0x02, 0x02, 0x34, 0x4b, 0x00, 0x0a, 0x0a, 
	0x0b, 0x5e, 0x0f, 0x0e, 0x02, 0x0b, 0x0b, 0x32, 0x0b, 0x4c, 0x59, 0x40, 0x1c, 0x00, 0x00, 0x00, 
	0x1d, 0x00, 0x1d, 0x1c, 0x1b, 0x1a, 0x19, 0x18, 0x17, 0x16, 0x15, 0x14, 0x13, 0x11, 0x11, 0x11, 
	0x11, 0x11, 0x11, 0x11, 0x11, 0x11, 0x10, 0x08, 0x1d, 0x2b, 0x35, 0x11, 0x33, 0x11, 0x33, 0x35, 
	0x33, 0x35, 0x33, 0x35, 0x33, 0x15, 0x23, 0x15, 0x23, 0x15, 0x23, 0x15, 0x33, 0x15, 0x33, 0x15, 
	0x33, 0x15, 0x21, 0x35, 0x23, 0x35, 0x23, 0x15, 0xfa, 0x7d, 0x7d, 0x7d, 0xfa, 0x7d, 0x7d, 0x7d, 
	0x7d, 0x7d, 0x7d, 0xfe, 0x89, 0x7d, 0x7d, 0x7d, 0x03, 0x6b, 0xfe, 0x89, 0x7d, 0x7d, 0x7d, 0x7d, 
	0x7d, 0x7d, 0x7d, 0x7d, 0x7d, 0x7d, 0x7d, 0x7d, 0xfa, 0x00, 0x00, 0x00, 0x00, 0x01, 0x00, 0x00, 
	0x00, 0x7d, 0x03, 0x6b, 0x03, 0xe8, 0x00, 0x13, 0x00, 0x70, 0x4b, 0xb0, 0x0a, 0x50, 0x58, 0x40, 
	0x27, 0x03, 0x01, 0x01, 0x07, 0x06, 0x00, 0x01, 0x70, 0x08, 0x01, 0x06, 0x00, 0x07, 0x06, 0x6e, 
	0x00, 0x07, 0x07, 0x02, 0x5d, 0x00, 0x02, 0x02, 0x31, 0x4b, 0x04, 0x01, 0x00, 0x00, 0x34, 0x4b, 
	0x0a, 0x09, 0x02, 0x05, 0x05, 0x32, 0x05, 0x4c, 0x1b, 0x40, 0x29, 0x03, 0x01, 0x01, 0x07, 0x06, 
	0x07, 0x01, 0x06, 0x7e, 0x08, 0x01, 0x06, 0x00, 0x07, 0x06, 0x00, 0x7c, 0x00, 0x07, 0x07, 0x02, 
	0x5d, 0x00, 0x02, 0x02, 0x31, 0x4b, 0x04, 0x01, 0x00, 0x00, 0x34, 0x4b, 0x0a, 0x09, 0x02, 0x05, 
	0x05, 0x32, 0x05, 0x4c, 0x59, 0x40, 0x12, 0x00, 0x00, 0x00, 0x13, 0x00, 0x13, 0x11, 0x11, 0x11, 
	0x11, 0x11, 0x11, 0x11, 0x11, 0x11, 0x0b, 0x08, 0x1d, 0x2b, 0x35, 0x11, 0x33, 0x35, 0x33, 0x35, 
	0x21, 0x15, 0x33, 0x15, 0x33, 0x11, 0x23, 0x11, 0x23, 0x35, 0x23, 0x15, 0x23, 0x11, 0x7d, 0x7d, 
	0x01, 0x77, 0x7d, 0x7d, 0xfa, 0x7d, 0x7d, 0x7d, 0x7d, 0x02, 0x71, 0x7d, 0x7d, 0x7d, 0x7d, 0xfd, 
	0x8f, 0x02, 0x71, 0x7d, 0x7d, 0xfd, 0x8f, 0x00, 0x00, 0x01, 0x00, 0x00, 0x00, 0x7d, 0x03, 0x6b, 
	0x03, 0xe8, 0x00, 0x13, 0x00, 0x37, 0x40, 0x34, 0x03, 0x01, 0x01, 0x08, 0x01, 0x06, 0x07, 0x01, 
	0x06, 0x65, 0x04, 0x01, 0x00, 0x00, 0x31, 0x4b, 0x00, 0x07, 0x07, 0x02, 0x5d, 0x00, 0x02, 0x02, 
	0x34, 0x4b, 0x0a, 0x09, 0x02, 0x05, 0x05, 0x32, 0x05, 0x4c, 0x00, 0x00, 0x00, 0x13, 0x00, 0x13, 
	0x11, 0x11, 0x11, 0x11, 0x11, 0x11, 0x11, 0x11, 0x11, 0x0b, 0x08, 0x1d, 0x2b, 0x35, 0x11, 0x33, 
	0x15, 0x33, 0x15, 0x33, 0x35, 0x33, 0x35, 0x33, 0x11, 0x23, 0x11, 0x23, 0x15, 0x23, 0x35, 0x23, 
	0x11, 0xfa, 0x7d, 0x7d, 0x7d, 0xfa, 0xfa, 0x7d, 0x7d, 0x7d, 0x7d, 0x03, 0x6b, 0x7d, 0x7d, 0x7d, 
	0x7d, 0xfc, 0x95, 0x01, 0xf4, 0xfa, 0xfa, 0xfe, 0x0c, 0x00, 0x00, 0x00, 0xff, 0xff, 0x00, 0x00, 
	0x00, 0x7d, 0x03, 0x6b, 0x03, 0xe8, 0x00, 0x02, 0x00, 0x43, 0x00, 0x00, 0x00, 0x03, 0x00, 0x00, 
	0x00, 0x7d, 0x03, 0x6b, 0x03, 0xe8, 0x00, 0x03, 0x00, 0x07, 0x00, 0x0b, 0x00, 0x3d, 0x40, 0x3a, 
	0x00, 0x02, 0x07, 0x01, 0x03, 0x04, 0x02, 0x03, 0x65, 0x06, 0x01, 0x01, 0x01, 0x00, 0x5d, 0x00, 
	0x00, 0x00, 0x31, 0x4b, 0x00, 0x04, 0x04, 0x05, 0x5d, 0x08, 0x01, 0x05, 0x05, 0x32, 0x05, 0x4c, 
	0x08, 0x08, 0x04, 0x04, 0x00, 0x00, 0x08, 0x0b, 0x08, 0x0b, 0x0a, 0x09, 0x04, 0x07, 0x04, 0x07, 
	0x06, 0x05, 0x00, 0x03, 0x00, 0x03, 0x11, 0x09, 0x08, 0x15, 0x2b, 0x11, 0x35, 0x21, 0x15, 0x01, 
	0x35, 0x21, 0x15, 0x01, 0x35, 0x21, 0x15, 0x03, 0x6b, 0xfd, 0x12, 0x02, 0x71, 0xfd, 0x12, 0x03, 
	0x6b, 0x03, 0x6b, 0x7d, 0x7d, 0xfe, 0x89, 0x7d, 0x7d, 0xfe, 0x89, 0x7d, 0x7d, 0x00, 0x00, 0x00, 
	0x00, 0x02, 0x00, 0x00, 0x00, 0x7d, 0x03, 0x6b, 0x03, 0xe8, 0x00, 0x0b, 0x00, 0x0f, 0x00, 0x35, 
	0x40, 0x32, 0x03, 0x01, 0x01, 0x04, 0x01, 0x00, 0x06, 0x01, 0x00, 0x65, 0x00, 0x07, 0x07, 0x02, 
	0x5d, 0x00, 0x02, 0x02, 0x31, 0x4b, 0x00, 0x06, 0x06, 0x05, 0x5d, 0x08, 0x01, 0x05, 0x05, 0x32, 
	0x05, 0x4c, 0x00, 0x00, 0x0f, 0x0e, 0x0d, 0x0c, 0x00, 0x0b, 0x00, 0x0b, 0x11, 0x11, 0x11, 0x11, 
	0x11, 0x09, 0x08, 0x19, 0x2b, 0x37, 0x35, 0x23, 0x11, 0x33, 0x35, 0x21, 0x15, 0x33, 0x11, 0x23, 
	0x15, 0x25, 0x21, 0x11, 0x21, 0x7d, 0x7d, 0x7d, 0x02, 0x71, 0x7d, 0x7d, 0xfe, 0x0c, 0x01, 0x77, 
	0xfe, 0x89, 0x7d, 0x7d, 0x02, 0x71, 0x7d, 0x7d, 0xfd, 0x8f, 0x7d, 0x7d, 0x02, 0x71, 0x00, 0x00, 
	0x00, 0x01, 0x00, 0x00, 0x00, 0x7d, 0x03, 0x6b, 0x03, 0xe8, 0x00, 0x07, 0x00, 0x21, 0x40, 0x1e, 
	0x00, 0x02, 0x02, 0x00, 0x5d, 0x00, 0x00, 0x00, 0x31, 0x4b, 0x04, 0x03, 0x02, 0x01, 0x01, 0x32, 
	0x01, 0x4c, 0x00, 0x00, 0x00, 0x07, 0x00, 0x07, 0x11, 0x11, 0x11, 0x05, 0x08, 0x17, 0x2b, 0x35, 
	0x11, 0x21, 0x11, 0x23, 0x11, 0x21, 0x11, 0x03, 0x6b, 0xfa, 0xfe, 0x89, 0x7d, 0x03, 0x6b, 0xfc, 
	0x95, 0x02, 0xee, 0xfd, 0x12, 0x00, 0x00, 0x00, 0x00, 0x02, 0x00, 0x00, 0x00, 0x7d, 0x03, 0x6b, 
	0x03, 0xe8, 0x00, 0x09, 0x00, 0x0d, 0x00, 0x35, 0x40, 0x32, 0x00, 0x01, 0x00, 0x02, 0x05, 0x01, 
	0x02, 0x65, 0x00, 0x05, 0x00, 0x03, 0x04, 0x05, 0x03, 0x65, 0x00, 0x06, 0x06, 0x00, 0x5d, 0x00, 
	0x00, 0x00, 0x31, 0x4b, 0x07, 0x01, 0x04, 0x04, 0x32, 0x04, 0x4c, 0x00, 0x00, 0x0d, 0x0c, 0x0b, 
	0x0a, 0x00, 0x09, 0x00, 0x09, 0x11, 0x11, 0x11, 0x11, 0x08, 0x08, 0x18, 0x2b, 0x35, 0x11, 0x21, 
	0x15, 0x33, 0x11, 0x23, 0x15, 0x21, 0x15, 0x11, 0x21, 0x11, 0x21, 0x02, 0xee, 0x7d, 0x7d, 0xfe, 
	0x0c, 0x01, 0x77, 0xfe, 0x89, 0x7d, 0x03, 0x6b, 0x7d, 0xfe, 0x89, 0x7d, 0xfa, 0x01, 0x77, 0x01, 
	0x77, 0x00, 0x00, 0x00, 0x00, 0x01, 0x00, 0x00, 0x00, 0x7d, 0x03, 0x6b, 0x03, 0xe8, 0x00, 0x1f, 
	0x00, 0xc2, 0x4b, 0xb0, 0x0a, 0x50, 0x58, 0x40, 0x4a, 0x07, 0x01, 0x04, 0x05, 0x09, 0x05, 0x04, 
	0x70, 0x00, 0x03, 0x09, 0x0a, 0x09, 0x03, 0x0a, 0x7e, 0x00, 0x02, 0x0b, 0x0c, 0x0b, 0x02, 0x0c, 
	0x7e, 0x0e, 0x01, 0x01, 0x0c, 0x00, 0x00, 0x01, 0x70, 0x00, 0x0a, 0x00, 0x0b, 0x02, 0x0a, 0x0b, 
	0x65, 0x08, 0x01, 0x05, 0x05, 0x06, 0x5d, 0x00, 0x06, 0x06, 0x31, 0x4b, 0x00, 0x0c, 0x0c, 0x09, 
	0x5d, 0x00, 0x09, 0x09, 0x34, 0x4b, 0x0d, 0x01, 0x00, 0x00, 0x0f, 0x5e, 0x10, 0x01, 0x0f, 0x0f, 
	0x32, 0x0f, 0x4c, 0x1b, 0x40, 0x4c, 0x07, 0x01, 0x04, 0x05, 0x09, 0x05, 0x04, 0x09, 0x7e, 0x00, 
	0x03, 0x09, 0x0a, 0x09, 0x03, 0x0a, 0x7e, 0x00, 0x02, 0x0b, 0x0c, 0x0b, 0x02, 0x0c, 0x7e, 0x0e, 
	0x01, 0x01, 0x0c, 0x00, 0x0c, 0x01, 0x00, 0x7e, 0x00, 0x0a, 0x00, 0x0b, 0x02, 0x0a, 0x0b, 0x65, 
	0x08, 0x01, 0x05, 0x05, 0x06, 0x5d, 0x00, 0x06, 0x06, 0x31, 0x4b, 0x00, 0x0c, 0x0c, 0x09, 0x5d, 
	0x00, 0x09, 0x09, 0x34, 0x4b, 0x0d, 0x01, 0x00, 0x00, 0x0f, 0x5e, 0x10, 0x01, 0x0f, 0x0f, 0x32, 
	0x0f, 0x4c, 0x59, 0x40, 0x1e, 0x00, 0x00, 0x00, 0x1f, 0x00, 0x1f, 0x1e, 0x1d, 0x1c, 0x1b, 0x1a, 
	0x19, 0x18, 0x17, 0x16, 0x15, 0x14, 0x13, 0x11, 0x11, 0x11, 0x11, 0x11, 0x11, 0x11, 0x11, 0x11, 
	0x11, 0x08, 0x1d, 0x2b, 0x35, 0x35, 0x33, 0x35, 0x33, 0x35, 0x33, 0x35, 0x23, 0x35, 0x23, 0x35, 
	0x23, 0x35, 0x21, 0x15, 0x23, 0x35, 0x23, 0x15, 0x33, 0x15, 0x33, 0x15, 0x23, 0x15, 0x23, 0x15, 
	0x33, 0x35, 0x33, 0x15, 0x7d, 0x7d, 0x7d, 0x7d, 0x7d, 0x7d, 0x03, 0x6b, 0xfa, 0xfa, 0x7d, 0xfa, 
	0xfa, 0x7d, 0xfa, 0xfa, 0x7d, 0x7d, 0x7d, 0x7d, 0x7d, 0x7d, 0x7d, 0x7d, 0xfa, 0x7d, 0x7d, 0x7d, 
	0x7d, 0x7d, 0x7d, 0x7d, 0xfa, 0x00, 0x00, 0x00, 0x00, 0x01, 0x00, 0x7d, 0x00, 0x7d, 0x03, 0x6b, 
	0x03, 0xe8, 0x00, 0x07, 0x00, 0x21, 0x40, 0x1e, 0x02, 0x01, 0x00, 0x00, 0x01, 0x5d, 0x00, 0x01, 
	0x01, 0x31, 0x4b, 0x04, 0x01, 0x03, 0x03, 0x32, 0x03, 0x4c, 0x00, 0x00, 0x00, 0x07, 0x00, 0x07, 
	0x11, 0x11, 0x11, 0x05, 0x08, 0x17, 0x2b, 0x25, 0x11, 0x23, 0x35, 0x21, 0x15, 0x23, 0x11, 0x01, 
	0x77, 0xfa, 0x02, 0xee, 0xfa, 0x7d, 0x02, 0xee, 0x7d, 0x7d, 0xfd, 0x12, 0x00, 0x01, 0x00, 0x7d, 
	0x00, 0x7d, 0x03, 0x6b, 0x03, 0xe8, 0x00, 0x0f, 0x00, 0x5f, 0x4b, 0xb0, 0x0a, 0x50, 0x58, 0x40, 
	0x20, 0x06, 0x01, 0x00, 0x03, 0x07, 0x01, 0x00, 0x70, 0x05, 0x01, 0x01, 0x01, 0x02, 0x5d, 0x04, 
	0x01, 0x02, 0x02, 0x31, 0x4b, 0x00, 0x03, 0x03, 0x07, 0x5d, 0x08, 0x01, 0x07, 0x07, 0x32, 0x07, 
	0x4c, 0x1b, 0x40, 0x21, 0x06, 0x01, 0x00, 0x03, 0x07, 0x03, 0x00, 0x07, 0x7e, 0x05, 0x01, 0x01, 
	0x01, 0x02, 0x5d, 0x04, 0x01, 0x02, 0x02, 0x31, 0x4b, 0x00, 0x03, 0x03, 0x07, 0x5d, 0x08, 0x01, 
	0x07, 0x07, 0x32, 0x07, 0x4c, 0x59, 0x40, 0x10, 0x00, 0x00, 0x00, 0x0f, 0x00, 0x0f, 0x11, 0x11, 
	0x11, 0x11, 0x11, 0x11, 0x11, 0x09, 0x08, 0x1b, 0x2b, 0x25, 0x11, 0x23, 0x35, 0x23, 0x11, 0x33, 
	0x11, 0x33, 0x11, 0x33, 0x11, 0x23, 0x15, 0x23, 0x11, 0x01, 0x77, 0x7d, 0x7d, 0xfa, 0xfa, 0xfa, 
	0x7d, 0x7d, 0x7d, 0x01, 0x77, 0x7d, 0x01, 0x77, 0xfe, 0x89, 0x01, 0x77, 0xfe, 0x89, 0x7d, 0xfe, 
	0x89, 0x00, 0x00, 0x00, 0x00, 0x03, 0x00, 0x00, 0x00, 0x7d, 0x03, 0x6b, 0x03, 0xe8, 0x00, 0x13, 
	0x00, 0x17, 0x00, 0x1b, 0x00, 0x49, 0x40, 0x46, 0x05, 0x01, 0x03, 0x0d, 0x01, 0x0b, 0x02, 0x03, 
	0x0b, 0x65, 0x0c, 0x01, 0x0a, 0x08, 0x01, 0x00, 0x09, 0x0a, 0x00, 0x65, 0x00, 0x04, 0x04, 0x31, 
	0x4b, 0x07, 0x01, 0x01, 0x01, 0x02, 0x5d, 0x06, 0x01, 0x02, 0x02, 0x34, 0x4b, 0x0e, 0x01, 0x09, 
	0x09, 0x32, 0x09, 0x4c, 0x00, 0x00, 0x1b, 0x1a, 0x19, 0x18, 0x17, 0x16, 0x15, 0x14, 0x00, 0x13, 
	0x00, 0x13, 0x11, 0x11, 0x11, 0x11, 0x11, 0x11, 0x11, 0x11, 0x11, 0x0f, 0x08, 0x1d, 0x2b, 0x25, 
	0x35, 0x23, 0x35, 0x23, 0x11, 0x33, 0x35, 0x33, 0x35, 0x33, 0x15, 0x33, 0x15, 0x33, 0x11, 0x23, 
	0x15, 0x23, 0x15, 0x27, 0x33, 0x11, 0x23, 0x13, 0x33, 0x11, 0x23, 0x01, 0x77, 0xfa, 0x7d, 0x7d, 
	0xfa, 0x7d, 0xfa, 0x7d, 0x7d, 0xfa, 0xfa, 0x7d, 0x7d, 0xfa, 0x7d, 0x7d, 0x7d, 0x7d, 0x7d, 0x01, 
	0x77, 0x7d, 0x7d, 0x7d, 0x7d, 0xfe, 0x89, 0x7d, 0x7d, 0xfa, 0x01, 0x77, 0xfe, 0x89, 0x01, 0x77, 
	0xff, 0xff, 0x00, 0x00, 0x00, 0x7d, 0x03, 0x6b, 0x03, 0xe8, 0x00, 0x02, 0x00, 0x72, 0x00, 0x00, 
	0x00, 0x01, 0x00, 0x00, 0x00, 0x7d, 0x03, 0xe8, 0x03, 0xe8, 0x00, 0x17, 0x00, 0x3d, 0x40, 0x3a, 
	0x06, 0x01, 0x04, 0x09, 0x01, 0x01, 0x00, 0x04, 0x01, 0x65, 0x08, 0x01, 0x02, 0x02, 0x03, 0x5d, 
	0x07, 0x05, 0x02, 0x03, 0x03, 0x31, 0x4b, 0x0a, 0x01, 0x00, 0x00, 0x0b, 0x5e, 0x0c, 0x01, 0x0b, 
	0x0b, 0x32, 0x0b, 0x4c, 0x00, 0x00, 0x00, 0x17, 0x00, 0x17, 0x16, 0x15, 0x14, 0x13, 0x11, 0x11, 
	0x11, 0x11, 0x11, 0x11, 0x11, 0x11, 0x11, 0x0d, 0x08, 0x1d, 0x2b, 0x37, 0x35, 0x33, 0x35, 0x23, 
	0x35, 0x23, 0x11, 0x33, 0x11, 0x33, 0x11, 0x33, 0x11, 0x33, 0x11, 0x33, 0x11, 0x23, 0x15, 0x23, 
	0x15, 0x33, 0x15, 0xfa, 0x7d, 0xfa, 0x7d, 0xfa, 0x7d, 0xfa, 0x7d, 0xfa, 0x7d, 0xfa, 0x7d, 0x7d, 
	0x7d, 0xfa, 0x7d, 0x01, 0x77, 0xfe, 0x89, 0x01, 0x77, 0xfe, 0x89, 0x01, 0x77, 0xfe, 0x89, 0x7d, 
	0xfa, 0x7d, 0x00, 0x00, 0x00, 0x01, 0x00, 0x00, 0x00, 0x7d, 0x03, 0x6b, 0x03, 0xe8, 0x00, 0x1f, 
	0x00, 0xa6, 0x4b, 0xb0, 0x0a, 0x50, 0x58, 0x40, 0x3c, 0x05, 0x01, 0x03, 0x0c, 0x0b, 0x0c, 0x03, 
	0x0b, 0x7e, 0x0d, 0x01, 0x0b, 0x02, 0x0c, 0x0b, 0x6e, 0x0e, 0x01, 0x0a, 0x01, 0x00, 0x00, 0x0a, 
	0x70, 0x00, 0x0c, 0x0c, 0x04, 0x5d, 0x00, 0x04, 0x04, 0x31, 0x4b, 0x07, 0x01, 0x01, 0x01, 0x02, 
	0x5d, 0x06, 0x01, 0x02, 0x02, 0x34, 0x4b, 0x08, 0x01, 0x00, 0x00, 0x09, 0x5e, 0x10, 0x0f, 0x02, 
	0x09, 0x09, 0x32, 0x09, 0x4c, 0x1b, 0x40, 0x3e, 0x05, 0x01, 0x03, 0x0c, 0x0b, 0x0c, 0x03, 0x0b, 
	0x7e, 0x0d, 0x01, 0x0b, 0x02, 0x0c, 0x0b, 0x02, 0x7c, 0x0e, 0x01, 0x0a, 0x01, 0x00, 0x01, 0x0a, 
	0x00, 0x7e, 0x00, 0x0c, 0x0c, 0x04, 0x5d, 0x00, 0x04, 0x04, 0x31, 0x4b, 0x07, 0x01, 0x01, 0x01, 
	0x02, 0x5d, 0x06, 0x01, 0x02, 0x02, 0x34, 0x4b, 0x08, 0x01, 0x00, 0x00, 0x09, 0x5e, 0x10, 0x0f, 
	0x02, 0x09, 0x09, 0x32, 0x09, 0x4c, 0x59, 0x40, 0x1e, 0x00, 0x00, 0x00, 0x1f, 0x00, 0x1f, 0x1e, 
	0x1d, 0x1c, 0x1b, 0x1a, 0x19, 0x18, 0x17, 0x16, 0x15, 0x14, 0x13, 0x11, 0x11, 0x11, 0x11, 0x11, 
	0x11, 0x11, 0x11, 0x11, 0x11, 0x08, 0x1d, 0x2b, 0x35, 0x35, 0x33, 0x35, 0x23, 0x11, 0x33, 0x35, 
	0x33, 0x35, 0x21, 0x15, 0x33, 0x15, 0x33, 0x11, 0x23, 0x15, 0x33, 0x15, 0x21, 0x35, 0x33, 0x11, 
	0x23, 0x35, 0x23, 0x15, 0x23, 0x11, 0x33, 0x15, 0x7d, 0x7d, 0x7d, 0x7d, 0x01, 0x77, 0x7d, 0x7d, 
	0x7d, 0x7d, 0xfe, 0x89, 0x7d, 0x7d, 0x7d, 0x7d, 0x7d, 0x7d, 0x7d, 0x7d, 0x01, 0x77, 0x7d, 0x7d, 
	0x7d, 0x7d, 0xfe, 0x89, 0x7d, 0x7d, 0xfa, 0x01, 0x77, 0x7d, 0x7d, 0xfe, 0x89, 0xfa, 0x00, 0x00, 
	0x00, 0x04, 0x00, 0x00, 0x00, 0x7d, 0x03, 0x6b, 0x03, 0xe8, 0x00, 0x0f, 0x00, 0x13, 0x00, 0x17, 
	0x00, 0x1b, 0x00, 0x50, 0x40, 0x4d, 0x0f, 0x0b, 0x06, 0x03, 0x04, 0x0c, 0x01, 0x0a, 0x03, 0x04, 
	0x0a, 0x65, 0x00, 0x0d, 0x00, 0x01, 0x00, 0x0d, 0x01, 0x65, 0x00, 0x08, 0x08, 0x05, 0x5d, 0x09, 
	0x01, 0x05, 0x05, 0x31, 0x4b, 0x0e, 0x07, 0x02, 0x03, 0x03, 0x34, 0x4b, 0x02, 0x01, 0x00, 0x00, 
	0x32, 0x00, 0x4c, 0x14, 0x14, 0x00, 0x00, 0x1b, 0x1a, 0x19, 0x18, 0x14, 0x17, 0x14, 0x17, 0x16, 
	0x15, 0x13, 0x12, 0x11, 0x10, 0x00, 0x0f, 0x00, 0x0f, 0x11, 0x11, 0x11, 0x11, 0x11, 0x11, 0x11, 
	0x10, 0x08, 0x1b, 0x2b, 0x01, 0x11, 0x23, 0x35, 0x23, 0x15, 0x23, 0x11, 0x33, 0x35, 0x33, 0x35, 
	0x33, 0x15, 0x33, 0x15, 0x25, 0x23, 0x35, 0x33, 0x07, 0x15, 0x23, 0x35, 0x05, 0x23, 0x15, 0x33, 
	0x03, 0x6b, 0xfa, 0xfa, 0xfa, 0x7d, 0x7d, 0xfa, 0x7d, 0xfe, 0x0c, 0x7d, 0x7d, 0x7d, 0x7d, 0x02, 
	0x71, 0xfa, 0xfa, 0x02, 0xee, 0xfd, 0x8f, 0xfa, 0xfa, 0x02, 0x71, 0x7d, 0x7d, 0x7d, 0x7d, 0x7d, 
	0x7d, 0x7d, 0x7d, 0x7d, 0x7d, 0xfa, 0x00, 0x00, 0x00, 0x02, 0x00, 0x00, 0x00, 0x7d, 0x03, 0xe8, 
	0x03, 0xe8, 0x00, 0x0d, 0x00, 0x11, 0x00, 0x3d, 0x40, 0x3a, 0x00, 0x07, 0x00, 0x08, 0x01, 0x07, 
	0x08, 0x65, 0x00, 0x01, 0x00, 0x02, 0x03, 0x01, 0x02, 0x65, 0x05, 0x01, 0x00, 0x00, 0x06, 0x5d, 
	0x09, 0x01, 0x06, 0x06, 0x31, 0x4b, 0x00, 0x03, 0x03, 0x04, 0x5d, 0x00, 0x04, 0x04, 0x32, 0x04, 
	0x4c, 0x00, 0x00, 0x11, 0x10, 0x0f, 0x0e, 0x00, 0x0d, 0x00, 0x0d, 0x11, 0x11, 0x11, 0x11, 0x11, 
	0x11, 0x0a, 0x08, 0x1a, 0x2b, 0x01, 0x15, 0x21, 0x15, 0x33, 0x15, 0x23, 0x15, 0x21, 0x15, 0x21, 
	0x11, 0x23, 0x35, 0x07, 0x33, 0x15, 0x23, 0x03, 0xe8, 0xfe, 0x0c, 0xfa, 0xfa, 0x01, 0xf4, 0xfd, 
	0x12, 0x7d, 0x7d, 0x7d, 0x7d, 0x03, 0xe8, 0x7d, 0xfa, 0x7d, 0xfa, 0x7d, 0x02, 0xee, 0x7d, 0x7d, 
	0x7d, 0x00, 0x00, 0x00, 0x00, 0x02, 0x00, 0x00, 0x00, 0x7d, 0x03, 0xe8, 0x03, 0xe8, 0x00, 0x0d, 
	0x00, 0x11, 0x00, 0x39, 0x40, 0x36, 0x00, 0x07, 0x00, 0x08, 0x05, 0x07, 0x08, 0x65, 0x00, 0x05, 
	0x00, 0x01, 0x00, 0x05, 0x01, 0x65, 0x00, 0x03, 0x03, 0x04, 0x5d, 0x09, 0x06, 0x02, 0x04, 0x04, 
	0x31, 0x4b, 0x02, 0x01, 0x00, 0x00, 0x32, 0x00, 0x4c, 0x00, 0x00, 0x11, 0x10, 0x0f, 0x0e, 0x00, 
	0x0d, 0x00, 0x0d, 0x11, 0x11, 0x11, 0x11, 0x11, 0x11, 0x0a, 0x08, 0x1a, 0x2b, 0x01, 0x11, 0x23, 
	0x11, 0x23, 0x11, 0x23, 0x11, 0x23, 0x35, 0x21, 0x11, 0x33, 0x11, 0x05, 0x33, 0x15, 0x23, 0x03, 
	0xe8, 0xfa, 0xfa, 0xfa, 0x7d, 0x01, 0x77, 0xfa, 0xfd, 0x12, 0x7d, 0x7d, 0x03, 0xe8, 0xfc, 0x95, 
	0x01, 0x77, 0xfe, 0x89, 0x02, 0xee, 0x7d, 0xfe, 0x89, 0x01, 0x77, 0x7d, 0x7d, 0x00, 0x00, 0x00, 
	0x00, 0x03, 0x00, 0x00, 0x00, 0x7d, 0x03, 0x6b, 0x03, 0xe8, 0x00, 0x03, 0x00, 0x0f, 0x00, 0x13, 
	0x00, 0x39, 0x40, 0x36, 0x00, 0x08, 0x00, 0x09, 0x03, 0x08, 0x09, 0x65, 0x06, 0x02, 0x02, 0x01, 
	0x01, 0x00, 0x5d, 0x0a, 0x07, 0x02, 0x00, 0x00, 0x31, 0x4b, 0x05, 0x01, 0x03, 0x03, 0x04, 0x5d, 
	0x00, 0x04, 0x04, 0x32, 0x04, 0x4c, 0x04, 0x04, 0x13, 0x12, 0x11, 0x10, 0x04, 0x0f, 0x04, 0x0f, 
	0x11, 0x11, 0x11, 0x11, 0x12, 0x11, 0x10, 0x0b, 0x08, 0x1b, 0x2b, 0x13, 0x33, 0x15, 0x23, 0x25, 
	0x15, 0x23, 0x11, 0x33, 0x15, 0x21, 0x35, 0x33, 0x11, 0x23, 0x35, 0x05, 0x33, 0x15, 0x23, 0x7d, 
	0x7d, 0x7d, 0x02, 0xee, 0x7d, 0x7d, 0xfe, 0x0c, 0x7d, 0x7d, 0xfe, 0x89, 0x7d, 0x7d, 0x03, 0xe8, 
	0x7d, 0x7d, 0x7d, 0xfd, 0x8f, 0x7d, 0x7d, 0x02, 0x71, 0x7d, 0x7d, 0x7d, 0x00, 0x04, 0x00, 0x00, 
	0x00, 0x7d, 0x03, 0xe8, 0x03, 0xe8, 0x00, 0x03, 0x00, 0x0f, 0x00, 0x13, 0x00, 0x17, 0x00, 0x4f, 
	0x40, 0x4c, 0x00, 0x09, 0x02, 0x05, 0x09, 0x55, 0x08, 0x0d, 0x07, 0x03, 0x05, 0x04, 0x01, 0x02, 
	0x0b, 0x05, 0x02, 0x65, 0x0a, 0x01, 0x00, 0x00, 0x01, 0x5d, 0x06, 0x0c, 0x02, 0x01, 0x01, 0x31, 
	0x4b, 0x00, 0x0b, 0x0b, 0x03, 0x5d, 0x00, 0x03, 0x03, 0x32, 0x03, 0x4c, 0x04, 0x04, 0x00, 0x00, 
	0x17, 0x16, 0x15, 0x14, 0x13, 0x12, 0x11, 0x10, 0x04, 0x0f, 0x04, 0x0f, 0x0e, 0x0d, 0x0c, 0x0b, 
	0x0a, 0x09, 0x08, 0x07, 0x06, 0x05, 0x00, 0x03, 0x00, 0x03, 0x11, 0x0e, 0x08, 0x15, 0x2b, 0x13, 
	0x15, 0x23, 0x35, 0x05, 0x11, 0x23, 0x15, 0x21, 0x35, 0x23, 0x11, 0x33, 0x35, 0x21, 0x15, 0x21, 
	0x33, 0x15, 0x23, 0x25, 0x23, 0x11, 0x33, 0xfa, 0x7d, 0x03, 0x6b, 0x7d, 0xfe, 0x0c, 0x7d, 0x7d, 
	0x01, 0xf4, 0xfc, 0x95, 0x7d, 0x7d, 0x02, 0xee, 0xfa, 0xfa, 0x03, 0xe8, 0x7d, 0x7d, 0x7d, 0xfd, 
	0x8f, 0x7d, 0x7d, 0x02, 0x71, 0x7d, 0x7d, 0x7d, 0x7d, 0xfd, 0x8f, 0x00, 0x00, 0x02, 0x00, 0x00, 
	0x00, 0x7d, 0x03, 0xe8, 0x03, 0xe8, 0x00, 0x11, 0x00, 0x15, 0x00, 0x8c, 0x4b, 0xb0, 0x0a, 0x50, 
	0x58, 0x40, 0x34, 0x03, 0x01, 0x01, 0x07, 0x02, 0x00, 0x01, 0x70, 0x00, 0x09, 0x00, 0x0a, 0x00, 
	0x09, 0x0a, 0x65, 0x00, 0x05, 0x05, 0x06, 0x5d, 0x0b, 0x08, 0x02, 0x06, 0x06, 0x31, 0x4b, 0x04, 
	0x01, 0x00, 0x00, 0x06, 0x5d, 0x0b, 0x08, 0x02, 0x06, 0x06, 0x31, 0x4b, 0x00, 0x07, 0x07, 0x02, 
	0x5d, 0x00, 0x02, 0x02, 0x32, 0x02, 0x4c, 0x1b, 0x40, 0x35, 0x03, 0x01, 0x01, 0x07, 0x02, 0x07, 
	0x01, 0x02, 0x7e, 0x00, 0x09, 0x00, 0x0a, 0x00, 0x09, 0x0a, 0x65, 0x00, 0x05, 0x05, 0x06, 0x5d, 
	0x0b, 0x08, 0x02, 0x06, 0x06, 0x31, 0x4b, 0x04, 0x01, 0x00, 0x00, 0x06, 0x5d, 0x0b, 0x08, 0x02, 
	0x06, 0x06, 0x31, 0x4b, 0x00, 0x07, 0x07, 0x02, 0x5d, 0x00, 0x02, 0x02, 0x32, 0x02, 0x4c, 0x59, 
	0x40, 0x15, 0x00, 0x00, 0x15, 0x14, 0x13, 0x12, 0x00, 0x11, 0x00, 0x11, 0x11, 0x11, 0x11, 0x11, 
	0x11, 0x11, 0x11, 0x11, 0x0c, 0x08, 0x1c, 0x2b, 0x01, 0x11, 0x23, 0x15, 0x23, 0x11, 0x23, 0x11, 
	0x23, 0x35, 0x23, 0x35, 0x23, 0x35, 0x21, 0x11, 0x33, 0x11, 0x05, 0x33, 0x15, 0x23, 0x03, 0xe8, 
	0x7d, 0x7d, 0xfa, 0x7d, 0x7d, 0x7d, 0x01, 0x77, 0xfa, 0xfd, 0x12, 0x7d, 0x7d, 0x03, 0xe8, 0xfe, 
	0x89, 0x7d, 0xfe, 0x89, 0x01, 0x77, 0x7d, 0xfa, 0x7d, 0xfe, 0x89, 0x01, 0x77, 0x7d, 0x7d, 0x00, 
	0x00, 0x03, 0x00, 0x00, 0x00, 0x7d, 0x03, 0xe8, 0x03, 0xe8, 0x00, 0x1f, 0x00, 0x23, 0x00, 0x27, 
	0x00, 0xaf, 0x4b, 0xb0, 0x0a, 0x50, 0x58, 0x40, 0x3b, 0x07, 0x01, 0x03, 0x00, 0x01, 0x01, 0x03, 
	0x70, 0x15, 0x13, 0x0e, 0x03, 0x0c, 0x12, 0x06, 0x02, 0x04, 0x0b, 0x0c, 0x04, 0x65, 0x10, 0x01, 
	0x05, 0x05, 0x0d, 0x5d, 0x11, 0x01, 0x0d, 0x0d, 0x31, 0x4b, 0x0a, 0x01, 0x00, 0x00, 0x0b, 0x5d, 
	0x14, 0x0f, 0x02, 0x0b, 0x0b, 0x34, 0x4b, 0x09, 0x01, 0x01, 0x01, 0x02, 0x5e, 0x08, 0x01, 0x02, 
	0x02, 0x32, 0x02, 0x4c, 0x1b, 0x40, 0x3c, 0x07, 0x01, 0x03, 0x00, 0x01, 0x00, 0x03, 0x01, 0x7e, 
	0x15, 0x13, 0x0e, 0x03, 0x0c, 0x12, 0x06, 0x02, 0x04, 0x0b, 0x0c, 0x04, 0x65, 0x10, 0x01, 0x05, 
	0x05, 0x0d, 0x5d, 0x11, 0x01, 0x0d, 0x0d, 0x31, 0x4b, 0x0a, 0x01, 0x00, 0x00, 0x0b, 0x5d, 0x14, 
	0x0f, 0x02, 0x0b, 0x0b, 0x34, 0x4b, 0x09, 0x01, 0x01, 0x01, 0x02, 0x5e, 0x08, 0x01, 0x02, 0x02, 
	0x32, 0x02, 0x4c, 0x59, 0x40, 0x2a, 0x24, 0x24, 0x00, 0x00, 0x24, 0x27, 0x24, 0x27, 0x26, 0x25, 
	0x23, 0x22, 0x21, 0x20, 0x00, 0x1f, 0x00, 0x1f, 0x1e, 0x1d, 0x1c, 0x1b, 0x1a, 0x19, 0x18, 0x17, 
	0x16, 0x15, 0x14, 0x13, 0x11, 0x11, 0x11, 0x11, 0x11, 0x11, 0x11, 0x11, 0x11, 0x16, 0x08, 0x1d, 
	0x2b, 0x01, 0x11, 0x23, 0x15, 0x33, 0x15, 0x21, 0x35, 0x33, 0x11, 0x23, 0x35, 0x23, 0x15, 0x23, 
	0x11, 0x33, 0x15, 0x21, 0x35, 0x33, 0x35, 0x23, 0x11, 0x33, 0x35, 0x33, 0x35, 0x21, 0x15, 0x33, 
	0x15, 0x25, 0x23, 0x35, 0x33, 0x07, 0x15, 0x23, 0x35, 0x03, 0xe8, 0x7d, 0x7d, 0xfe, 0x89, 0x7d, 
	0x7d, 0x7d, 0x7d, 0x7d, 0xfe, 0x89, 0x7d, 0x7d, 0x7d, 0x7d, 0x01, 0x77, 0x7d, 0xfd, 0x8f, 0x7d, 
	0x7d, 0x7d, 0x7d, 0x02, 0xee, 0xfe, 0x89, 0x7d, 0x7d, 0xfa, 0x01, 0x77, 0x7d, 0x7d, 0xfe, 0x89, 
	0xfa, 0x7d, 0x7d, 0x01, 0x77, 0x7d, 0x7d, 0x7d, 0x7d, 0x7d, 0x7d, 0x7d, 0x7d, 0x7d, 0x00, 0x00, 
	0x00, 0x03, 0x00, 0x7d, 0x00, 0x7d, 0x03, 0x6b, 0x03, 0xe8, 0x00, 0x03, 0x00, 0x07, 0x00, 0x13, 
	0x00, 0x4b, 0x40, 0x48, 0x0b, 0x03, 0x0a, 0x03, 0x01, 0x01, 0x00, 0x5d, 0x02, 0x01, 0x00, 0x00, 
	0x31, 0x4b, 0x07, 0x01, 0x05, 0x05, 0x06, 0x5d, 0x00, 0x06, 0x06, 0x34, 0x4b, 0x08, 0x01, 0x04, 
	0x04, 0x09, 0x5d, 0x0c, 0x01, 0x09, 0x09, 0x32, 0x09, 0x4c, 0x08, 0x08, 0x04, 0x04, 0x00, 0x00, 
	0x08, 0x13, 0x08, 0x13, 0x12, 0x11, 0x10, 0x0f, 0x0e, 0x0d, 0x0c, 0x0b, 0x0a, 0x09, 0x04, 0x07, 
	0x04, 0x07, 0x06, 0x05, 0x00, 0x03, 0x00, 0x03, 0x11, 0x0d, 0x08, 0x15, 0x2b, 0x13, 0x35, 0x33, 
	0x15, 0x33, 0x35, 0x33, 0x15, 0x01, 0x35, 0x33, 0x11, 0x23, 0x35, 0x21, 0x15, 0x23, 0x11, 0x33, 
	0x15, 0x7d, 0xfa, 0xfa, 0xfa, 0xfd, 0x12, 0xfa, 0xfa, 0x02, 0xee, 0xfa, 0xfa, 0x03, 0x6b, 0x7d, 
	0x7d, 0x7d, 0x7d, 0xfd, 0x12, 0x7d, 0x01, 0x77, 0x7d, 0x7d, 0xfe, 0x89, 0x7d, 0x00, 0x00, 0x00, 
	0x00, 0x03, 0x00, 0x7d, 0x00, 0x7d, 0x03, 0x6b, 0x03, 0xe8, 0x00, 0x03, 0x00, 0x07, 0x00, 0x17, 
	0x00, 0x91, 0x4b, 0xb0, 0x0a, 0x50, 0x58, 0x40, 0x2e, 0x0a, 0x01, 0x04, 0x07, 0x0b, 0x05, 0x04, 
	0x70, 0x0d, 0x03, 0x0c, 0x03, 0x01, 0x01, 0x00, 0x5d, 0x02, 0x01, 0x00, 0x00, 0x31, 0x4b, 0x09, 
	0x01, 0x05, 0x05, 0x06, 0x5d, 0x08, 0x01, 0x06, 0x06, 0x34, 0x4b, 0x00, 0x07, 0x07, 0x0b, 0x5d, 
	0x0e, 0x01, 0x0b, 0x0b, 0x32, 0x0b, 0x4c, 0x1b, 0x40, 0x2f, 0x0a, 0x01, 0x04, 0x07, 0x0b, 0x07, 
	0x04, 0x0b, 0x7e, 0x0d, 0x03, 0x0c, 0x03, 0x01, 0x01, 0x00, 0x5d, 0x02, 0x01, 0x00, 0x00, 0x31, 
	0x4b, 0x09, 0x01, 0x05, 0x05, 0x06, 0x5d, 0x08, 0x01, 0x06, 0x06, 0x34, 0x4b, 0x00, 0x07, 0x07, 
	0x0b, 0x5d, 0x0e, 0x01, 0x0b, 0x0b, 0x32, 0x0b, 0x4c, 0x59, 0x40, 0x26, 0x08, 0x08, 0x04, 0x04, 
	0x00, 0x00, 0x08, 0x17, 0x08, 0x17, 0x16, 0x15, 0x14, 0x13, 0x12, 0x11, 0x10, 0x0f, 0x0e, 0x0d, 
	0x0c, 0x0b, 0x0a, 0x09, 0x04, 0x07, 0x04, 0x07, 0x06, 0x05, 0x00, 0x03, 0x00, 0x03, 0x11, 0x0f, 
	0x08, 0x15, 0x2b, 0x13, 0x35, 0x33, 0x15, 0x33, 0x35, 0x33, 0x15, 0x01, 0x35, 0x23, 0x35, 0x23, 
	0x35, 0x33, 0x15, 0x33, 0x35, 0x33, 0x15, 0x23, 0x15, 0x23, 0x15, 0x7d, 0xfa, 0xfa, 0xfa, 0xfe, 
	0x0c, 0x7d, 0x7d, 0xfa, 0xfa, 0xfa, 0x7d, 0x7d, 0x03, 0x6b, 0x7d, 0x7d, 0x7d, 0x7d, 0xfd, 0x12, 
	0xfa, 0x7d, 0xfa, 0xfa, 0xfa, 0xfa, 0x7d, 0xfa, 0x00, 0x02, 0x00, 0x00, 0x00, 0x7d, 0x03, 0x6b, 
	0x02, 0xee, 0x00, 0x07, 0x00, 0x0b, 0x00, 0x31, 0x40, 0x2e, 0x00, 0x01, 0x00, 0x00, 0x04, 0x01, 
	0x00, 0x65, 0x00, 0x05, 0x05, 0x02, 0x5d, 0x00, 0x02, 0x02, 0x34, 0x4b, 0x00, 0x04, 0x04, 0x03, 
	0x5d, 0x06, 0x01, 0x03, 0x03, 0x32, 0x03, 0x4c, 0x00, 0x00, 0x0b, 0x0a, 0x09, 0x08, 0x00, 0x07, 
	0x00, 0x07, 0x11, 0x11, 0x11, 0x07, 0x08, 0x17, 0x2b, 0x37, 0x35, 0x23, 0x11, 0x33, 0x35, 0x21, 
	0x11, 0x25, 0x21, 0x11, 0x21, 0x7d, 0x7d, 0x7d, 0x02, 0xee, 0xfd, 0x8f, 0x01, 0x77, 0xfe, 0x89, 
	0x7d, 0x7d, 0x01, 0x77, 0x7d, 0xfd, 0x8f, 0x7d, 0x01, 0x77, 0x00, 0x00, 0x00, 0x03, 0x00, 0x00, 
	0x00, 0x00, 0x03, 0x6b, 0x03, 0xe8, 0x00, 0x0f, 0x00, 0x13, 0x00, 0x17, 0x00, 0x52, 0x40, 0x4f, 
	0x00, 0x03, 0x08, 0x00, 0x03, 0x55, 0x00, 0x08, 0x00, 0x0b, 0x04, 0x08, 0x0b, 0x65, 0x00, 0x04, 
	0x00, 0x05, 0x0a, 0x04, 0x05, 0x65, 0x00, 0x09, 0x09, 0x01, 0x5d, 0x00, 0x01, 0x01, 0x31, 0x4b, 
	0x00, 0x0a, 0x0a, 0x06, 0x5d, 0x00, 0x06, 0x06, 0x32, 0x4b, 0x02, 0x01, 0x00, 0x00, 0x07, 0x5d, 
	0x0c, 0x01, 0x07, 0x07, 0x36, 0x07, 0x4c, 0x00, 0x00, 0x17, 0x16, 0x15, 0x14, 0x13, 0x12, 0x11, 
	0x10, 0x00, 0x0f, 0x00, 0x0f, 0x11, 0x11, 0x11, 0x11, 0x11, 0x11, 0x11, 0x0d, 0x08, 0x1b, 0x2b, 
	0x31, 0x11, 0x33, 0x35, 0x21, 0x15, 0x33, 0x15, 0x23, 0x15, 0x33, 0x15, 0x23, 0x15, 0x21, 0x15, 
	0x11, 0x21, 0x35, 0x21, 0x11, 0x21, 0x35, 0x21, 0x7d, 0x02, 0x71, 0x7d, 0x7d, 0x7d, 0x7d, 0xfe, 
	0x0c, 0x01, 0x77, 0xfe, 0x89, 0x01, 0x77, 0xfe, 0x89, 0x03, 0x6b, 0x7d, 0x7d, 0xfa, 0x7d, 0xfa, 
	0x7d, 0x7d, 0x02, 0x71, 0xfa, 0xfd, 0x8f, 0xfa, 0x00, 0x01, 0x00, 0x00, 0x00, 0x00, 0x03, 0x6b, 
	0x02, 0xee, 0x00, 0x13, 0x00, 0x41, 0x40, 0x3e, 0x00, 0x04, 0x08, 0x01, 0x00, 0x09, 0x04, 0x00, 
	0x65, 0x00, 0x02, 0x02, 0x03, 0x5d, 0x06, 0x01, 0x03, 0x03, 0x34, 0x4b, 0x07, 0x01, 0x01, 0x01, 
	0x03, 0x5d, 0x06, 0x01, 0x03, 0x03, 0x34, 0x4b, 0x00, 0x05, 0x05, 0x09, 0x5d, 0x0a, 0x01, 0x09, 
	0x09, 0x36, 0x09, 0x4c, 0x00, 0x00, 0x00, 0x13, 0x00, 0x13, 0x11, 0x11, 0x11, 0x11, 0x11, 0x11, 
	0x11, 0x11, 0x11, 0x0b, 0x08, 0x1d, 0x2b, 0x21, 0x35, 0x23, 0x35, 0x23, 0x35, 0x23, 0x35, 0x33, 
	0x15, 0x33, 0x15, 0x33, 0x11, 0x33, 0x11, 0x23, 0x15, 0x23, 0x15, 0x01, 0x77, 0x7d, 0x7d, 0x7d, 
	0xfa, 0x7d, 0xfa, 0xfa, 0x7d, 0x7d, 0xfa, 0x7d, 0xfa, 0x7d, 0x7d, 0xfa, 0x01, 0x77, 0xfe, 0x89, 
	0x7d, 0xfa, 0x00, 0x00, 0x00, 0x02, 0x00, 0x00, 0x00, 0x7d, 0x03, 0x6b, 0x03, 0xe8, 0x00, 0x15, 
	0x00, 0x19, 0x00, 0x50, 0x40, 0x4d, 0x00, 0x04, 0x00, 0x03, 0x07, 0x04, 0x03, 0x65, 0x08, 0x01, 
	0x02, 0x00, 0x0c, 0x01, 0x02, 0x0c, 0x65, 0x00, 0x01, 0x09, 0x01, 0x00, 0x0b, 0x01, 0x00, 0x65, 
	0x00, 0x06, 0x06, 0x05, 0x5d, 0x00, 0x05, 0x05, 0x31, 0x4b, 0x00, 0x07, 0x07, 0x34, 0x4b, 0x00, 
	0x0b, 0x0b, 0x0a, 0x5e, 0x0d, 0x01, 0x0a, 0x0a, 0x32, 0x0a, 0x4c, 0x00, 0x00, 0x19, 0x18, 0x17, 
	0x16, 0x00, 0x15, 0x00, 0x15, 0x14, 0x13, 0x11, 0x11, 0x11, 0x11, 0x11, 0x11, 0x11, 0x11, 0x11, 
	0x0e, 0x08, 0x1d, 0x2b, 0x37, 0x35, 0x23, 0x35, 0x33, 0x35, 0x21, 0x35, 0x23, 0x35, 0x33, 0x35, 
	0x21, 0x15, 0x23, 0x15, 0x33, 0x15, 0x33, 0x11, 0x23, 0x15, 0x25, 0x21, 0x35, 0x21, 0x7d, 0x7d, 
	0x7d, 0x01, 0x77, 0x7d, 0x7d, 0x01, 0x77, 0xfa, 0x7d, 0x7d, 0x7d, 0xfe, 0x0c, 0x01, 0x77, 0xfe, 
	0x89, 0x7d, 0x7d, 0xfa, 0x7d, 0x7d, 0x7d, 0x7d, 0x7d, 0x7d, 0x7d, 0xfe, 0x89, 0x7d, 0x7d, 0xfa, 
	0x00, 0x01, 0x00, 0x00, 0x00, 0x7d, 0x03, 0x6b, 0x02, 0xee, 0x00, 0x13, 0x00, 0x43, 0x40, 0x40, 
	0x00, 0x03, 0x00, 0x02, 0x06, 0x03, 0x02, 0x65, 0x00, 0x06, 0x00, 0x07, 0x01, 0x06, 0x07, 0x65, 
	0x00, 0x01, 0x00, 0x00, 0x08, 0x01, 0x00, 0x65, 0x00, 0x05, 0x05, 0x04, 0x5d, 0x00, 0x04, 0x04, 
	0x34, 0x4b, 0x00, 0x08, 0x08, 0x09, 0x5d, 0x0a, 0x01, 0x09, 0x09, 0x32, 0x09, 0x4c, 0x00, 0x00, 
	0x00, 0x13, 0x00, 0x13, 0x11, 0x11, 0x11, 0x11, 0x11, 0x11, 0x11, 0x11, 0x11, 0x0b, 0x08, 0x1d, 
	0x2b, 0x37, 0x35, 0x23, 0x35, 0x33, 0x35, 0x23, 0x35, 0x33, 0x35, 0x21, 0x15, 0x21, 0x15, 0x21, 
	0x15, 0x21, 0x15, 0x21, 0x15, 0x7d, 0x7d, 0x7d, 0x7d, 0x7d, 0x02, 0xee, 0xfd, 0x8f, 0x01, 0xf4, 
	0xfe, 0x0c, 0x02, 0x71, 0x7d, 0x7d, 0x7d, 0x7d, 0x7d, 0x7d, 0x7d, 0x7d, 0x7d, 0x7d, 0x7d, 0x00, 
	0x00, 0x01, 0x00, 0x00, 0x00, 0x00, 0x03, 0x6b, 0x03, 0xe8, 0x00, 0x1b, 0x00, 0xb3, 0x4b, 0xb0, 
	0x0a, 0x50, 0x58, 0x40, 0x45, 0x00, 0x08, 0x05, 0x04, 0x05, 0x08, 0x70, 0x00, 0x09, 0x04, 0x03, 
	0x04, 0x09, 0x03, 0x7e, 0x00, 0x03, 0x00, 0x02, 0x0a, 0x03, 0x02, 0x65, 0x00, 0x0a, 0x00, 0x01, 
	0x0b, 0x0a, 0x01, 0x66, 0x07, 0x01, 0x05, 0x05, 0x06, 0x5d, 0x00, 0x06, 0x06, 0x31, 0x4b, 0x00, 
	0x04, 0x04, 0x34, 0x4b, 0x00, 0x0b, 0x0b, 0x0c, 0x5d, 0x00, 0x0c, 0x0c, 0x32, 0x4b, 0x00, 0x00, 
	0x00, 0x0d, 0x5d, 0x0e, 0x01, 0x0d, 0x0d, 0x36, 0x0d, 0x4c, 0x1b, 0x40, 0x46, 0x00, 0x08, 0x05, 
	0x04, 0x05, 0x08, 0x04, 0x7e, 0x00, 0x09, 0x04, 0x03, 0x04, 0x09, 0x03, 0x7e, 0x00, 0x03, 0x00, 
	0x02, 0x0a, 0x03, 0x02, 0x65, 0x00, 0x0a, 0x00, 0x01, 0x0b, 0x0a, 0x01, 0x66, 0x07, 0x01, 0x05, 
	0x05, 0x06, 0x5d, 0x00, 0x06, 0x06, 0x31, 0x4b, 0x00, 0x04, 0x04, 0x34, 0x4b, 0x00, 0x0b, 0x0b, 
	0x0c, 0x5d, 0x00, 0x0c, 0x0c, 0x32, 0x4b, 0x00, 0x00, 0x00, 0x0d, 0x5d, 0x0e, 0x01, 0x0d, 0x0d, 
	0x36, 0x0d, 0x4c, 0x59, 0x40, 0x1a, 0x00, 0x00, 0x00, 0x1b, 0x00, 0x1b, 0x1a, 0x19, 0x18, 0x17, 
	0x16, 0x15, 0x14, 0x13, 0x11, 0x11, 0x11, 0x11, 0x11, 0x11, 0x11, 0x11, 0x11, 0x0f, 0x08, 0x1d, 
	0x2b, 0x21, 0x35, 0x33, 0x35, 0x21, 0x35, 0x23, 0x35, 0x33, 0x35, 0x33, 0x35, 0x23, 0x35, 0x21, 
	0x15, 0x23, 0x15, 0x23, 0x15, 0x23, 0x15, 0x21, 0x15, 0x33, 0x15, 0x23, 0x15, 0x01, 0xf4, 0x7d, 
	0xfe, 0x0c, 0x7d, 0x7d, 0x7d, 0x7d, 0x02, 0x71, 0xfa, 0x7d, 0x7d, 0x01, 0xf4, 0x7d, 0x7d, 0x7d, 
	0x7d, 0x7d, 0xfa, 0x7d, 0x7d, 0x7d, 0x7d, 0x7d, 0x7d, 0xfa, 0x7d, 0x7d, 0x7d, 0x00, 0x00, 0x00, 
	0x00, 0x02, 0x00, 0x00, 0x00, 0x00, 0x03, 0x6b, 0x02, 0xee, 0x00, 0x07, 0x00, 0x0f, 0x00, 0x38, 
	0x40, 0x35, 0x05, 0x01, 0x02, 0x02, 0x03, 0x5d, 0x06, 0x01, 0x03, 0x03, 0x34, 0x4b, 0x08, 0x07, 
	0x02, 0x00, 0x00, 0x01, 0x5d, 0x00, 0x01, 0x01, 0x32, 0x4b, 0x08, 0x07, 0x02, 0x00, 0x00, 0x04, 
	0x5d, 0x00, 0x04, 0x04, 0x36, 0x04, 0x4c, 0x08, 0x08, 0x08, 0x0f, 0x08, 0x0f, 0x11, 0x11, 0x12, 
	0x11, 0x11, 0x11, 0x10, 0x09, 0x08, 0x1b, 0x2b, 0x13, 0x33, 0x11, 0x23, 0x11, 0x23, 0x35, 0x33, 
	0x05, 0x11, 0x23, 0x11, 0x23, 0x35, 0x21, 0x15, 0xfa, 0x7d, 0xfa, 0x7d, 0xfa, 0x02, 0x71, 0xfa, 
	0xfa, 0x01, 0x77, 0x02, 0x71, 0xfe, 0x0c, 0x01, 0xf4, 0x7d, 0x7d, 0xfd, 0x8f, 0x02, 0x71, 0x7d, 
	0x7d, 0x00, 0x00, 0x00, 0x00, 0x03, 0x00, 0x00, 0x00, 0x7d, 0x03, 0x6b, 0x03, 0xe8, 0x00, 0x13, 
	0x00, 0x1b, 0x00, 0x23, 0x00, 0xba, 0x4b, 0xb0, 0x0a, 0x50, 0x58, 0x40, 0x44, 0x0d, 0x01, 0x0b, 
	0x03, 0x02, 0x0c, 0x0b, 0x70, 0x11, 0x01, 0x0f, 0x01, 0x00, 0x0e, 0x0f, 0x70, 0x00, 0x0a, 0x00, 
	0x10, 0x01, 0x0a, 0x10, 0x65, 0x05, 0x01, 0x03, 0x08, 0x01, 0x00, 0x0e, 0x03, 0x00, 0x65, 0x00, 
	0x0c, 0x0c, 0x04, 0x5d, 0x00, 0x04, 0x04, 0x31, 0x4b, 0x07, 0x01, 0x01, 0x01, 0x02, 0x5d, 0x06, 
	0x01, 0x02, 0x02, 0x34, 0x4b, 0x00, 0x0e, 0x0e, 0x09, 0x5e, 0x12, 0x01, 0x09, 0x09, 0x32, 0x09, 
	0x4c, 0x1b, 0x40, 0x46, 0x0d, 0x01, 0x0b, 0x03, 0x02, 0x03, 0x0b, 0x02, 0x7e, 0x11, 0x01, 0x0f, 
	0x01, 0x00, 0x01, 0x0f, 0x00, 0x7e, 0x00, 0x0a, 0x00, 0x10, 0x01, 0x0a, 0x10, 0x65, 0x05, 0x01, 
	0x03, 0x08, 0x01, 0x00, 0x0e, 0x03, 0x00, 0x65, 0x00, 0x0c, 0x0c, 0x04, 0x5d, 0x00, 0x04, 0x04, 
	0x31, 0x4b, 0x07, 0x01, 0x01, 0x01, 0x02, 0x5d, 0x06, 0x01, 0x02, 0x02, 0x34, 0x4b, 0x00, 0x0e, 
	0x0e, 0x09, 0x5e, 0x12, 0x01, 0x09, 0x09, 0x32, 0x09, 0x4c, 0x59, 0x40, 0x22, 0x00, 0x00, 0x23, 
	0x22, 0x21, 0x20, 0x1f, 0x1e, 0x1d, 0x1c, 0x1b, 0x1a, 0x19, 0x18, 0x17, 0x16, 0x15, 0x14, 0x00, 
	0x13, 0x00, 0x13, 0x11, 0x11, 0x11, 0x11, 0x11, 0x11, 0x11, 0x11, 0x11, 0x13, 0x08, 0x1d, 0x2b, 
	0x37, 0x35, 0x23, 0x35, 0x23, 0x11, 0x33, 0x35, 0x33, 0x35, 0x21, 0x15, 0x33, 0x15, 0x33, 0x11, 
	0x23, 0x15, 0x23, 0x15, 0x01, 0x21, 0x35, 0x23, 0x35, 0x23, 0x15, 0x23, 0x13, 0x33, 0x35, 0x33, 
	0x35, 0x21, 0x15, 0x33, 0xfa, 0x7d, 0x7d, 0x7d, 0x7d, 0x01, 0x77, 0x7d, 0x7d, 0x7d, 0x7d, 0xfe, 
	0x89, 0x01, 0x77, 0x7d, 0x7d, 0x7d, 0x7d, 0x7d, 0x7d, 0xfe, 0x89, 0x7d, 0x7d, 0x7d, 0x7d, 0x01, 
	0x77, 0x7d, 0x7d, 0x7d, 0x7d, 0xfe, 0x89, 0x7d, 0x7d, 0x01, 0xf4, 0x7d, 0x7d, 0x7d, 0xfe, 0x0c, 
	0x7d, 0x7d, 0x7d, 0x00, 0x00, 0x01, 0x00, 0x7d, 0x00, 0x7d, 0x02, 0xee, 0x02, 0xee, 0x00, 0x09, 
	0x00, 0x2e, 0x40, 0x2b, 0x00, 0x00, 0x01, 0x03, 0x01, 0x00, 0x03, 0x7e, 0x00, 0x01, 0x01, 0x02, 
	0x5d, 0x00, 0x02, 0x02, 0x34, 0x4b, 0x00, 0x03, 0x03, 0x04, 0x5d, 0x05, 0x01, 0x04, 0x04, 0x32, 
	0x04, 0x4c, 0x00, 0x00, 0x00, 0x09, 0x00, 0x09, 0x11, 0x11, 0x11, 0x11, 0x06, 0x08, 0x18, 0x2b, 
	0x25, 0x35, 0x23, 0x11, 0x23, 0x35, 0x21, 0x11, 0x33, 0x15, 0x01, 0x77, 0x7d, 0x7d, 0x01, 0x77, 
	0xfa, 0x7d, 0x7d, 0x01, 0x77, 0x7d, 0xfe, 0x0c, 0x7d, 0x00, 0x00, 0x00, 0x00, 0x01, 0x00, 0x00, 
	0x00, 0x7d, 0x03, 0x6b, 0x02, 0xee, 0x00, 0x17, 0x00, 0x92, 0x4b, 0xb0, 0x0a, 0x50, 0x58, 0x40, 
	0x36, 0x00, 0x05, 0x02, 0x01, 0x04, 0x05, 0x70, 0x00, 0x06, 0x0a, 0x09, 0x07, 0x06, 0x70, 0x00, 
	0x01, 0x00, 0x0a, 0x06, 0x01, 0x0a, 0x65, 0x00, 0x02, 0x00, 0x09, 0x07, 0x02, 0x09, 0x65, 0x00, 
	0x04, 0x04, 0x00, 0x5d, 0x03, 0x01, 0x00, 0x00, 0x34, 0x4b, 0x00, 0x07, 0x07, 0x08, 0x5e, 0x0c, 
	0x0b, 0x02, 0x08, 0x08, 0x32, 0x08, 0x4c, 0x1b, 0x40, 0x38, 0x00, 0x05, 0x02, 0x01, 0x02, 0x05, 
	0x01, 0x7e, 0x00, 0x06, 0x0a, 0x09, 0x0a, 0x06, 0x09, 0x7e, 0x00, 0x01, 0x00, 0x0a, 0x06, 0x01, 
	0x0a, 0x65, 0x00, 0x02, 0x00, 0x09, 0x07, 0x02, 0x09, 0x65, 0x00, 0x04, 0x04, 0x00, 0x5d, 0x03, 
	0x01, 0x00, 0x00, 0x34, 0x4b, 0x00, 0x07, 0x07, 0x08, 0x5e, 0x0c, 0x0b, 0x02, 0x08, 0x08, 0x32, 
	0x08, 0x4c, 0x59, 0x40, 0x16, 0x00, 0x00, 0x00, 0x17, 0x00, 0x17, 0x16, 0x15, 0x14, 0x13, 0x11, 
	0x11, 0x11, 0x11, 0x11, 0x11, 0x11, 0x11, 0x11, 0x0d, 0x08, 0x1d, 0x2b, 0x35, 0x11, 0x33, 0x15, 
	0x33, 0x35, 0x33, 0x35, 0x33, 0x15, 0x23, 0x15, 0x23, 0x15, 0x33, 0x15, 0x33, 0x15, 0x23, 0x35, 
	0x23, 0x35, 0x23, 0x15, 0xfa, 0xfa, 0x7d, 0xfa, 0x7d, 0x7d, 0x7d, 0x7d, 0xfa, 0x7d, 0xfa, 0x7d, 
	0x02, 0x71, 0xfa, 0x7d, 0x7d, 0x7d, 0x7d, 0x7d, 0x7d, 0x7d, 0x7d, 0x7d, 0xfa, 0x00, 0x00, 0x00, 
	0x00, 0x01, 0x00, 0x00, 0x00, 0x7d, 0x03, 0x6b, 0x03, 0xe8, 0x00, 0x1d, 0x00, 0xac, 0x4b, 0xb0, 
	0x0a, 0x50, 0x58, 0x40, 0x40, 0x00, 0x02, 0x05, 0x06, 0x03, 0x02, 0x70, 0x08, 0x01, 0x01, 0x0c, 
	0x0b, 0x00, 0x01, 0x70, 0x00, 0x05, 0x02, 0x0b, 0x05, 0x55, 0x00, 0x07, 0x0d, 0x01, 0x0b, 0x00, 
	0x07, 0x0b, 0x65, 0x00, 0x03, 0x03, 0x04, 0x5d, 0x00, 0x04, 0x04, 0x31, 0x4b, 0x00, 0x0c, 0x0c, 
	0x06, 0x5d, 0x00, 0x06, 0x06, 0x34, 0x4b, 0x09, 0x01, 0x00, 0x00, 0x0a, 0x5e, 0x0f, 0x0e, 0x02, 
	0x0a, 0x0a, 0x32, 0x0a, 0x4c, 0x1b, 0x40, 0x42, 0x00, 0x02, 0x05, 0x06, 0x05, 0x02, 0x06, 0x7e, 
	0x08, 0x01, 0x01, 0x0c, 0x0b, 0x0c, 0x01, 0x0b, 0x7e, 0x00, 0x05, 0x02, 0x0b, 0x05, 0x55, 0x00, 
	0x07, 0x0d, 0x01, 0x0b, 0x00, 0x07, 0x0b, 0x65, 0x00, 0x03, 0x03, 0x04, 0x5d, 0x00, 0x04, 0x04, 
	0x31, 0x4b, 0x00, 0x0c, 0x0c, 0x06, 0x5d, 0x00, 0x06, 0x06, 0x34, 0x4b, 0x09, 0x01, 0x00, 0x00, 
	0x0a, 0x5e, 0x0f, 0x0e, 0x02, 0x0a, 0x0a, 0x32, 0x0a, 0x4c, 0x59, 0x40, 0x1c, 0x00, 0x00, 0x00, 
	0x1d, 0x00, 0x1d, 0x1c, 0x1b, 0x1a, 0x19, 0x18, 0x17, 0x16, 0x15, 0x14, 0x13, 0x11, 0x11, 0x11, 
	0x11, 0x11, 0x11, 0x11, 0x11, 0x11, 0x10, 0x08, 0x1d, 0x2b, 0x35, 0x35, 0x33, 0x35, 0x33, 0x35, 
	0x23, 0x35, 0x23, 0x35, 0x33, 0x15, 0x33, 0x15, 0x33, 0x15, 0x33, 0x15, 0x33, 0x15, 0x33, 0x15, 
	0x23, 0x35, 0x23, 0x35, 0x23, 0x15, 0x23, 0x15, 0x7d, 0x7d, 0x7d, 0x7d, 0xfa, 0x7d, 0x7d, 0x7d, 
	0x7d, 0x7d, 0xfa, 0x7d, 0x7d, 0x7d, 0x7d, 0xfa, 0x7d, 0xfa, 0x7d, 0x7d, 0x7d, 0x7d, 0x7d, 0x7d, 
	0x7d, 0xfa, 0xfa, 0x7d, 0x7d, 0xfa, 0x00, 0x00, 0x00, 0x02, 0x00, 0x00, 0x00, 0x00, 0x03, 0x6b, 
	0x02, 0xee, 0x00, 0x07, 0x00, 0x0f, 0x00, 0x31, 0x40, 0x2e, 0x00, 0x05, 0x05, 0x03, 0x5d, 0x06, 
	0x01, 0x03, 0x03, 0x34, 0x4b, 0x08, 0x07, 0x02, 0x00, 0x00, 0x01, 0x5d, 0x04, 0x01, 0x01, 0x01, 
	0x32, 0x4b, 0x00, 0x02, 0x02, 0x36, 0x02, 0x4c, 0x08, 0x08, 0x08, 0x0f, 0x08, 0x0f, 0x11, 0x11, 
	0x12, 0x11, 0x11, 0x11, 0x10, 0x09, 0x08, 0x1b, 0x2b, 0x37, 0x33, 0x15, 0x23, 0x15, 0x23, 0x11, 
	0x33, 0x01, 0x15, 0x23, 0x35, 0x23, 0x11, 0x33, 0x11, 0xfa, 0xfa, 0xfa, 0xfa, 0xfa, 0x02, 0x71, 
	0xfa, 0x7d, 0xfa, 0xfa, 0x7d, 0x7d, 0x02, 0xee, 0xfe, 0x0c, 0x7d, 0x7d, 0x01, 0xf4, 0xfe, 0x0c, 
	0x00, 0x01, 0x00, 0x00, 0x00, 0x7d, 0x03, 0x6b, 0x02, 0xee, 0x00, 0x13, 0x00, 0x41, 0x40, 0x3e, 
	0x00, 0x04, 0x08, 0x01, 0x00, 0x09, 0x04, 0x00, 0x65, 0x00, 0x02, 0x02, 0x03, 0x5d, 0x06, 0x01, 
	0x03, 0x03, 0x34, 0x4b, 0x07, 0x01, 0x01, 0x01, 0x03, 0x5d, 0x06, 0x01, 0x03, 0x03, 0x34, 0x4b, 
	0x00, 0x05, 0x05, 0x09, 0x5d, 0x0a, 0x01, 0x09, 0x09, 0x32, 0x09, 0x4c, 0x00, 0x00, 0x00, 0x13, 
	0x00, 0x13, 0x11, 0x11, 0x11, 0x11, 0x11, 0x11, 0x11, 0x11, 0x11, 0x0b, 0x08, 0x1d, 0x2b, 0x25, 
	0x35, 0x23, 0x35, 0x23, 0x35, 0x23, 0x35, 0x33, 0x15, 0x33, 0x15, 0x33, 0x11, 0x33, 0x11, 0x23, 
	0x15, 0x23, 0x15, 0x01, 0x77, 0x7d, 0x7d, 0x7d, 0xfa, 0x7d, 0xfa, 0xfa, 0x7d, 0x7d, 0x7d, 0x7d, 
	0x7d, 0xfa, 0x7d, 0x7d, 0xfa, 0x01, 0x77, 0xfe, 0x89, 0x7d, 0x7d, 0x00, 0x00, 0x01, 0x00, 0x00, 
	0x00, 0x00, 0x02, 0xee, 0x03, 0xe8, 0x00, 0x1f, 0x00, 0xcf, 0x4b, 0xb0, 0x0a, 0x50, 0x58, 0x40, 
	0x51, 0x00, 0x05, 0x06, 0x09, 0x06, 0x05, 0x70, 0x00, 0x04, 0x0a, 0x0b, 0x0a, 0x04, 0x0b, 0x7e, 
	0x00, 0x0b, 0x03, 0x0a, 0x0b, 0x03, 0x7c, 0x00, 0x03, 0x00, 0x02, 0x0c, 0x03, 0x02, 0x65, 0x00, 
	0x0c, 0x00, 0x01, 0x0d, 0x0c, 0x01, 0x66, 0x08, 0x01, 0x06, 0x06, 0x07, 0x5d, 0x00, 0x07, 0x07, 
	0x31, 0x4b, 0x00, 0x0a, 0x0a, 0x09, 0x5d, 0x00, 0x09, 0x09, 0x34, 0x4b, 0x00, 0x0d, 0x0d, 0x0e, 
	0x5d, 0x00, 0x0e, 0x0e, 0x32, 0x4b, 0x00, 0x00, 0x00, 0x0f, 0x5d, 0x10, 0x01, 0x0f, 0x0f, 0x36, 
	0x0f, 0x4c, 0x1b, 0x40, 0x52, 0x00, 0x05, 0x06, 0x09, 0x06, 0x05, 0x09, 0x7e, 0x00, 0x04, 0x0a, 
	0x0b, 0x0a, 0x04, 0x0b, 0x7e, 0x00, 0x0b, 0x03, 0x0a, 0x0b, 0x03, 0x7c, 0x00, 0x03, 0x00, 0x02, 
	0x0c, 0x03, 0x02, 0x65, 0x00, 0x0c, 0x00, 0x01, 0x0d, 0x0c, 0x01, 0x66, 0x08, 0x01, 0x06, 0x06, 
	0x07, 0x5d, 0x00, 0x07, 0x07, 0x31, 0x4b, 0x00, 0x0a, 0x0a, 0x09, 0x5d, 0x00, 0x09, 0x09, 0x34, 
	0x4b, 0x00, 0x0d, 0x0d, 0x0e, 0x5d, 0x00, 0x0e, 0x0e, 0x32, 0x4b, 0x00, 0x00, 0x00, 0x0f, 0x5d, 
	0x10, 0x01, 0x0f, 0x0f, 0x36, 0x0f, 0x4c, 0x59, 0x40, 0x1e, 0x00, 0x00, 0x00, 0x1f, 0x00, 0x1f, 
	0x1e, 0x1d, 0x1c, 0x1b, 0x1a, 0x19, 0x18, 0x17, 0x16, 0x15, 0x14, 0x13, 0x11, 0x11, 0x11, 0x11, 
	0x11, 0x11, 0x11, 0x11, 0x11, 0x11, 0x08, 0x1d, 0x2b, 0x21, 0x35, 0x33, 0x35, 0x21, 0x35, 0x23, 
	0x35, 0x33, 0x35, 0x33, 0x35, 0x23, 0x35, 0x23, 0x35, 0x21, 0x15, 0x21, 0x15, 0x33, 0x15, 0x23, 
	0x15, 0x23, 0x15, 0x21, 0x15, 0x33, 0x15, 0x23, 0x15, 0x01, 0x77, 0x7d, 0xfe, 0x89, 0x7d, 0x7d, 
	0x7d, 0x7d, 0x7d, 0x02, 0xee, 0xfe, 0x89, 0xfa, 0xfa, 0x7d, 0x01, 0x77, 0x7d, 0x7d, 0x7d, 0x7d, 
	0x7d, 0x7d, 0x7d, 0x7d, 0x7d, 0x7d, 0x7d, 0x7d, 0x7d, 0x7d, 0x7d, 0x7d, 0x7d, 0x7d, 0x00, 0x00, 
	0x00, 0x02, 0x00, 0x00, 0x00, 0x7d, 0x03, 0x6b, 0x02, 0xee, 0x00, 0x0b, 0x00, 0x0f, 0x00, 0x35, 
	0x40, 0x32, 0x03, 0x01, 0x01, 0x04, 0x01, 0x00, 0x06, 0x01, 0x00, 0x65, 0x00, 0x07, 0x07, 0x02, 
	0x5d, 0x00, 0x02, 0x02, 0x34, 0x4b, 0x00, 0x06, 0x06, 0x05, 0x5d, 0x08, 0x01, 0x05, 0x05, 0x32, 
	0x05, 0x4c, 0x00, 0x00, 0x0f, 0x0e, 0x0d, 0x0c, 0x00, 0x0b, 0x00, 0x0b, 0x11, 0x11, 0x11, 0x11, 
	0x11, 0x09, 0x08, 0x19, 0x2b, 0x37, 0x35, 0x23, 0x11, 0x33, 0x35, 0x21, 0x15, 0x33, 0x11, 0x23, 
	0x15, 0x25, 0x21, 0x11, 0x21, 0x7d, 0x7d, 0x7d, 0x02, 0x71, 0x7d, 0x7d, 0xfe, 0x0c, 0x01, 0x77, 
	0xfe, 0x89, 0x7d, 0x7d, 0x01, 0x77, 0x7d, 0x7d, 0xfe, 0x89, 0x7d, 0x7d, 0x01, 0x77, 0x00, 0x00, 
	0x00, 0x01, 0x00, 0x00, 0x00, 0x7d, 0x03, 0x6b, 0x02, 0xee, 0x00, 0x11, 0x00, 0x36, 0x40, 0x33, 
	0x00, 0x06, 0x01, 0x00, 0x01, 0x06, 0x00, 0x7e, 0x07, 0x03, 0x02, 0x01, 0x01, 0x02, 0x5d, 0x00, 
	0x02, 0x02, 0x34, 0x4b, 0x04, 0x01, 0x00, 0x00, 0x05, 0x5d, 0x09, 0x08, 0x02, 0x05, 0x05, 0x32, 
	0x05, 0x4c, 0x00, 0x00, 0x00, 0x11, 0x00, 0x11, 0x11, 0x11, 0x11, 0x11, 0x11, 0x11, 0x11, 0x11, 
	0x0a, 0x08, 0x1c, 0x2b, 0x35, 0x35, 0x33, 0x11, 0x23, 0x35, 0x21, 0x15, 0x23, 0x11, 0x33, 0x15, 
	0x23, 0x35, 0x23, 0x11, 0x23, 0x11, 0x7d, 0x7d, 0x03, 0x6b, 0x7d, 0x7d, 0xfa, 0x7d, 0x7d, 0x7d, 
	0x7d, 0x01, 0x77, 0x7d, 0x7d, 0xfe, 0x89, 0x7d, 0x7d, 0x01, 0x77, 0xfe, 0x0c, 0x00, 0x00, 0x00, 
	0x00, 0x02, 0x00, 0x00, 0x00, 0x00, 0x03, 0x6b, 0x02, 0xee, 0x00, 0x0b, 0x00, 0x0f, 0x00, 0x3a, 
	0x40, 0x37, 0x00, 0x03, 0x06, 0x00, 0x03, 0x55, 0x00, 0x06, 0x00, 0x04, 0x05, 0x06, 0x04, 0x65, 
	0x00, 0x07, 0x07, 0x01, 0x5d, 0x00, 0x01, 0x01, 0x34, 0x4b, 0x02, 0x01, 0x00, 0x00, 0x05, 0x5d, 
	0x08, 0x01, 0x05, 0x05, 0x36, 0x05, 0x4c, 0x00, 0x00, 0x0f, 0x0e, 0x0d, 0x0c, 0x00, 0x0b, 0x00, 
	0x0b, 0x11, 0x11, 0x11, 0x11, 0x11, 0x09, 0x08, 0x19, 0x2b, 0x31, 0x11, 0x33, 0x35, 0x21, 0x15, 
	0x33, 0x15, 0x23, 0x15, 0x21, 0x15, 0x11, 0x21, 0x35, 0x21, 0x7d, 0x02, 0x71, 0x7d, 0x7d, 0xfe, 
	0x0c, 0x01, 0x77, 0xfe, 0x89, 0x02, 0x71, 0x7d, 0x7d, 0xfa, 0x7d, 0xfa, 0x01, 0x77, 0xfa, 0x00, 
	0x00, 0x01, 0x00, 0x00, 0x00, 0x00, 0x03, 0x6b, 0x02, 0xee, 0x00, 0x13, 0x00, 0x45, 0x40, 0x42, 
	0x00, 0x03, 0x00, 0x02, 0x06, 0x03, 0x02, 0x65, 0x00, 0x06, 0x00, 0x01, 0x07, 0x06, 0x01, 0x65, 
	0x00, 0x05, 0x05, 0x04, 0x5d, 0x00, 0x04, 0x04, 0x34, 0x4b, 0x00, 0x07, 0x07, 0x08, 0x5d, 0x00, 
	0x08, 0x08, 0x32, 0x4b, 0x00, 0x00, 0x00, 0x09, 0x5d, 0x0a, 0x01, 0x09, 0x09, 0x36, 0x09, 0x4c, 
	0x00, 0x00, 0x00, 0x13, 0x00, 0x13, 0x11, 0x11, 0x11, 0x11, 0x11, 0x11, 0x11, 0x11, 0x11, 0x0b, 
	0x08, 0x1d, 0x2b, 0x33, 0x35, 0x21, 0x35, 0x21, 0x35, 0x23, 0x35, 0x33, 0x35, 0x21, 0x15, 0x21, 
	0x15, 0x21, 0x15, 0x33, 0x15, 0x23, 0x15, 0x7d, 0x01, 0xf4, 0xfe, 0x0c, 0x7d, 0x7d, 0x02, 0x71, 
	0xfe, 0x0c, 0x01, 0xf4, 0x7d, 0x7d, 0x7d, 0x7d, 0x7d, 0xfa, 0x7d, 0x7d, 0xfa, 0x7d, 0x7d, 0x7d, 
	0x00, 0x02, 0x00, 0x00, 0x00, 0x7d, 0x03, 0x6b, 0x02, 0xee, 0x00, 0x0d, 0x00, 0x13, 0x00, 0x7e, 
	0x4b, 0xb0, 0x0a, 0x50, 0x58, 0x40, 0x2d, 0x00, 0x08, 0x01, 0x04, 0x03, 0x08, 0x70, 0x00, 0x01, 
	0x08, 0x00, 0x01, 0x55, 0x00, 0x04, 0x05, 0x01, 0x00, 0x07, 0x04, 0x00, 0x65, 0x09, 0x01, 0x03, 
	0x03, 0x02, 0x5d, 0x00, 0x02, 0x02, 0x34, 0x4b, 0x00, 0x07, 0x07, 0x06, 0x5d, 0x0a, 0x01, 0x06, 
	0x06, 0x32, 0x06, 0x4c, 0x1b, 0x40, 0x2e, 0x00, 0x08, 0x01, 0x04, 0x01, 0x08, 0x04, 0x7e, 0x00, 
	0x01, 0x08, 0x00, 0x01, 0x55, 0x00, 0x04, 0x05, 0x01, 0x00, 0x07, 0x04, 0x00, 0x65, 0x09, 0x01, 
	0x03, 0x03, 0x02, 0x5d, 0x00, 0x02, 0x02, 0x34, 0x4b, 0x00, 0x07, 0x07, 0x06, 0x5d, 0x0a, 0x01, 
	0x06, 0x06, 0x32, 0x06, 0x4c, 0x59, 0x40, 0x15, 0x00, 0x00, 0x13, 0x12, 0x11, 0x10, 0x0f, 0x0e, 
	0x00, 0x0d, 0x00, 0x0d, 0x11, 0x11, 0x11, 0x11, 0x11, 0x11, 0x0b, 0x08, 0x1a, 0x2b, 0x37, 0x35, 
	0x23, 0x11, 0x33, 0x35, 0x21, 0x15, 0x23, 0x15, 0x33, 0x15, 0x23, 0x15, 0x25, 0x33, 0x35, 0x23, 
	0x35, 0x23, 0x7d, 0x7d, 0x7d, 0x02, 0xee, 0xfa, 0x7d, 0x7d, 0xfe, 0x89, 0xfa, 0x7d, 0x7d, 0x7d, 
	0x7d, 0x01, 0x77, 0x7d, 0x7d, 0x7d, 0xfa, 0x7d, 0x7d, 0xfa, 0x7d, 0x00, 0x00, 0x01, 0x00, 0x7d, 
	0x00, 0x7d, 0x03, 0x6b, 0x02, 0xee, 0x00, 0x0b, 0x00, 0x30, 0x40, 0x2d, 0x00, 0x00, 0x01, 0x04, 
	0x01, 0x00, 0x04, 0x7e, 0x03, 0x01, 0x01, 0x01, 0x02, 0x5d, 0x00, 0x02, 0x02, 0x34, 0x4b, 0x00, 
	0x04, 0x04, 0x05, 0x5d, 0x06, 0x01, 0x05, 0x05, 0x32, 0x05, 0x4c, 0x00, 0x00, 0x00, 0x0b, 0x00, 
	0x0b, 0x11, 0x11, 0x11, 0x11, 0x11, 0x07, 0x08, 0x19, 0x2b, 0x25, 0x35, 0x23, 0x11, 0x23, 0x35, 
	0x21, 0x15, 0x23, 0x11, 0x33, 0x15, 0x01, 0xf4, 0x7d, 0xfa, 0x02, 0xee, 0xfa, 0xfa, 0x7d, 0x7d, 
	0x01, 0x77, 0x7d, 0x7d, 0xfe, 0x89, 0x7d, 0x00, 0x00, 0x01, 0x00, 0x00, 0x00, 0x7d, 0x03, 0x6b, 
	0x02, 0xee, 0x00, 0x13, 0x00, 0x37, 0x40, 0x34, 0x07, 0x01, 0x03, 0x08, 0x01, 0x00, 0x04, 0x03, 
	0x00, 0x65, 0x05, 0x01, 0x01, 0x01, 0x02, 0x5d, 0x06, 0x01, 0x02, 0x02, 0x34, 0x4b, 0x00, 0x04, 
	0x04, 0x09, 0x5e, 0x0a, 0x01, 0x09, 0x09, 0x32, 0x09, 0x4c, 0x00, 0x00, 0x00, 0x13, 0x00, 0x13, 
	0x11, 0x11, 0x11, 0x11, 0x11, 0x11, 0x11, 0x11, 0x11, 0x0b, 0x08, 0x1d, 0x2b, 0x37, 0x35, 0x23, 
	0x11, 0x23, 0x35, 0x33, 0x15, 0x33, 0x11, 0x33, 0x11, 0x23, 0x35, 0x33, 0x15, 0x33, 0x11, 0x23, 
	0x15, 0xfa, 0x7d, 0x7d, 0xfa, 0x7d, 0xfa, 0x7d, 0xfa, 0x7d, 0x7d, 0x7d, 0x7d, 0x01, 0x77, 0x7d, 
	0x7d, 0xfe, 0x89, 0x01, 0x77, 0x7d, 0x7d, 0xfe, 0x89, 0x7d, 0x00, 0x00, 0x00, 0x01, 0x00, 0x00, 
	0x00, 0x00, 0x03, 0x6b, 0x02, 0xee, 0x00, 0x19, 0x00, 0x47, 0x40, 0x44, 0x04, 0x01, 0x00, 0x07, 
	0x05, 0x00, 0x55, 0x00, 0x0a, 0x0a, 0x06, 0x5d, 0x0b, 0x01, 0x06, 0x06, 0x34, 0x4b, 0x09, 0x01, 
	0x07, 0x07, 0x01, 0x5e, 0x03, 0x01, 0x01, 0x01, 0x32, 0x4b, 0x0d, 0x0c, 0x08, 0x03, 0x05, 0x05, 
	0x02, 0x5d, 0x00, 0x02, 0x02, 0x36, 0x02, 0x4c, 0x00, 0x00, 0x00, 0x19, 0x00, 0x19, 0x18, 0x17, 
	0x16, 0x15, 0x14, 0x13, 0x11, 0x11, 0x11, 0x11, 0x11, 0x11, 0x11, 0x11, 0x11, 0x0e, 0x08, 0x1d, 
	0x2b, 0x01, 0x11, 0x23, 0x15, 0x23, 0x15, 0x23, 0x35, 0x23, 0x35, 0x23, 0x11, 0x33, 0x35, 0x33, 
	0x11, 0x33, 0x11, 0x33, 0x11, 0x33, 0x11, 0x23, 0x35, 0x33, 0x15, 0x03, 0x6b, 0x7d, 0xfa, 0x7d, 
	0xfa, 0x7d, 0x7d, 0x7d, 0x7d, 0x7d, 0x7d, 0x7d, 0xfa, 0x02, 0x71, 0xfe, 0x89, 0x7d, 0x7d, 0x7d, 
	0x7d, 0x01, 0x77, 0x7d, 0xfe, 0x0c, 0x01, 0x77, 0xfe, 0x89, 0x01, 0x77, 0x7d, 0x7d, 0x00, 0x00, 
	0x00, 0x01, 0x00, 0x00, 0x00, 0x00, 0x03, 0x6b, 0x02, 0xee, 0x00, 0x23, 0x00, 0xaa, 0x4b, 0xb0, 
	0x0a, 0x50, 0x58, 0x40, 0x3c, 0x0a, 0x01, 0x02, 0x05, 0x06, 0x03, 0x02, 0x70, 0x0b, 0x01, 0x01, 
	0x0f, 0x0e, 0x00, 0x01, 0x70, 0x00, 0x06, 0x00, 0x0f, 0x01, 0x06, 0x0f, 0x65, 0x07, 0x01, 0x05, 
	0x10, 0x01, 0x0e, 0x00, 0x05, 0x0e, 0x65, 0x09, 0x01, 0x03, 0x03, 0x04, 0x5d, 0x08, 0x01, 0x04, 
	0x04, 0x34, 0x4b, 0x0c, 0x01, 0x00, 0x00, 0x0d, 0x5e, 0x12, 0x11, 0x02, 0x0d, 0x0d, 0x36, 0x0d, 
	0x4c, 0x1b, 0x40, 0x3e, 0x0a, 0x01, 0x02, 0x05, 0x06, 0x05, 0x02, 0x06, 0x7e, 0x0b, 0x01, 0x01, 
	0x0f, 0x0e, 0x0f, 0x01, 0x0e, 0x7e, 0x00, 0x06, 0x00, 0x0f, 0x01, 0x06, 0x0f, 0x65, 0x07, 0x01, 
	0x05, 0x10, 0x01, 0x0e, 0x00, 0x05, 0x0e, 0x65, 0x09, 0x01, 0x03, 0x03, 0x04, 0x5d, 0x08, 0x01, 
	0x04, 0x04, 0x34, 0x4b, 0x0c, 0x01, 0x00, 0x00, 0x0d, 0x5e, 0x12, 0x11, 0x02, 0x0d, 0x0d, 0x36, 
	0x0d, 0x4c, 0x59, 0x40, 0x22, 0x00, 0x00, 0x00, 0x23, 0x00, 0x23, 0x22, 0x21, 0x20, 0x1f, 0x1e, 
	0x1d, 0x1c, 0x1b, 0x1a, 0x19, 0x18, 0x17, 0x16, 0x15, 0x14, 0x13, 0x11, 0x11, 0x11, 0x11, 0x11, 
	0x11, 0x11, 0x11, 0x11, 0x13, 0x08, 0x1d, 0x2b, 0x31, 0x35, 0x33, 0x35, 0x33, 0x35, 0x23, 0x35, 
	0x23, 0x35, 0x33, 0x15, 0x33, 0x15, 0x33, 0x35, 0x33, 0x35, 0x33, 0x15, 0x23, 0x15, 0x23, 0x15, 
	0x33, 0x15, 0x33, 0x15, 0x23, 0x35, 0x23, 0x35, 0x23, 0x15, 0x23, 0x15, 0x7d, 0x7d, 0x7d, 0x7d, 
	0xfa, 0x7d, 0x7d, 0x7d, 0xfa, 0x7d, 0x7d, 0x7d, 0x7d, 0xfa, 0x7d, 0x7d, 0x7d, 0xfa, 0x7d, 0x7d, 
	0x7d, 0x7d, 0x7d, 0x7d, 0x7d, 0x7d, 0x7d, 0x7d, 0x7d, 0x7d, 0xfa, 0xfa, 0x7d, 0x7d, 0xfa, 0x00, 
	0x00, 0x01, 0x00, 0x00, 0x00, 0x00, 0x03, 0xe8, 0x03, 0x6b, 0x00, 0x13, 0x00, 0x39, 0x40, 0x36, 
	0x07, 0x01, 0x01, 0x01, 0x02, 0x5d, 0x06, 0x01, 0x02, 0x02, 0x34, 0x4b, 0x05, 0x01, 0x03, 0x03, 
	0x00, 0x5d, 0x08, 0x01, 0x00, 0x00, 0x32, 0x4b, 0x00, 0x04, 0x04, 0x09, 0x5d, 0x0a, 0x01, 0x09, 
	0x09, 0x36, 0x09, 0x4c, 0x00, 0x00, 0x00, 0x13, 0x00, 0x13, 0x11, 0x11, 0x11, 0x11, 0x11, 0x11, 
	0x11, 0x11, 0x11, 0x0b, 0x08, 0x1d, 0x2b, 0x21, 0x35, 0x23, 0x35, 0x23, 0x11, 0x33, 0x11, 0x33, 
	0x11, 0x33, 0x11, 0x33, 0x11, 0x33, 0x11, 0x23, 0x15, 0x23, 0x15, 0x01, 0x77, 0xfa, 0x7d, 0xfa, 
	0x7d, 0xfa, 0x7d, 0xfa, 0x7d, 0xfa, 0x7d, 0x7d, 0x01, 0xf4, 0xfe, 0x0c, 0x02, 0x71, 0xfd, 0x8f, 
	0x01, 0xf4, 0xfe, 0x0c, 0x7d, 0x7d, 0x00, 0x00, 0x00, 0x03, 0x00, 0x00, 0x00, 0x7d, 0x03, 0x6b, 
	0x02, 0xee, 0x00, 0x09, 0x00, 0x13, 0x00, 0x17, 0x00, 0x3e, 0x40, 0x3b, 0x0d, 0x0b, 0x0c, 0x09, 
	0x04, 0x03, 0x0a, 0x05, 0x02, 0x02, 0x00, 0x03, 0x02, 0x65, 0x08, 0x01, 0x04, 0x04, 0x34, 0x4b, 
	0x07, 0x01, 0x00, 0x00, 0x01, 0x5e, 0x06, 0x01, 0x01, 0x01, 0x32, 0x01, 0x4c, 0x14, 0x14, 0x0a, 
	0x0a, 0x14, 0x17, 0x14, 0x17, 0x16, 0x15, 0x0a, 0x13, 0x0a, 0x13, 0x11, 0x11, 0x11, 0x12, 0x11, 
	0x11, 0x11, 0x11, 0x10, 0x0e, 0x08, 0x1d, 0x2b, 0x37, 0x33, 0x15, 0x23, 0x35, 0x23, 0x11, 0x33, 
	0x35, 0x33, 0x05, 0x11, 0x23, 0x15, 0x23, 0x35, 0x33, 0x11, 0x33, 0x15, 0x23, 0x11, 0x23, 0x11, 
	0xfa, 0x7d, 0xfa, 0x7d, 0x7d, 0x7d, 0x02, 0x71, 0x7d, 0xfa, 0x7d, 0x7d, 0xfa, 0x7d, 0xfa, 0x7d, 
	0x7d, 0x01, 0x77, 0x7d, 0x7d, 0xfe, 0x89, 0x7d, 0x7d, 0x01, 0xf4, 0x7d, 0xfe, 0x89, 0x01, 0x77, 
	0x00, 0x02, 0x00, 0x7d, 0x00, 0x7d, 0x02, 0xee, 0x03, 0xe8, 0x00, 0x03, 0x00, 0x11, 0x00, 0x3d, 
	0x40, 0x3a, 0x00, 0x06, 0x00, 0x03, 0x08, 0x06, 0x03, 0x65, 0x00, 0x00, 0x00, 0x01, 0x5d, 0x00, 
	0x01, 0x01, 0x31, 0x4b, 0x00, 0x04, 0x04, 0x05, 0x5d, 0x07, 0x01, 0x05, 0x05, 0x34, 0x4b, 0x09, 
	0x01, 0x08, 0x08, 0x02, 0x5e, 0x00, 0x02, 0x02, 0x32, 0x02, 0x4c, 0x04, 0x04, 0x04, 0x11, 0x04, 
	0x11, 0x11, 0x11, 0x11, 0x11, 0x11, 0x12, 0x11, 0x10, 0x0a, 0x08, 0x1c, 0x2b, 0x01, 0x23, 0x35, 
	0x33, 0x13, 0x15, 0x21, 0x35, 0x23, 0x11, 0x23, 0x35, 0x33, 0x35, 0x33, 0x15, 0x33, 0x11, 0x01, 
	0xf4, 0x7d, 0x7d, 0xfa, 0xfe, 0x89, 0x7d, 0x7d, 0x7d, 0x7d, 0x7d, 0x03, 0x6b, 0x7d, 0xfd, 0x12, 
	0x7d, 0x7d, 0x01, 0x77, 0x7d, 0x7d, 0x7d, 0xfe, 0x0c, 0x00, 0x00, 0x00, 0x00, 0x03, 0x00, 0x00, 
	0x00, 0x7d, 0x02, 0xee, 0x03, 0xe8, 0x00, 0x03, 0x00, 0x07, 0x00, 0x11, 0x00, 0x4f, 0x40, 0x4c, 
	0x00, 0x04, 0x05, 0x07, 0x05, 0x04, 0x07, 0x7e, 0x0a, 0x03, 0x09, 0x03, 0x01, 0x01, 0x00, 0x5d, 
	0x02, 0x01, 0x00, 0x00, 0x31, 0x4b, 0x00, 0x05, 0x05, 0x06, 0x5d, 0x00, 0x06, 0x06, 0x34, 0x4b, 
	0x00, 0x07, 0x07, 0x08, 0x5d, 0x0b, 0x01, 0x08, 0x08, 0x32, 0x08, 0x4c, 0x08, 0x08, 0x04, 0x04, 
	0x00, 0x00, 0x08, 0x11, 0x08, 0x11, 0x10, 0x0f, 0x0e, 0x0d, 0x0c, 0x0b, 0x0a, 0x09, 0x04, 0x07, 
	0x04, 0x07, 0x06, 0x05, 0x00, 0x03, 0x00, 0x03, 0x11, 0x0c, 0x08, 0x15, 0x2b, 0x11, 0x35, 0x33, 
	0x15, 0x33, 0x35, 0x33, 0x15, 0x03, 0x35, 0x23, 0x11, 0x23, 0x35, 0x21, 0x11, 0x33, 0x15, 0xfa, 
	0x7d, 0xfa, 0xfa, 0x7d, 0x7d, 0x01, 0x77, 0xfa, 0x03, 0x6b, 0x7d, 0x7d, 0x7d, 0x7d, 0xfd, 0x12, 
	0x7d, 0x01, 0x77, 0x7d, 0xfe, 0x0c, 0x7d, 0x00, 0x00, 0x04, 0x00, 0x00, 0x00, 0x7d, 0x02, 0xee, 
	0x03, 0xe8, 0x00, 0x03, 0x00, 0x07, 0x00, 0x0b, 0x00, 0x19, 0x00, 0x4c, 0x40, 0x49, 0x00, 0x0b, 
	0x00, 0x08, 0x06, 0x0b, 0x08, 0x65, 0x04, 0x02, 0x02, 0x00, 0x00, 0x01, 0x5d, 0x0d, 0x05, 0x03, 
	0x03, 0x01, 0x01, 0x31, 0x4b, 0x00, 0x09, 0x09, 0x0a, 0x5d, 0x0c, 0x01, 0x0a, 0x0a, 0x34, 0x4b, 
	0x00, 0x06, 0x06, 0x07, 0x5e, 0x00, 0x07, 0x07, 0x32, 0x07, 0x4c, 0x08, 0x08, 0x19, 0x18, 0x17, 
	0x16, 0x15, 0x14, 0x13, 0x12, 0x11, 0x10, 0x0f, 0x0e, 0x0d, 0x0c, 0x08, 0x0b, 0x08, 0x0b, 0x12, 
	0x11, 0x11, 0x11, 0x10, 0x0e, 0x08, 0x19, 0x2b, 0x13, 0x23, 0x35, 0x33, 0x05, 0x23, 0x35, 0x33, 
	0x33, 0x15, 0x23, 0x35, 0x03, 0x33, 0x15, 0x21, 0x35, 0x23, 0x11, 0x23, 0x35, 0x33, 0x35, 0x33, 
	0x15, 0x33, 0x7d, 0x7d, 0x7d, 0x01, 0x77, 0x7d, 0x7d, 0xfa, 0x7d, 0x7d, 0xfa, 0xfe, 0x89, 0x7d, 
	0x7d, 0x7d, 0x7d, 0x7d, 0x03, 0x6b, 0x7d, 0x7d, 0x7d, 0x7d, 0x7d, 0xfd, 0x12, 0x7d, 0x7d, 0x01, 
	0x77, 0x7d, 0x7d, 0x7d, 0x00, 0x03, 0x00, 0x00, 0x00, 0x7d, 0x03, 0x6b, 0x03, 0xe8, 0x00, 0x03, 
	0x00, 0x07, 0x00, 0x1b, 0x00, 0x5c, 0x40, 0x59, 0x0e, 0x01, 0x03, 0x00, 0x02, 0x08, 0x03, 0x02, 
	0x65, 0x0f, 0x0d, 0x02, 0x09, 0x06, 0x01, 0x04, 0x0a, 0x09, 0x04, 0x65, 0x00, 0x00, 0x00, 0x01, 
	0x5d, 0x00, 0x01, 0x01, 0x31, 0x4b, 0x0b, 0x01, 0x07, 0x07, 0x08, 0x5d, 0x0c, 0x01, 0x08, 0x08, 
	0x34, 0x4b, 0x00, 0x0a, 0x0a, 0x05, 0x5e, 0x00, 0x05, 0x05, 0x32, 0x05, 0x4c, 0x08, 0x08, 0x04, 
	0x04, 0x08, 0x1b, 0x08, 0x1b, 0x1a, 0x19, 0x18, 0x17, 0x16, 0x15, 0x14, 0x13, 0x12, 0x11, 0x10, 
	0x0f, 0x0e, 0x0d, 0x0c, 0x0b, 0x0a, 0x09, 0x04, 0x07, 0x04, 0x07, 0x12, 0x11, 0x10, 0x10, 0x08, 
	0x17, 0x2b, 0x01, 0x23, 0x35, 0x33, 0x07, 0x15, 0x23, 0x35, 0x05, 0x11, 0x23, 0x15, 0x21, 0x35, 
	0x23, 0x11, 0x23, 0x35, 0x33, 0x15, 0x33, 0x11, 0x33, 0x11, 0x23, 0x35, 0x33, 0x15, 0x02, 0x71, 
	0x7d, 0x7d, 0x7d, 0x7d, 0x01, 0xf4, 0x7d, 0xfe, 0x0c, 0x7d, 0x7d, 0xfa, 0x7d, 0xfa, 0x7d, 0xfa, 
	0x03, 0x6b, 0x7d, 0x7d, 0x7d, 0x7d, 0xfa, 0xfe, 0x89, 0x7d, 0x7d, 0x01, 0x77, 0x7d, 0x7d, 0xfe, 
	0x89, 0x01, 0x77, 0x7d, 0x7d, 0x00, 0x00, 0x00, 0x00, 0x03, 0x00, 0x00, 0x00, 0x7d, 0x03, 0x6b, 
	0x03, 0xe8, 0x00, 0x03, 0x00, 0x07, 0x00, 0x1b, 0x00, 0x5d, 0x40, 0x5a, 0x0b, 0x01, 0x07, 0x0c, 
	0x01, 0x04, 0x08, 0x07, 0x04, 0x65, 0x0f, 0x03, 0x0e, 0x03, 0x01, 0x01, 0x00, 0x5d, 0x02, 0x01, 
	0x00, 0x00, 0x31, 0x4b, 0x09, 0x01, 0x05, 0x05, 0x06, 0x5d, 0x0a, 0x01, 0x06, 0x06, 0x34, 0x4b, 
	0x00, 0x08, 0x08, 0x0d, 0x5e, 0x10, 0x01, 0x0d, 0x0d, 0x32, 0x0d, 0x4c, 0x08, 0x08, 0x04, 0x04, 
	0x00, 0x00, 0x08, 0x1b, 0x08, 0x1b, 0x1a, 0x19, 0x18, 0x17, 0x16, 0x15, 0x14, 0x13, 0x12, 0x11, 
	0x10, 0x0f, 0x0e, 0x0d, 0x0c, 0x0b, 0x0a, 0x09, 0x04, 0x07, 0x04, 0x07, 0x06, 0x05, 0x00, 0x03, 
	0x00, 0x03, 0x11, 0x11, 0x08, 0x15, 0x2b, 0x13, 0x35, 0x33, 0x15, 0x33, 0x35, 0x33, 0x15, 0x01, 
	0x35, 0x23, 0x11, 0x23, 0x35, 0x33, 0x15, 0x33, 0x11, 0x33, 0x11, 0x23, 0x35, 0x33, 0x15, 0x33, 
	0x11, 0x23, 0x15, 0x7d, 0xfa, 0x7d, 0xfa, 0xfe, 0x0c, 0x7d, 0x7d, 0xfa, 0x7d, 0xfa, 0x7d, 0xfa, 
	0x7d, 0x7d, 0x03, 0x6b, 0x7d, 0x7d, 0x7d, 0x7d, 0xfd, 0x12, 0x7d, 0x01, 0x77, 0x7d, 0x7d, 0xfe, 
	0x89, 0x01, 0x77, 0x7d, 0x7d, 0xfe, 0x89, 0x7d, 0x00, 0x05, 0x00, 0x00, 0x00, 0x7d, 0x03, 0x6b, 
	0x03, 0xe8, 0x00, 0x03, 0x00, 0x07, 0x00, 0x0b, 0x00, 0x0f, 0x00, 0x23, 0x00, 0x5d, 0x40, 0x5a, 
	0x00, 0x07, 0x00, 0x06, 0x0c, 0x07, 0x06, 0x65, 0x12, 0x11, 0x02, 0x0d, 0x0a, 0x01, 0x08, 0x0e, 
	0x0d, 0x08, 0x65, 0x04, 0x02, 0x02, 0x00, 0x00, 0x01, 0x5d, 0x05, 0x03, 0x02, 0x01, 0x01, 0x31, 
	0x4b, 0x0f, 0x01, 0x0b, 0x0b, 0x0c, 0x5d, 0x10, 0x01, 0x0c, 0x0c, 0x34, 0x4b, 0x00, 0x0e, 0x0e, 
	0x09, 0x5e, 0x00, 0x09, 0x09, 0x32, 0x09, 0x4c, 0x10, 0x10, 0x10, 0x23, 0x10, 0x23, 0x22, 0x21, 
	0x20, 0x1f, 0x1e, 0x1d, 0x1c, 0x1b, 0x1a, 0x19, 0x18, 0x17, 0x16, 0x15, 0x14, 0x13, 0x12, 0x11, 
	0x11, 0x11, 0x11, 0x11, 0x11, 0x11, 0x10, 0x13, 0x08, 0x1d, 0x2b, 0x13, 0x23, 0x35, 0x33, 0x05, 
	0x23, 0x35, 0x33, 0x17, 0x23, 0x35, 0x33, 0x05, 0x23, 0x35, 0x33, 0x05, 0x11, 0x23, 0x15, 0x21, 
	0x35, 0x23, 0x11, 0x23, 0x35, 0x33, 0x15, 0x33, 0x11, 0x33, 0x11, 0x23, 0x35, 0x33, 0x15, 0x7d, 
	0x7d, 0x7d, 0x01, 0x77, 0x7d, 0x7d, 0xfa, 0x7d, 0x7d, 0xfe, 0x89, 0x7d, 0x7d, 0x01, 0xf4, 0x7d, 
	0xfe, 0x0c, 0x7d, 0x7d, 0xfa, 0x7d, 0xfa, 0x7d, 0xfa, 0x03, 0x6b, 0x7d, 0x7d, 0x7d, 0x7d, 0x7d, 
	0xfa, 0x7d, 0xfa, 0xfe, 0x89, 0x7d, 0x7d, 0x01, 0x77, 0x7d, 0x7d, 0xfe, 0x89, 0x01, 0x77, 0x7d, 
	0x7d, 0x00, 0x00, 0x00, 0x00, 0x03, 0x00, 0x00, 0x00, 0x7d, 0x03, 0x6b, 0x03, 0xe8, 0x00, 0x03, 
	0x00, 0x13, 0x00, 0x17, 0x00, 0x89, 0x4b, 0xb0, 0x0a, 0x50, 0x58, 0x40, 0x32, 0x00, 0x07, 0x00, 
	0x06, 0x06, 0x07, 0x70, 0x0c, 0x09, 0x02, 0x05, 0x04, 0x01, 0x02, 0x0b, 0x05, 0x02, 0x65, 0x00, 
	0x00, 0x00, 0x01, 0x5d, 0x00, 0x01, 0x01, 0x31, 0x4b, 0x00, 0x0a, 0x0a, 0x06, 0x5d, 0x08, 0x01, 
	0x06, 0x06, 0x34, 0x4b, 0x00, 0x0b, 0x0b, 0x03, 0x5d, 0x00, 0x03, 0x03, 0x32, 0x03, 0x4c, 0x1b, 
	0x40, 0x33, 0x00, 0x07, 0x00, 0x06, 0x00, 0x07, 0x06, 0x7e, 0x0c, 0x09, 0x02, 0x05, 0x04, 0x01, 
	0x02, 0x0b, 0x05, 0x02, 0x65, 0x00, 0x00, 0x00, 0x01, 0x5d, 0x00, 0x01, 0x01, 0x31, 0x4b, 0x00, 
	0x0a, 0x0a, 0x06, 0x5d, 0x08, 0x01, 0x06, 0x06, 0x34, 0x4b, 0x00, 0x0b, 0x0b, 0x03, 0x5d, 0x00, 
	0x03, 0x03, 0x32, 0x03, 0x4c, 0x59, 0x40, 0x16, 0x04, 0x04, 0x17, 0x16, 0x15, 0x14, 0x04, 0x13, 
	0x04, 0x13, 0x11, 0x11, 0x11, 0x11, 0x11, 0x11, 0x12, 0x11, 0x10, 0x0d, 0x08, 0x1d, 0x2b, 0x01, 
	0x23, 0x35, 0x33, 0x13, 0x11, 0x23, 0x15, 0x21, 0x35, 0x23, 0x11, 0x33, 0x35, 0x33, 0x35, 0x33, 
	0x15, 0x33, 0x15, 0x23, 0x21, 0x11, 0x21, 0x02, 0x71, 0x7d, 0x7d, 0xfa, 0x7d, 0xfd, 0x8f, 0x7d, 
	0x7d, 0xfa, 0x7d, 0xfa, 0x7d, 0xfe, 0x89, 0x01, 0x77, 0x03, 0x6b, 0x7d, 0xfe, 0x89, 0xfe, 0x89, 
	0x7d, 0x7d, 0x01, 0x77, 0x7d, 0x7d, 0x7d, 0x7d, 0xfe, 0x89, 0x00, 0x00, 0x00, 0x05, 0x00, 0x00, 
	0x00, 0x7d, 0x03, 0x6b, 0x03, 0xe8, 0x00, 0x03, 0x00, 0x07, 0x00, 0x11, 0x00, 0x1b, 0x00, 0x1f, 
	0x00, 0x58, 0x40, 0x55, 0x00, 0x03, 0x00, 0x02, 0x08, 0x03, 0x02, 0x65, 0x11, 0x0f, 0x10, 0x0d, 
	0x04, 0x07, 0x0e, 0x09, 0x02, 0x06, 0x04, 0x07, 0x06, 0x65, 0x00, 0x00, 0x00, 0x01, 0x5d, 0x00, 
	0x01, 0x01, 0x31, 0x4b, 0x0c, 0x01, 0x08, 0x08, 0x34, 0x4b, 0x0b, 0x01, 0x04, 0x04, 0x05, 0x5e, 
	0x0a, 0x01, 0x05, 0x05, 0x32, 0x05, 0x4c, 0x1c, 0x1c, 0x12, 0x12, 0x1c, 0x1f, 0x1c, 0x1f, 0x1e, 
	0x1d, 0x12, 0x1b, 0x12, 0x1b, 0x1a, 0x19, 0x18, 0x17, 0x16, 0x15, 0x14, 0x13, 0x11, 0x11, 0x11, 
	0x11, 0x11, 0x11, 0x11, 0x11, 0x10, 0x12, 0x08, 0x1d, 0x2b, 0x01, 0x23, 0x35, 0x33, 0x07, 0x23, 
	0x35, 0x33, 0x03, 0x33, 0x15, 0x23, 0x35, 0x23, 0x11, 0x33, 0x35, 0x33, 0x05, 0x11, 0x23, 0x15, 
	0x23, 0x35, 0x33, 0x11, 0x33, 0x15, 0x23, 0x11, 0x23, 0x11, 0x02, 0x71, 0x7d, 0x7d, 0x7d, 0x7d, 
	0x7d, 0xfa, 0x7d, 0xfa, 0x7d, 0x7d, 0x7d, 0x02, 0x71, 0x7d, 0xfa, 0x7d, 0x7d, 0xfa, 0x7d, 0x03, 
	0x6b, 0x7d, 0xfa, 0x7d, 0xfd, 0x8f, 0x7d, 0x7d, 0x01, 0x77, 0x7d, 0x7d, 0xfe, 0x89, 0x7d, 0x7d, 
	0x01, 0xf4, 0x7d, 0xfe, 0x89, 0x01, 0x77, 0x00, 0x00, 0x03, 0x00, 0x00, 0x00, 0x7d, 0x03, 0x6b, 
	0x03, 0xe8, 0x00, 0x03, 0x00, 0x0f, 0x00, 0x13, 0x00, 0x83, 0x4b, 0xb0, 0x0a, 0x50, 0x58, 0x40, 
	0x30, 0x00, 0x06, 0x00, 0x05, 0x05, 0x06, 0x70, 0x00, 0x04, 0x00, 0x03, 0x09, 0x04, 0x03, 0x65, 
	0x00, 0x00, 0x00, 0x01, 0x5d, 0x00, 0x01, 0x01, 0x31, 0x4b, 0x00, 0x08, 0x08, 0x05, 0x5d, 0x0a, 
	0x07, 0x02, 0x05, 0x05, 0x34, 0x4b, 0x00, 0x09, 0x09, 0x02, 0x5d, 0x00, 0x02, 0x02, 0x32, 0x02, 
	0x4c, 0x1b, 0x40, 0x31, 0x00, 0x06, 0x00, 0x05, 0x00, 0x06, 0x05, 0x7e, 0x00, 0x04, 0x00, 0x03, 
	0x09, 0x04, 0x03, 0x65, 0x00, 0x00, 0x00, 0x01, 0x5d, 0x00, 0x01, 0x01, 0x31, 0x4b, 0x00, 0x08, 
	0x08, 0x05, 0x5d, 0x0a, 0x07, 0x02, 0x05, 0x05, 0x34, 0x4b, 0x00, 0x09, 0x09, 0x02, 0x5d, 0x00, 
	0x02, 0x02, 0x32, 0x02, 0x4c, 0x59, 0x40, 0x14, 0x04, 0x04, 0x13, 0x12, 0x11, 0x10, 0x04, 0x0f, 
	0x04, 0x0f, 0x11, 0x11, 0x11, 0x11, 0x12, 0x11, 0x10, 0x0b, 0x08, 0x1b, 0x2b, 0x01, 0x23, 0x35, 
	0x33, 0x17, 0x11, 0x21, 0x35, 0x23, 0x11, 0x33, 0x35, 0x33, 0x35, 0x33, 0x15, 0x17, 0x21, 0x11, 
	0x21, 0x02, 0x71, 0x7d, 0x7d, 0xfa, 0xfd, 0x12, 0x7d, 0x7d, 0xfa, 0x7d, 0x7d, 0xfe, 0x89, 0x01, 
	0x77, 0x03, 0x6b, 0x7d, 0xfa, 0xfd, 0x8f, 0x7d, 0x01, 0x77, 0x7d, 0x7d, 0x7d, 0x7d, 0xfe, 0x89, 
	0x00, 0x02, 0x00, 0x00, 0x00, 0x7d, 0x03, 0x6b, 0x03, 0xe8, 0x00, 0x03, 0x00, 0x1b, 0x00, 0xa9, 
	0x4b, 0xb0, 0x0a, 0x50, 0x58, 0x40, 0x40, 0x00, 0x0c, 0x00, 0x0b, 0x0b, 0x0c, 0x70, 0x00, 0x0a, 
	0x00, 0x09, 0x03, 0x0a, 0x09, 0x65, 0x00, 0x03, 0x00, 0x04, 0x08, 0x03, 0x04, 0x65, 0x00, 0x08, 
	0x00, 0x07, 0x05, 0x08, 0x07, 0x65, 0x00, 0x00, 0x00, 0x01, 0x5d, 0x00, 0x01, 0x01, 0x31, 0x4b, 
	0x00, 0x02, 0x02, 0x0b, 0x5d, 0x0e, 0x0d, 0x02, 0x0b, 0x0b, 0x34, 0x4b, 0x00, 0x05, 0x05, 0x06, 
	0x5d, 0x00, 0x06, 0x06, 0x32, 0x06, 0x4c, 0x1b, 0x40, 0x41, 0x00, 0x0c, 0x00, 0x0b, 0x00, 0x0c, 
	0x0b, 0x7e, 0x00, 0x0a, 0x00, 0x09, 0x03, 0x0a, 0x09, 0x65, 0x00, 0x03, 0x00, 0x04, 0x08, 0x03, 
	0x04, 0x65, 0x00, 0x08, 0x00, 0x07, 0x05, 0x08, 0x07, 0x65, 0x00, 0x00, 0x00, 0x01, 0x5d, 0x00, 
	0x01, 0x01, 0x31, 0x4b, 0x00, 0x02, 0x02, 0x0b, 0x5d, 0x0e, 0x0d, 0x02, 0x0b, 0x0b, 0x34, 0x4b, 
	0x00, 0x05, 0x05, 0x06, 0x5d, 0x00, 0x06, 0x06, 0x32, 0x06, 0x4c, 0x59, 0x40, 0x1a, 0x04, 0x04, 
	0x04, 0x1b, 0x04, 0x1b, 0x1a, 0x19, 0x18, 0x17, 0x16, 0x15, 0x14, 0x13, 0x11, 0x11, 0x11, 0x11, 
	0x11, 0x11, 0x12, 0x11, 0x10, 0x0f, 0x08, 0x1d, 0x2b, 0x01, 0x23, 0x35, 0x33, 0x17, 0x15, 0x21, 
	0x15, 0x21, 0x15, 0x21, 0x15, 0x21, 0x15, 0x21, 0x35, 0x23, 0x35, 0x33, 0x35, 0x23, 0x35, 0x33, 
	0x35, 0x33, 0x35, 0x33, 0x15, 0x02, 0x71, 0x7d, 0x7d, 0xfa, 0xfd, 0x8f, 0x01, 0xf4, 0xfe, 0x0c, 
	0x02, 0x71, 0xfd, 0x12, 0x7d, 0x7d, 0x7d, 0x7d, 0xfa, 0x7d, 0x03, 0x6b, 0x7d, 0xfa, 0x7d, 0x7d, 
	0x7d, 0x7d, 0x7d, 0x7d, 0x7d, 0x7d, 0x7d, 0x7d, 0x7d, 0x7d, 0x00, 0x00, 0x00, 0x03, 0x00, 0x00, 
	0x00, 0x00, 0x03, 0x6b, 0x03, 0xe8, 0x00, 0x03, 0x00, 0x0d, 0x00, 0x15, 0x00, 0x92, 0x4b, 0xb0, 
	0x0a, 0x50, 0x58, 0x40, 0x36, 0x00, 0x04, 0x00, 0x05, 0x05, 0x04, 0x70, 0x00, 0x00, 0x00, 0x01, 
	0x5d, 0x00, 0x01, 0x01, 0x31, 0x4b, 0x09, 0x01, 0x03, 0x03, 0x05, 0x5d, 0x0a, 0x01, 0x05, 0x05, 
	0x34, 0x4b, 0x07, 0x0b, 0x02, 0x06, 0x06, 0x08, 0x5d, 0x00, 0x08, 0x08, 0x32, 0x4b, 0x07, 0x0b, 
	0x02, 0x06, 0x06, 0x02, 0x5d, 0x00, 0x02, 0x02, 0x36, 0x02, 0x4c, 0x1b, 0x40, 0x37, 0x00, 0x04, 
	0x00, 0x05, 0x00, 0x04, 0x05, 0x7e, 0x00, 0x00, 0x00, 0x01, 0x5d, 0x00, 0x01, 0x01, 0x31, 0x4b, 
	0x09, 0x01, 0x03, 0x03, 0x05, 0x5d, 0x0a, 0x01, 0x05, 0x05, 0x34, 0x4b, 0x07, 0x0b, 0x02, 0x06, 
	0x06, 0x08, 0x5d, 0x00, 0x08, 0x08, 0x32, 0x4b, 0x07, 0x0b, 0x02, 0x06, 0x06, 0x02, 0x5d, 0x00, 
	0x02, 0x02, 0x36, 0x02, 0x4c, 0x59, 0x40, 0x17, 0x04, 0x04, 0x15, 0x14, 0x13, 0x12, 0x11, 0x10, 
	0x0f, 0x0e, 0x04, 0x0d, 0x04, 0x0d, 0x11, 0x11, 0x11, 0x12, 0x11, 0x10, 0x0c, 0x08, 0x1a, 0x2b, 
	0x01, 0x23, 0x35, 0x33, 0x13, 0x11, 0x23, 0x11, 0x23, 0x35, 0x33, 0x15, 0x33, 0x15, 0x21, 0x33, 
	0x11, 0x23, 0x11, 0x23, 0x35, 0x33, 0x02, 0x71, 0x7d, 0x7d, 0xfa, 0xfa, 0xfa, 0x7d, 0xfa, 0xfe, 
	0x0c, 0x7d, 0xfa, 0x7d, 0xfa, 0x03, 0x6b, 0x7d, 0xfe, 0x89, 0xfd, 0x8f, 0x02, 0x71, 0xfa, 0x7d, 
	0x7d, 0xfe, 0x0c, 0x01, 0xf4, 0x7d, 0x00, 0x00, 0x00, 0x02, 0x01, 0x77, 0x00, 0x00, 0x02, 0xee, 
	0x00, 0xfa, 0x00, 0x03, 0x00, 0x07, 0x00, 0x38, 0xb1, 0x06, 0x64, 0x44, 0x40, 0x2d, 0x04, 0x01, 
	0x01, 0x00, 0x00, 0x03, 0x01, 0x00, 0x65, 0x05, 0x01, 0x03, 0x02, 0x02, 0x03, 0x55, 0x05, 0x01, 
	0x03, 0x03, 0x02, 0x5d, 0x00, 0x02, 0x03, 0x02, 0x4d, 0x04, 0x04, 0x00, 0x00, 0x04, 0x07, 0x04, 
	0x07, 0x06, 0x05, 0x00, 0x03, 0x00, 0x03, 0x11, 0x06, 0x08, 0x15, 0x2b, 0xb1, 0x06, 0x00, 0x44, 
	0x25, 0x15, 0x23, 0x35, 0x05, 0x15, 0x23, 0x35, 0x01, 0xf4, 0x7d, 0x01, 0x77, 0xfa, 0xfa, 0x7d, 
	0x7d, 0x7d, 0x7d, 0x7d, 0x00, 0x02, 0x00, 0x00, 0x00, 0x7d, 0x03, 0x6b, 0x03, 0xe8, 0x00, 0x13, 
	0x00, 0x1b, 0x00, 0x9e, 0x4b, 0xb0, 0x0a, 0x50, 0x58, 0x40, 0x3a, 0x00, 0x0b, 0x03, 0x02, 0x0c, 
	0x0b, 0x70, 0x00, 0x0d, 0x01, 0x00, 0x0a, 0x0d, 0x70, 0x05, 0x01, 0x03, 0x08, 0x01, 0x00, 0x0a, 
	0x03, 0x00, 0x65, 0x00, 0x0c, 0x0c, 0x04, 0x5d, 0x00, 0x04, 0x04, 0x49, 0x4b, 0x07, 0x01, 0x01, 
	0x01, 0x02, 0x5d, 0x06, 0x01, 0x02, 0x02, 0x4c, 0x4b, 0x00, 0x0a, 0x0a, 0x09, 0x5e, 0x0e, 0x01, 
	0x09, 0x09, 0x4a, 0x09, 0x4c, 0x1b, 0x40, 0x3c, 0x00, 0x0b, 0x03, 0x02, 0x03, 0x0b, 0x02, 0x7e, 
	0x00, 0x0d, 0x01, 0x00, 0x01, 0x0d, 0x00, 0x7e, 0x05, 0x01, 0x03, 0x08, 0x01, 0x00, 0x0a, 0x03, 
	0x00, 0x65, 0x00, 0x0c, 0x0c, 0x04, 0x5d, 0x00, 0x04, 0x04, 0x49, 0x4b, 0x07, 0x01, 0x01, 0x01, 
	0x02, 0x5d, 0x06, 0x01, 0x02, 0x02, 0x4c, 0x4b, 0x00, 0x0a, 0x0a, 0x09, 0x5e, 0x0e, 0x01, 0x09, 
	0x09, 0x4a, 0x09, 0x4c, 0x59, 0x40, 0x1a, 0x00, 0x00, 0x1b, 0x1a, 0x19, 0x18, 0x17, 0x16, 0x15, 
	0x14, 0x00, 0x13, 0x00, 0x13, 0x11, 0x11, 0x11, 0x11, 0x11, 0x11, 0x11, 0x11, 0x11, 0x0f, 0x09, 
	0x1d, 0x2b, 0x37, 0x35, 0x23, 0x35, 0x23, 0x11, 0x33, 0x35, 0x33, 0x35, 0x21, 0x15, 0x33, 0x15, 
	0x33, 0x11, 0x23, 0x15, 0x23, 0x15, 0x27, 0x33, 0x11, 0x23, 0x35, 0x23, 0x11, 0x33, 0xfa, 0x7d, 
	0x7d, 0x7d, 0x7d, 0x01, 0x77, 0x7d, 0x7d, 0x7d, 0x7d, 0xfa, 0xfa, 0x7d, 0xfa, 0x7d, 0x7d, 0x7d, 
	0x7d, 0x01, 0x77, 0x7d, 0x7d, 0x7d, 0x7d, 0xfe, 0x89, 0x7d, 0x7d, 0x7d, 0x01, 0xf4, 0x7d, 0xfe, 
	0x0c, 0x00, 0x00, 0x00, 0x00, 0x01, 0x00, 0x7d, 0x00, 0x7d, 0x03, 0x6b, 0x03, 0xe8, 0x00, 0x0b, 
	0x00, 0x2b, 0x40, 0x28, 0x00, 0x02, 0x00, 0x01, 0x00, 0x02, 0x01, 0x65, 0x00, 0x03, 0x03, 0x49, 
	0x4b, 0x04, 0x01, 0x00, 0x00, 0x05, 0x5e, 0x06, 0x01, 0x05, 0x05, 0x4a, 0x05, 0x4c, 0x00, 0x00, 
	0x00, 0x0b, 0x00, 0x0b, 0x11, 0x11, 0x11, 0x11, 0x11, 0x07, 0x09, 0x19, 0x2b, 0x37, 0x35, 0x33, 
	0x11, 0x23, 0x35, 0x33, 0x35, 0x33, 0x11, 0x33, 0x15, 0x7d, 0xfa, 0x7d, 0x7d, 0xfa, 0xfa, 0x7d, 
	0x7d, 0x01, 0xf4, 0x7d, 0x7d, 0xfd, 0x12, 0x7d, 0x00, 0x01, 0x00, 0x00, 0x00, 0x7d, 0x03, 0x6b, 
	0x03, 0xe8, 0x00, 0x1b, 0x00, 0xb9, 0x4b, 0xb0, 0x0a, 0x50, 0x58, 0x40, 0x48, 0x00, 0x0a, 0x02, 
	0x01, 0x02, 0x0a, 0x01, 0x7e, 0x00, 0x01, 0x0b, 0x02, 0x01, 0x0b, 0x7c, 0x00, 0x00, 0x0b, 0x0c, 
	0x0c, 0x00, 0x70, 0x00, 0x05, 0x03, 0x06, 0x05, 0x55, 0x08, 0x01, 0x06, 0x00, 0x09, 0x02, 0x06, 
	0x09, 0x65, 0x00, 0x02, 0x00, 0x0b, 0x00, 0x02, 0x0b, 0x66, 0x00, 0x04, 0x04, 0x07, 0x5d, 0x00, 
	0x07, 0x07, 0x49, 0x4b, 0x00, 0x03, 0x03, 0x4c, 0x4b, 0x00, 0x0c, 0x0c, 0x0d, 0x5e, 0x0e, 0x01, 
	0x0d, 0x0d, 0x4a, 0x0d, 0x4c, 0x1b, 0x40, 0x49, 0x00, 0x0a, 0x02, 0x01, 0x02, 0x0a, 0x01, 0x7e, 
	0x00, 0x01, 0x0b, 0x02, 0x01, 0x0b, 0x7c, 0x00, 0x00, 0x0b, 0x0c, 0x0b, 0x00, 0x0c, 0x7e, 0x00, 
	0x05, 0x03, 0x06, 0x05, 0x55, 0x08, 0x01, 0x06, 0x00, 0x09, 0x02, 0x06, 0x09, 0x65, 0x00, 0x02, 
	0x00, 0x0b, 0x00, 0x02, 0x0b, 0x66, 0x00, 0x04, 0x04, 0x07, 0x5d, 0x00, 0x07, 0x07, 0x49, 0x4b, 
	0x00, 0x03, 0x03, 0x4c, 0x4b, 0x00, 0x0c, 0x0c, 0x0d, 0x5e, 0x0e, 0x01, 0x0d, 0x0d, 0x4a, 0x0d, 
	0x4c, 0x59, 0x40, 0x1a, 0x00, 0x00, 0x00, 0x1b, 0x00, 0x1b, 0x1a, 0x19, 0x18, 0x17, 0x16, 0x15, 
	0x14, 0x13, 0x11, 0x11, 0x11, 0x11, 0x11, 0x11, 0x11, 0x11, 0x11, 0x0f, 0x09, 0x1d, 0x2b, 0x35, 
	0x35, 0x33, 0x35, 0x33, 0x35, 0x33, 0x35, 0x33, 0x35, 0x21, 0x15, 0x23, 0x35, 0x33, 0x35, 0x21, 
	0x15, 0x33, 0x15, 0x23, 0x15, 0x23, 0x15, 0x23, 0x15, 0x21, 0x15, 0x7d, 0x7d, 0xfa, 0x7d, 0xfe, 
	0x89, 0xfa, 0x7d, 0x02, 0x71, 0x7d, 0x7d, 0x7d, 0xfa, 0x01, 0xf4, 0x7d, 0xfa, 0x7d, 0x7d, 0x7d, 
	0x7d, 0x7d, 0x7d, 0x7d, 0x7d, 0xfa, 0x7d, 0x7d, 0x7d, 0x7d, 0x00, 0x00, 0x00, 0x01, 0x00, 0x00, 
	0x00, 0x7d, 0x03, 0x6b, 0x03, 0xe8, 0x00, 0x1b, 0x00, 0x9f, 0x4b, 0xb0, 0x0a, 0x50, 0x58, 0x40, 
	0x3b, 0x00, 0x09, 0x06, 0x05, 0x06, 0x09, 0x70, 0x0a, 0x01, 0x04, 0x00, 0x03, 0x0b, 0x04, 0x03, 
	0x66, 0x00, 0x0b, 0x01, 0x00, 0x0b, 0x55, 0x00, 0x01, 0x0c, 0x01, 0x00, 0x02, 0x01, 0x00, 0x65, 
	0x08, 0x01, 0x06, 0x06, 0x07, 0x5d, 0x00, 0x07, 0x07, 0x49, 0x4b, 0x00, 0x05, 0x05, 0x4c, 0x4b, 
	0x00, 0x02, 0x02, 0x0d, 0x5e, 0x0e, 0x01, 0x0d, 0x0d, 0x4a, 0x0d, 0x4c, 0x1b, 0x40, 0x3c, 0x00, 
	0x09, 0x06, 0x05, 0x06, 0x09, 0x05, 0x7e, 0x0a, 0x01, 0x04, 0x00, 0x03, 0x0b, 0x04, 0x03, 0x66, 
	0x00, 0x0b, 0x01, 0x00, 0x0b, 0x55, 0x00, 0x01, 0x0c, 0x01, 0x00, 0x02, 0x01, 0x00, 0x65, 0x08, 
	0x01, 0x06, 0x06, 0x07, 0x5d, 0x00, 0x07, 0x07, 0x49, 0x4b, 0x00, 0x05, 0x05, 0x4c, 0x4b, 0x00, 
	0x02, 0x02, 0x0d, 0x5e, 0x0e, 0x01, 0x0d, 0x0d, 0x4a, 0x0d, 0x4c, 0x59, 0x40, 0x1a, 0x00, 0x00, 
	0x00, 0x1b, 0x00, 0x1b, 0x1a, 0x19, 0x18, 0x17, 0x16, 0x15, 0x14, 0x13, 0x11, 0x11, 0x11, 0x11, 
	0x11, 0x11, 0x11, 0x11, 0x11, 0x0f, 0x09, 0x1d, 0x2b, 0x37, 0x35, 0x23, 0x35, 0x33, 0x15, 0x21, 
	0x35, 0x21, 0x35, 0x33, 0x35, 0x33, 0x35, 0x21, 0x35, 0x21, 0x15, 0x23, 0x15, 0x23, 0x15, 0x33, 
	0x15, 0x33, 0x15, 0x23, 0x15, 0x7d, 0x7d, 0xfa, 0x01, 0x77, 0xfe, 0x89, 0x7d, 0x7d, 0xfe, 0x89, 
	0x02, 0xee, 0x7d, 0x7d, 0x7d, 0x7d, 0x7d, 0x7d, 0x7d, 0x7d, 0x7d, 0xfa, 0x7d, 0x7d, 0x7d, 0x7d, 
	0x7d, 0x7d, 0x7d, 0x7d, 0xfa, 0x7d, 0x00, 0x00, 0x00, 0x02, 0x00, 0x00, 0x00, 0x7d, 0x03, 0x6b, 
	0x03, 0xe8, 0x00, 0x0f, 0x00, 0x15, 0x00, 0x83, 0x4b, 0xb0, 0x0a, 0x50, 0x58, 0x40, 0x2f, 0x00, 
	0x01, 0x0a, 0x05, 0x05, 0x01, 0x70, 0x00, 0x03, 0x00, 0x0a, 0x01, 0x03, 0x0a, 0x65, 0x08, 0x01, 
	0x05, 0x06, 0x01, 0x00, 0x07, 0x05, 0x00, 0x66, 0x00, 0x09, 0x09, 0x04, 0x5d, 0x00, 0x04, 0x04, 
	0x49, 0x4b, 0x00, 0x02, 0x02, 0x4c, 0x4b, 0x0b, 0x01, 0x07, 0x07, 0x4a, 0x07, 0x4c, 0x1b, 0x40, 
	0x30, 0x00, 0x01, 0x0a, 0x05, 0x0a, 0x01, 0x05, 0x7e, 0x00, 0x03, 0x00, 0x0a, 0x01, 0x03, 0x0a, 
	0x65, 0x08, 0x01, 0x05, 0x06, 0x01, 0x00, 0x07, 0x05, 0x00, 0x66, 0x00, 0x09, 0x09, 0x04, 0x5d, 
	0x00, 0x04, 0x04, 0x49, 0x4b, 0x00, 0x02, 0x02, 0x4c, 0x4b, 0x0b, 0x01, 0x07, 0x07, 0x4a, 0x07, 
	0x4c, 0x59, 0x40, 0x16, 0x00, 0x00, 0x15, 0x14, 0x13, 0x12, 0x11, 0x10, 0x00, 0x0f, 0x00, 0x0f, 
	0x11, 0x11, 0x11, 0x11, 0x11, 0x11, 0x11, 0x0c, 0x09, 0x1b, 0x2b, 0x25, 0x35, 0x21, 0x35, 0x33, 
	0x35, 0x33, 0x35, 0x33, 0x35, 0x21, 0x11, 0x33, 0x15, 0x23, 0x15, 0x01, 0x33, 0x35, 0x23, 0x15, 
	0x23, 0x01, 0xf4, 0xfe, 0x0c, 0x7d, 0x7d, 0x7d, 0x01, 0x77, 0x7d, 0x7d, 0xfe, 0x0c, 0xfa, 0x7d, 
	0x7d, 0x7d, 0xfa, 0xfa, 0x7d, 0x7d, 0x7d, 0xfe, 0x0c, 0x7d, 0xfa, 0x01, 0x77, 0xfa, 0x7d, 0x00, 
	0x00, 0x01, 0x00, 0x00, 0x00, 0x7d, 0x03, 0x6b, 0x03, 0xe8, 0x00, 0x13, 0x00, 0x44, 0x40, 0x41, 
	0x00, 0x07, 0x01, 0x00, 0x07, 0x55, 0x00, 0x01, 0x08, 0x01, 0x00, 0x02, 0x01, 0x00, 0x65, 0x00, 
	0x05, 0x05, 0x04, 0x5d, 0x00, 0x04, 0x04, 0x49, 0x4b, 0x00, 0x03, 0x03, 0x06, 0x5d, 0x00, 0x06, 
	0x06, 0x4c, 0x4b, 0x00, 0x02, 0x02, 0x09, 0x5d, 0x0a, 0x01, 0x09, 0x09, 0x4a, 0x09, 0x4c, 0x00, 
	0x00, 0x00, 0x13, 0x00, 0x13, 0x11, 0x11, 0x11, 0x11, 0x11, 0x11, 0x11, 0x11, 0x11, 0x0b, 0x09, 
	0x1d, 0x2b, 0x37, 0x35, 0x23, 0x35, 0x33, 0x15, 0x21, 0x11, 0x21, 0x11, 0x21, 0x15, 0x21, 0x15, 
	0x21, 0x15, 0x33, 0x11, 0x23, 0x15, 0x7d, 0x7d, 0xfa, 0x01, 0x77, 0xfd, 0x8f, 0x02, 0xee, 0xfe, 
	0x0c, 0x01, 0xf4, 0x7d, 0x7d, 0x7d, 0x7d, 0x7d, 0x7d, 0x01, 0x77, 0x01, 0x77, 0x7d, 0x7d, 0x7d, 
	0xfe, 0x89, 0x7d, 0x00, 0x00, 0x02, 0x00, 0x00, 0x00, 0x7d, 0x03, 0x6b, 0x03, 0xe8, 0x00, 0x13, 
	0x00, 0x17, 0x00, 0x9f, 0x4b, 0xb0, 0x0a, 0x50, 0x58, 0x40, 0x3d, 0x00, 0x02, 0x04, 0x05, 0x04, 
	0x02, 0x05, 0x7e, 0x00, 0x05, 0x01, 0x04, 0x05, 0x6e, 0x00, 0x06, 0x00, 0x0b, 0x07, 0x06, 0x0b, 
	0x65, 0x00, 0x07, 0x00, 0x00, 0x07, 0x55, 0x00, 0x04, 0x04, 0x03, 0x5d, 0x00, 0x03, 0x03, 0x49, 
	0x4b, 0x08, 0x01, 0x00, 0x00, 0x01, 0x5d, 0x00, 0x01, 0x01, 0x4c, 0x4b, 0x00, 0x0a, 0x0a, 0x09, 
	0x5e, 0x0c, 0x01, 0x09, 0x09, 0x4a, 0x09, 0x4c, 0x1b, 0x40, 0x3e, 0x00, 0x02, 0x04, 0x05, 0x04, 
	0x02, 0x05, 0x7e, 0x00, 0x05, 0x01, 0x04, 0x05, 0x01, 0x7c, 0x00, 0x06, 0x00, 0x0b, 0x07, 0x06, 
	0x0b, 0x65, 0x00, 0x07, 0x00, 0x00, 0x07, 0x55, 0x00, 0x04, 0x04, 0x03, 0x5d, 0x00, 0x03, 0x03, 
	0x49, 0x4b, 0x08, 0x01, 0x00, 0x00, 0x01, 0x5d, 0x00, 0x01, 0x01, 0x4c, 0x4b, 0x00, 0x0a, 0x0a, 
	0x09, 0x5e, 0x0c, 0x01, 0x09, 0x09, 0x4a, 0x09, 0x4c, 0x59, 0x40, 0x16, 0x00, 0x00, 0x17, 0x16, 
	0x15, 0x14, 0x00, 0x13, 0x00, 0x13, 0x11, 0x11, 0x11, 0x11, 0x11, 0x11, 0x11, 0x11, 0x11, 0x0d, 
	0x09, 0x1d, 0x2b, 0x37, 0x35, 0x23, 0x11, 0x33, 0x35, 0x33, 0x35, 0x21, 0x15, 0x21, 0x15, 0x23, 
	0x15, 0x21, 0x15, 0x33, 0x15, 0x23, 0x15, 0x25, 0x21, 0x35, 0x21, 0x7d, 0x7d, 0x7d, 0x7d, 0x01, 
	0xf4, 0xfe, 0x89, 0x7d, 0x01, 0xf4, 0x7d, 0x7d, 0xfe, 0x0c, 0x01, 0x77, 0xfe, 0x89, 0x7d, 0x7d, 
	0x01, 0xf4, 0x7d, 0x7d, 0x7d, 0x7d, 0x7d, 0x7d, 0xfa, 0x7d, 0x7d, 0xfa, 0x00, 0x01, 0x00, 0x00, 
	0x00, 0x7d, 0x03, 0x6b, 0x03, 0xe8, 0x00, 0x13, 0x00, 0x8e, 0x4b, 0xb0, 0x0a, 0x50, 0x58, 0x40, 
	0x36, 0x06, 0x01, 0x04, 0x03, 0x02, 0x03, 0x04, 0x70, 0x00, 0x07, 0x02, 0x01, 0x02, 0x07, 0x01, 
	0x7e, 0x00, 0x01, 0x08, 0x00, 0x01, 0x6e, 0x00, 0x03, 0x03, 0x05, 0x5d, 0x00, 0x05, 0x05, 0x49, 
	0x4b, 0x00, 0x08, 0x08, 0x02, 0x5d, 0x00, 0x02, 0x02, 0x4c, 0x4b, 0x00, 0x00, 0x00, 0x09, 0x5e, 
	0x0a, 0x01, 0x09, 0x09, 0x4a, 0x09, 0x4c, 0x1b, 0x40, 0x38, 0x06, 0x01, 0x04, 0x03, 0x02, 0x03, 
	0x04, 0x02, 0x7e, 0x00, 0x07, 0x02, 0x01, 0x02, 0x07, 0x01, 0x7e, 0x00, 0x01, 0x08, 0x02, 0x01, 
	0x08, 0x7c, 0x00, 0x03, 0x03, 0x05, 0x5d, 0x00, 0x05, 0x05, 0x49, 0x4b, 0x00, 0x08, 0x08, 0x02, 
	0x5d, 0x00, 0x02, 0x02, 0x4c, 0x4b, 0x00, 0x00, 0x00, 0x09, 0x5e, 0x0a, 0x01, 0x09, 0x09, 0x4a, 
	0x09, 0x4c, 0x59, 0x40, 0x12, 0x00, 0x00, 0x00, 0x13, 0x00, 0x13, 0x11, 0x11, 0x11, 0x11, 0x11, 
	0x11, 0x11, 0x11, 0x11, 0x0b, 0x09, 0x1d, 0x2b, 0x37, 0x11, 0x33, 0x35, 0x33, 0x35, 0x33, 0x35, 
	0x21, 0x15, 0x23, 0x35, 0x21, 0x15, 0x23, 0x15, 0x23, 0x15, 0x23, 0x11, 0xfa, 0x7d, 0x7d, 0x7d, 
	0xfe, 0x89, 0xfa, 0x03, 0x6b, 0x7d, 0x7d, 0x7d, 0x7d, 0x01, 0x77, 0x7d, 0x7d, 0x7d, 0x7d, 0xfa, 
	0xfa, 0x7d, 0x7d, 0xfe, 0x89, 0x00, 0x00, 0x00, 0x00, 0x03, 0x00, 0x00, 0x00, 0x7d, 0x03, 0x6b, 
	0x03, 0xe8, 0x00, 0x13, 0x00, 0x19, 0x00, 0x1f, 0x00, 0x5d, 0x40, 0x5a, 0x05, 0x01, 0x03, 0x06, 
	0x01, 0x02, 0x0a, 0x03, 0x02, 0x65, 0x00, 0x0a, 0x00, 0x0e, 0x00, 0x0a, 0x0e, 0x65, 0x07, 0x01, 
	0x01, 0x08, 0x01, 0x00, 0x0d, 0x01, 0x00, 0x65, 0x00, 0x0b, 0x0b, 0x04, 0x5d, 0x00, 0x04, 0x04, 
	0x49, 0x4b, 0x00, 0x0f, 0x0f, 0x0c, 0x5d, 0x00, 0x0c, 0x0c, 0x4c, 0x4b, 0x00, 0x0d, 0x0d, 0x09, 
	0x5d, 0x10, 0x01, 0x09, 0x09, 0x4a, 0x09, 0x4c, 0x00, 0x00, 0x1f, 0x1e, 0x1d, 0x1c, 0x1b, 0x1a, 
	0x19, 0x18, 0x17, 0x16, 0x15, 0x14, 0x00, 0x13, 0x00, 0x13, 0x11, 0x11, 0x11, 0x11, 0x11, 0x11, 
	0x11, 0x11, 0x11, 0x11, 0x09, 0x1d, 0x2b, 0x37, 0x35, 0x23, 0x35, 0x33, 0x35, 0x23, 0x35, 0x33, 
	0x35, 0x21, 0x15, 0x33, 0x15, 0x23, 0x15, 0x33, 0x15, 0x23, 0x15, 0x01, 0x33, 0x35, 0x21, 0x15, 
	0x33, 0x03, 0x21, 0x35, 0x23, 0x35, 0x23, 0x7d, 0x7d, 0x7d, 0x7d, 0x7d, 0x01, 0xf4, 0x7d, 0x7d, 
	0xfa, 0x7d, 0xfe, 0x89, 0xfa, 0xfe, 0x89, 0x7d, 0xfa, 0x01, 0xf4, 0xfa, 0xfa, 0x7d, 0x7d, 0xfa, 
	0x7d, 0xfa, 0x7d, 0x7d, 0xfa, 0x7d, 0xfa, 0x7d, 0x01, 0xf4, 0xfa, 0x7d, 0xfe, 0x0c, 0x7d, 0x7d, 
	0x00, 0x02, 0x00, 0x00, 0x00, 0x7d, 0x03, 0x6b, 0x03, 0xe8, 0x00, 0x13, 0x00, 0x17, 0x00, 0x9b, 
	0x4b, 0xb0, 0x0a, 0x50, 0x58, 0x40, 0x3b, 0x00, 0x01, 0x07, 0x08, 0x00, 0x01, 0x70, 0x00, 0x08, 
	0x00, 0x07, 0x08, 0x00, 0x7c, 0x00, 0x03, 0x0a, 0x04, 0x03, 0x55, 0x00, 0x0a, 0x00, 0x02, 0x07, 
	0x0a, 0x02, 0x65, 0x06, 0x01, 0x04, 0x00, 0x07, 0x01, 0x04, 0x07, 0x65, 0x00, 0x0b, 0x0b, 0x05, 
	0x5d, 0x00, 0x05, 0x05, 0x49, 0x4b, 0x00, 0x00, 0x00, 0x09, 0x5e, 0x0c, 0x01, 0x09, 0x09, 0x4a, 
	0x09, 0x4c, 0x1b, 0x40, 0x3c, 0x00, 0x01, 0x07, 0x08, 0x07, 0x01, 0x08, 0x7e, 0x00, 0x08, 0x00, 
	0x07, 0x08, 0x00, 0x7c, 0x00, 0x03, 0x0a, 0x04, 0x03, 0x55, 0x00, 0x0a, 0x00, 0x02, 0x07, 0x0a, 
	0x02, 0x65, 0x06, 0x01, 0x04, 0x00, 0x07, 0x01, 0x04, 0x07, 0x65, 0x00, 0x0b, 0x0b, 0x05, 0x5d, 
	0x00, 0x05, 0x05, 0x49, 0x4b, 0x00, 0x00, 0x00, 0x09, 0x5e, 0x0c, 0x01, 0x09, 0x09, 0x4a, 0x09, 
	0x4c, 0x59, 0x40, 0x16, 0x00, 0x00, 0x17, 0x16, 0x15, 0x14, 0x00, 0x13, 0x00, 0x13, 0x11, 0x11, 
	0x11, 0x11, 0x11, 0x11, 0x11, 0x11, 0x11, 0x0d, 0x09, 0x1d, 0x2b, 0x37, 0x35, 0x21, 0x35, 0x33, 
	0x35, 0x21, 0x35, 0x23, 0x35, 0x33, 0x35, 0x21, 0x15, 0x33, 0x11, 0x23, 0x15, 0x23, 0x15, 0x01, 
	0x21, 0x35, 0x21, 0x7d, 0x01, 0x77, 0x7d, 0xfe, 0x0c, 0x7d, 0x7d, 0x02, 0x71, 0x7d, 0x7d, 0x7d, 
	0xfe, 0x89, 0x01, 0x77, 0xfe, 0x89, 0x7d, 0x7d, 0x7d, 0x7d, 0x7d, 0xfa, 0x7d, 0x7d, 0xfe, 0x0c, 
	0x7d, 0x7d, 0x01, 0xf4, 0xfa, 0x00, 0x00, 0x00, 0x00, 0x01, 0x00, 0xfa, 0x01, 0xf4, 0x02, 0xee, 
	0x03, 0xe8, 0x00, 0x0b, 0x00, 0x28, 0x40, 0x25, 0x00, 0x02, 0x00, 0x01, 0x00, 0x02, 0x01, 0x65, 
	0x04, 0x01, 0x00, 0x06, 0x01, 0x05, 0x00, 0x05, 0x62, 0x00, 0x03, 0x03, 0x61, 0x03, 0x4c, 0x00, 
	0x00, 0x00, 0x0b, 0x00, 0x0b, 0x11, 0x11, 0x11, 0x11, 0x11, 0x07, 0x0a, 0x19, 0x2b, 0x13, 0x35, 
	0x33, 0x35, 0x23, 0x35, 0x33, 0x35, 0x33, 0x11, 0x33, 0x15, 0xfa, 0x7d, 0x7d, 0x7d, 0xfa, 0x7d, 
	0x01, 0xf4, 0x7d, 0x7d, 0x7d, 0x7d, 0xfe, 0x89, 0x7d, 0x00, 0x00, 0x00, 0x00, 0x01, 0x00, 0xfa, 
	0x01, 0xf4, 0x02, 0xee, 0x03, 0xe8, 0x00, 0x0f, 0x00, 0x34, 0x40, 0x31, 0x00, 0x04, 0x00, 0x05, 
	0x01, 0x04, 0x05, 0x65, 0x06, 0x01, 0x00, 0x08, 0x01, 0x07, 0x00, 0x07, 0x62, 0x00, 0x02, 0x02, 
	0x03, 0x5d, 0x00, 0x03, 0x03, 0x61, 0x4b, 0x00, 0x01, 0x01, 0x64, 0x01, 0x4c, 0x00, 0x00, 0x00, 
	0x0f, 0x00, 0x0f, 0x11, 0x11, 0x11, 0x11, 0x11, 0x11, 0x11, 0x09, 0x0a, 0x1b, 0x2b, 0x13, 0x35, 
	0x33, 0x35, 0x33, 0x35, 0x23, 0x35, 0x21, 0x15, 0x33, 0x15, 0x23, 0x15, 0x33, 0x15, 0xfa, 0x7d, 
	0x7d, 0xfa, 0x01, 0x77, 0x7d, 0x7d, 0x7d, 0x01, 0xf4, 0x7d, 0x7d, 0x7d, 0x7d, 0x7d, 0x7d, 0x7d, 
	0x7d, 0x00, 0x00, 0x00, 0x00, 0x01, 0x00, 0xfa, 0x01, 0xf4, 0x02, 0xee, 0x03, 0xe8, 0x00, 0x0f, 
	0x00, 0x69, 0x4b, 0xb0, 0x0a, 0x50, 0x58, 0x40, 0x25, 0x00, 0x01, 0x02, 0x05, 0x02, 0x01, 0x70, 
	0x00, 0x00, 0x08, 0x01, 0x07, 0x00, 0x07, 0x61, 0x04, 0x01, 0x02, 0x02, 0x03, 0x5d, 0x00, 0x03, 
	0x03, 0x61, 0x4b, 0x00, 0x06, 0x06, 0x05, 0x5d, 0x00, 0x05, 0x05, 0x64, 0x06, 0x4c, 0x1b, 0x40, 
	0x26, 0x00, 0x01, 0x02, 0x05, 0x02, 0x01, 0x05, 0x7e, 0x00, 0x00, 0x08, 0x01, 0x07, 0x00, 0x07, 
	0x61, 0x04, 0x01, 0x02, 0x02, 0x03, 0x5d, 0x00, 0x03, 0x03, 0x61, 0x4b, 0x00, 0x06, 0x06, 0x05, 
	0x5d, 0x00, 0x05, 0x05, 0x64, 0x06, 0x4c, 0x59, 0x40, 0x10, 0x00, 0x00, 0x00, 0x0f, 0x00, 0x0f, 
	0x11, 0x11, 0x11, 0x11, 0x11, 0x11, 0x11, 0x09, 0x0a, 0x1b, 0x2b, 0x13, 0x35, 0x33, 0x35, 0x23, 
	0x35, 0x23, 0x35, 0x21, 0x15, 0x23, 0x15, 0x33, 0x15, 0x23, 0x15, 0xfa, 0xfa, 0x7d, 0x7d, 0x01, 
	0xf4, 0x7d, 0x7d, 0x7d, 0x01, 0xf4, 0x7d, 0x7d, 0x7d, 0x7d, 0x7d, 0x7d, 0x7d, 0x7d, 0x00, 0x00, 
	0x00, 0x01, 0x00, 0xfa, 0x01, 0xf4, 0x02, 0x71, 0x03, 0xe8, 0x00, 0x09, 0x00, 0x56, 0x4b, 0xb0, 
	0x0a, 0x50, 0x58, 0x40, 0x1d, 0x00, 0x02, 0x03, 0x01, 0x01, 0x02, 0x70, 0x00, 0x00, 0x00, 0x01, 
	0x5d, 0x00, 0x01, 0x01, 0x64, 0x4b, 0x05, 0x01, 0x04, 0x04, 0x03, 0x5d, 0x00, 0x03, 0x03, 0x61, 
	0x04, 0x4c, 0x1b, 0x40, 0x1e, 0x00, 0x02, 0x03, 0x01, 0x03, 0x02, 0x01, 0x7e, 0x00, 0x00, 0x00, 
	0x01, 0x5d, 0x00, 0x01, 0x01, 0x64, 0x4b, 0x05, 0x01, 0x04, 0x04, 0x03, 0x5d, 0x00, 0x03, 0x03, 
	0x61, 0x04, 0x4c, 0x59, 0x40, 0x0d, 0x00, 0x00, 0x00, 0x09, 0x00, 0x09, 0x11, 0x11, 0x11, 0x11, 
	0x06, 0x0a, 0x18, 0x2b, 0x01, 0x35, 0x23, 0x35, 0x33, 0x35, 0x33, 0x35, 0x33, 0x11, 0x01, 0xf4, 
	0xfa, 0x7d, 0x7d, 0x7d, 0x01, 0xf4, 0x7d, 0x7d, 0x7d, 0x7d, 0xfe, 0x0c, 0x00, 0x07, 0x00, 0x00, 
	0x00, 0x7d, 0x03, 0x6b, 0x03, 0xe8, 0x00, 0x03, 0x00, 0x07, 0x00, 0x0b, 0x00, 0x0f, 0x00, 0x13, 
	0x00, 0x17, 0x00, 0x1b, 0x00, 0x65, 0x40, 0x62, 0x00, 0x02, 0x00, 0x03, 0x04, 0x02, 0x03, 0x65, 
	0x00, 0x06, 0x00, 0x07, 0x08, 0x06, 0x07, 0x65, 0x00, 0x08, 0x00, 0x09, 0x0a, 0x08, 0x09, 0x65, 
	0x00, 0x0a, 0x00, 0x0b, 0x0c, 0x0a, 0x0b, 0x65, 0x00, 0x00, 0x00, 0x01, 0x5d, 0x0e, 0x01, 0x01, 
	0x01, 0x49, 0x4b, 0x00, 0x05, 0x05, 0x04, 0x5d, 0x00, 0x04, 0x04, 0x4c, 0x4b, 0x00, 0x0c, 0x0c, 
	0x0d, 0x5d, 0x00, 0x0d, 0x0d, 0x4a, 0x0d, 0x4c, 0x00, 0x00, 0x1b, 0x1a, 0x19, 0x18, 0x17, 0x16, 
	0x15, 0x14, 0x13, 0x12, 0x11, 0x10, 0x0f, 0x0e, 0x0d, 0x0c, 0x0b, 0x0a, 0x09, 0x08, 0x07, 0x06, 
	0x05, 0x04, 0x00, 0x03, 0x00, 0x03, 0x11, 0x0f, 0x09, 0x15, 0x2b, 0x01, 0x15, 0x23, 0x35, 0x07, 
	0x33, 0x15, 0x23, 0x23, 0x33, 0x15, 0x23, 0x23, 0x33, 0x15, 0x23, 0x23, 0x33, 0x15, 0x23, 0x23, 
	0x33, 0x15, 0x23, 0x23, 0x33, 0x15, 0x23, 0x03, 0x6b, 0x7d, 0x7d, 0x7d, 0x7d, 0x7d, 0x7d, 0x7d, 
	0x7d, 0x7d, 0x7d, 0x7d, 0x7d, 0x7d, 0x7d, 0x7d, 0x7d, 0x7d, 0x7d, 0x7d, 0x03, 0xe8, 0x7d, 0x7d, 
	0x7d, 0x7d, 0x7d, 0x7d, 0x7d, 0x7d, 0x7d, 0x00, 0x00, 0x0a, 0x00, 0x00, 0x00, 0x7d, 0x03, 0x6b, 
	0x03, 0xe8, 0x00, 0x07, 0x00, 0x0b, 0x00, 0x0f, 0x00, 0x13, 0x00, 0x17, 0x00, 0x1d, 0x00, 0x21, 
	0x00, 0x25, 0x00, 0x2d, 0x00, 0x31, 0x00, 0x99, 0xb1, 0x06, 0x64, 0x44, 0x40, 0x8e, 0x1a, 0x05, 
	0x19, 0x03, 0x03, 0x00, 0x04, 0x02, 0x03, 0x04, 0x65, 0x06, 0x01, 0x02, 0x07, 0x01, 0x01, 0x08, 
	0x02, 0x01, 0x65, 0x00, 0x08, 0x00, 0x09, 0x0a, 0x08, 0x09, 0x65, 0x0c, 0x01, 0x0a, 0x1b, 0x0e, 
	0x0b, 0x03, 0x00, 0x0f, 0x0a, 0x00, 0x65, 0x00, 0x0f, 0x10, 0x01, 0x0d, 0x11, 0x0f, 0x0d, 0x65, 
	0x13, 0x01, 0x11, 0x00, 0x12, 0x14, 0x11, 0x12, 0x65, 0x17, 0x16, 0x02, 0x14, 0x15, 0x15, 0x14, 
	0x55, 0x17, 0x16, 0x02, 0x14, 0x14, 0x15, 0x5e, 0x18, 0x01, 0x15, 0x14, 0x15, 0x4e, 0x18, 0x18, 
	0x08, 0x08, 0x00, 0x00, 0x31, 0x30, 0x2f, 0x2e, 0x2d, 0x2c, 0x2b, 0x2a, 0x29, 0x28, 0x27, 0x26, 
	0x25, 0x24, 0x23, 0x22, 0x21, 0x20, 0x1f, 0x1e, 0x18, 0x1d, 0x18, 0x1d, 0x1c, 0x1b, 0x1a, 0x19, 
	0x17, 0x16, 0x15, 0x14, 0x13, 0x12, 0x11, 0x10, 0x0f, 0x0e, 0x0d, 0x0c, 0x08, 0x0b, 0x08, 0x0b, 
	0x0a, 0x09, 0x00, 0x07, 0x00, 0x07, 0x11, 0x11, 0x11, 0x1c, 0x09, 0x17, 0x2b, 0xb1, 0x06, 0x00, 
	0x44, 0x13, 0x11, 0x23, 0x35, 0x23, 0x35, 0x33, 0x35, 0x21, 0x15, 0x23, 0x35, 0x07, 0x33, 0x15, 
	0x23, 0x23, 0x33, 0x15, 0x23, 0x23, 0x33, 0x15, 0x23, 0x33, 0x35, 0x33, 0x15, 0x23, 0x35, 0x21, 
	0x33, 0x15, 0x23, 0x23, 0x33, 0x15, 0x23, 0x25, 0x33, 0x15, 0x33, 0x15, 0x21, 0x35, 0x33, 0x21, 
	0x33, 0x15, 0x23, 0xfa, 0x7d, 0x7d, 0x7d, 0x02, 0xee, 0x7d, 0x7d, 0x7d, 0x7d, 0x7d, 0x7d, 0x7d, 
	0x7d, 0x7d, 0x7d, 0xfa, 0xfa, 0x7d, 0xfe, 0x0c, 0x7d, 0x7d, 0x7d, 0x7d, 0x7d, 0x01, 0xf4, 0x7d, 
	0x7d, 0xfe, 0x89, 0x7d, 0xfd, 0x8f, 0x7d, 0x7d, 0x03, 0xe8, 0xfe, 0x0c, 0xfa, 0x7d, 0x7d, 0x7d, 
	0x7d, 0x7d, 0x7d, 0x7d, 0x7d, 0x7d, 0xfa, 0x7d, 0x7d, 0x7d, 0x7d, 0x7d, 0x7d, 0x7d, 0x7d, 0x00, 
	0x00, 0x09, 0x00, 0x00, 0x00, 0x7d, 0x03, 0x6b, 0x03, 0xe8, 0x00, 0x07, 0x00, 0x0b, 0x00, 0x0f, 
	0x00, 0x13, 0x00, 0x17, 0x00, 0x21, 0x00, 0x25, 0x00, 0x29, 0x00, 0x2d, 0x00, 0x8c, 0xb1, 0x06, 
	0x64, 0x44, 0x40, 0x81, 0x18, 0x05, 0x17, 0x03, 0x03, 0x00, 0x04, 0x02, 0x03, 0x04, 0x65, 0x06, 
	0x01, 0x02, 0x07, 0x01, 0x01, 0x08, 0x02, 0x01, 0x65, 0x00, 0x08, 0x00, 0x09, 0x0a, 0x08, 0x09, 
	0x65, 0x0c, 0x01, 0x0a, 0x0b, 0x01, 0x00, 0x10, 0x0a, 0x00, 0x65, 0x11, 0x01, 0x10, 0x00, 0x12, 
	0x0f, 0x10, 0x12, 0x65, 0x13, 0x01, 0x0f, 0x14, 0x01, 0x0e, 0x15, 0x0f, 0x0e, 0x66, 0x00, 0x15, 
	0x0d, 0x0d, 0x15, 0x55, 0x00, 0x15, 0x15, 0x0d, 0x5d, 0x16, 0x01, 0x0d, 0x15, 0x0d, 0x4d, 0x08, 
	0x08, 0x00, 0x00, 0x2d, 0x2c, 0x2b, 0x2a, 0x29, 0x28, 0x27, 0x26, 0x25, 0x24, 0x23, 0x22, 0x21, 
	0x20, 0x1f, 0x1e, 0x1d, 0x1c, 0x1b, 0x1a, 0x19, 0x18, 0x17, 0x16, 0x15, 0x14, 0x13, 0x12, 0x11, 
	0x10, 0x0f, 0x0e, 0x0d, 0x0c, 0x08, 0x0b, 0x08, 0x0b, 0x0a, 0x09, 0x00, 0x07, 0x00, 0x07, 0x11, 
	0x11, 0x11, 0x19, 0x09, 0x17, 0x2b, 0xb1, 0x06, 0x00, 0x44, 0x13, 0x11, 0x23, 0x35, 0x23, 0x35, 
	0x33, 0x35, 0x21, 0x15, 0x23, 0x35, 0x07, 0x33, 0x15, 0x23, 0x23, 0x33, 0x15, 0x23, 0x23, 0x33, 
	0x15, 0x23, 0x25, 0x33, 0x11, 0x23, 0x35, 0x23, 0x35, 0x33, 0x35, 0x33, 0x21, 0x33, 0x15, 0x23, 
	0x23, 0x33, 0x15, 0x23, 0x23, 0x33, 0x15, 0x23, 0xfa, 0x7d, 0x7d, 0x7d, 0x02, 0xee, 0x7d, 0x7d, 
	0x7d, 0x7d, 0x7d, 0x7d, 0x7d, 0x7d, 0x7d, 0x7d, 0x01, 0x77, 0x7d, 0x7d, 0xfa, 0x7d, 0x7d, 0xfe, 
	0x0c, 0x7d, 0x7d, 0x7d, 0x7d, 0x7d, 0x7d, 0x7d, 0x7d, 0x03, 0xe8, 0xfe, 0x0c, 0xfa, 0x7d, 0x7d, 
	0x7d, 0x7d, 0x7d, 0x7d, 0x7d, 0x7d, 0x7d, 0xfe, 0x0c, 0x7d, 0x7d, 0x7d, 0x7d, 0x7d, 0x7d, 0x00, 
	0x00, 0x0b, 0x00, 0x00, 0x00, 0x7d, 0x03, 0x6b, 0x03, 0xe8, 0x00, 0x07, 0x00, 0x0b, 0x00, 0x0f, 
	0x00, 0x13, 0x00, 0x17, 0x00, 0x1b, 0x00, 0x1f, 0x00, 0x29, 0x00, 0x2d, 0x00, 0x31, 0x00, 0x35, 
	0x00, 0x9d, 0xb1, 0x06, 0x64, 0x44, 0x40, 0x92, 0x1c, 0x05, 0x02, 0x02, 0x04, 0x1b, 0x03, 0x03, 
	0x01, 0x06, 0x02, 0x01, 0x65, 0x00, 0x06, 0x07, 0x01, 0x00, 0x09, 0x06, 0x00, 0x65, 0x0a, 0x01, 
	0x09, 0x0b, 0x01, 0x08, 0x0d, 0x09, 0x08, 0x65, 0x10, 0x0e, 0x1d, 0x03, 0x0d, 0x0f, 0x01, 0x0c, 
	0x14, 0x0d, 0x0c, 0x65, 0x15, 0x01, 0x14, 0x00, 0x16, 0x13, 0x14, 0x16, 0x65, 0x17, 0x01, 0x13, 
	0x18, 0x01, 0x12, 0x19, 0x13, 0x12, 0x66, 0x00, 0x19, 0x11, 0x11, 0x19, 0x55, 0x00, 0x19, 0x19, 
	0x11, 0x5d, 0x1a, 0x01, 0x11, 0x19, 0x11, 0x4d, 0x18, 0x18, 0x08, 0x08, 0x00, 0x00, 0x35, 0x34, 
	0x33, 0x32, 0x31, 0x30, 0x2f, 0x2e, 0x2d, 0x2c, 0x2b, 0x2a, 0x29, 0x28, 0x27, 0x26, 0x25, 0x24, 
	0x23, 0x22, 0x21, 0x20, 0x1f, 0x1e, 0x1d, 0x1c, 0x18, 0x1b, 0x18, 0x1b, 0x1a, 0x19, 0x17, 0x16, 
	0x15, 0x14, 0x13, 0x12, 0x11, 0x10, 0x0f, 0x0e, 0x0d, 0x0c, 0x08, 0x0b, 0x08, 0x0b, 0x0a, 0x09, 
	0x00, 0x07, 0x00, 0x07, 0x11, 0x11, 0x11, 0x1e, 0x09, 0x17, 0x2b, 0xb1, 0x06, 0x00, 0x44, 0x13, 
	0x15, 0x23, 0x35, 0x23, 0x35, 0x21, 0x15, 0x25, 0x15, 0x23, 0x35, 0x07, 0x33, 0x15, 0x23, 0x07, 
	0x23, 0x35, 0x3b, 0x02, 0x15, 0x23, 0x23, 0x15, 0x23, 0x35, 0x21, 0x33, 0x15, 0x23, 0x25, 0x33, 
	0x11, 0x23, 0x35, 0x23, 0x35, 0x33, 0x35, 0x33, 0x21, 0x33, 0x15, 0x23, 0x23, 0x33, 0x15, 0x23, 
	0x23, 0x33, 0x15, 0x23, 0xfa, 0x7d, 0x7d, 0x01, 0x77, 0x01, 0xf4, 0x7d, 0x7d, 0x7d, 0x7d, 0xfa, 
	0x7d, 0x7d, 0x7d, 0x7d, 0x7d, 0xfa, 0xfa, 0x01, 0x77, 0x7d, 0x7d, 0x01, 0x77, 0x7d, 0x7d, 0xfa, 
	0x7d, 0x7d, 0xfe, 0x0c, 0x7d, 0x7d, 0x7d, 0x7d, 0x7d, 0x7d, 0x7d, 0x7d, 0x03, 0x6b, 0x7d, 0x7d, 
	0x7d, 0x7d, 0x7d, 0x7d, 0x7d, 0x7d, 0x7d, 0x7d, 0x7d, 0x7d, 0x7d, 0x7d, 0x7d, 0x7d, 0xfe, 0x0c, 
	0x7d, 0x7d, 0x7d, 0x7d, 0x7d, 0x7d, 0x00, 0x00, 0x00, 0x01, 0x00, 0x00, 0x00, 0xfa, 0x03, 0x6b, 
	0x03, 0x6b, 0x00, 0x1b, 0x00, 0x46, 0x40, 0x43, 0x06, 0x01, 0x04, 0x07, 0x01, 0x03, 0x05, 0x04, 
	0x03, 0x65, 0x08, 0x01, 0x02, 0x09, 0x01, 0x01, 0x0c, 0x02, 0x01, 0x65, 0x0a, 0x01, 0x00, 0x0e, 
	0x0d, 0x02, 0x0b, 0x00, 0x0b, 0x61, 0x00, 0x0c, 0x0c, 0x05, 0x5d, 0x00, 0x05, 0x05, 0x4c, 0x0c, 
	0x4c, 0x00, 0x00, 0x00, 0x1b, 0x00, 0x1b, 0x1a, 0x19, 0x18, 0x17, 0x16, 0x15, 0x14, 0x13, 0x11, 
	0x11, 0x11, 0x11, 0x11, 0x11, 0x11, 0x11, 0x11, 0x0f, 0x09, 0x1d, 0x2b, 0x37, 0x35, 0x33, 0x35, 
	0x23, 0x35, 0x33, 0x35, 0x23, 0x35, 0x33, 0x15, 0x33, 0x35, 0x33, 0x15, 0x23, 0x15, 0x33, 0x15, 
	0x23, 0x15, 0x33, 0x15, 0x23, 0x35, 0x23, 0x15, 0x7d, 0x7d, 0xfa, 0xfa, 0x7d, 0xfa, 0x7d, 0xfa, 
	0x7d, 0xfa, 0xfa, 0x7d, 0xfa, 0x7d, 0xfa, 0x7d, 0x7d, 0x7d, 0x7d, 0x7d, 0x7d, 0x7d, 0x7d, 0x7d, 
	0x7d, 0x7d, 0x7d, 0x7d, 0x7d, 0x00, 0x00, 0x00, 0x00, 0x07, 0x00, 0x00, 0x00, 0x7d, 0x03, 0x6b, 
	0x03, 0xe8, 0x00, 0x03, 0x00, 0x07, 0x00, 0x0b, 0x00, 0x0f, 0x00, 0x13, 0x00, 0x17, 0x00, 0x1b, 
	0x00, 0x83, 0x40, 0x80, 0x0f, 0x01, 0x03, 0x00, 0x02, 0x05, 0x03, 0x02, 0x65, 0x11, 0x01, 0x07, 
	0x00, 0x06, 0x09, 0x07, 0x06, 0x65, 0x12, 0x01, 0x09, 0x00, 0x08, 0x0b, 0x09, 0x08, 0x65, 0x13, 
	0x01, 0x0b, 0x00, 0x0a, 0x0d, 0x0b, 0x0a, 0x65, 0x00, 0x00, 0x00, 0x01, 0x5d, 0x0e, 0x01, 0x01, 
	0x01, 0x49, 0x4b, 0x00, 0x04, 0x04, 0x05, 0x5d, 0x10, 0x01, 0x05, 0x05, 0x4c, 0x4b, 0x14, 0x01, 
	0x0d, 0x0d, 0x0c, 0x5d, 0x00, 0x0c, 0x0c, 0x4a, 0x0c, 0x4c, 0x18, 0x18, 0x14, 0x14, 0x10, 0x10, 
	0x0c, 0x0c, 0x08, 0x08, 0x04, 0x04, 0x00, 0x00, 0x18, 0x1b, 0x18, 0x1b, 0x1a, 0x19, 0x14, 0x17, 
	0x14, 0x17, 0x16, 0x15, 0x10, 0x13, 0x10, 0x13, 0x12, 0x11, 0x0c, 0x0f, 0x0c, 0x0f, 0x0e, 0x0d, 
	0x08, 0x0b, 0x08, 0x0b, 0x0a, 0x09, 0x04, 0x07, 0x04, 0x07, 0x06, 0x05, 0x00, 0x03, 0x00, 0x03, 
	0x11, 0x15, 0x09, 0x15, 0x2b, 0x13, 0x15, 0x23, 0x35, 0x17, 0x15, 0x23, 0x35, 0x17, 0x15, 0x23, 
	0x35, 0x17, 0x15, 0x23, 0x35, 0x17, 0x15, 0x23, 0x35, 0x17, 0x15, 0x23, 0x35, 0x17, 0x15, 0x23, 
	0x35, 0x7d, 0x7d, 0xfa, 0x7d, 0xfa, 0x7d, 0xfa, 0x7d, 0xfa, 0x7d, 0xfa, 0x7d, 0xfa, 0x7d, 0x03, 
	0xe8, 0x7d, 0x7d, 0x7d, 0x7d, 0x7d, 0x7d, 0x7d, 0x7d, 0x7d, 0x7d, 0x7d, 0x7d, 0x7d, 0x7d, 0x7d, 
	0x7d, 0x7d, 0x7d, 0x7d, 0x7d, 0x00, 0x00, 0x00, 0x00, 0x01, 0x00, 0xfa, 0x01, 0x77, 0x01, 0xf4, 
	0x02, 0x71, 0x00, 0x03, 0x00, 0x1e, 0x40, 0x1b, 0x00, 0x00, 0x01, 0x01, 0x00, 0x55, 0x00, 0x00, 
	0x00, 0x01, 0x5d, 0x02, 0x01, 0x01, 0x00, 0x01, 0x4d, 0x00, 0x00, 0x00, 0x03, 0x00, 0x03, 0x11, 
	0x03, 0x09, 0x15, 0x2b, 0x13, 0x35, 0x33, 0x15, 0xfa, 0xfa, 0x01, 0x77, 0xfa, 0xfa, 0x00, 0x00, 
	0x00, 0x01, 0x00, 0xfa, 0x00, 0xfa, 0x02, 0xee, 0x02, 0xee, 0x00, 0x0b, 0x00, 0x27, 0x40, 0x24, 
	0x03, 0x01, 0x01, 0x04, 0x01, 0x00, 0x05, 0x01, 0x00, 0x65, 0x06, 0x01, 0x05, 0x05, 0x02, 0x5d, 
	0x00, 0x02, 0x02, 0x4c, 0x05, 0x4c, 0x00, 0x00, 0x00, 0x0b, 0x00, 0x0b, 0x11, 0x11, 0x11, 0x11, 
	0x11, 0x07, 0x09, 0x19, 0x2b, 0x25, 0x35, 0x23, 0x35, 0x33, 0x35, 0x33, 0x15, 0x33, 0x15, 0x23, 
	0x15, 0x01, 0x77, 0x7d, 0x7d, 0xfa, 0x7d, 0x7d, 0xfa, 0x7d, 0xfa, 0x7d, 0x7d, 0xfa, 0x7d, 0x00, 
	0x00, 0x02, 0x00, 0xfa, 0x00, 0xfa, 0x01, 0xf4, 0x03, 0x6b, 0x00, 0x03, 0x00, 0x07, 0x00, 0x2f, 
	0x40, 0x2c, 0x00, 0x00, 0x04, 0x01, 0x01, 0x02, 0x00, 0x01, 0x65, 0x00, 0x02, 0x03, 0x03, 0x02, 
	0x55, 0x00, 0x02, 0x02, 0x03, 0x5d, 0x05, 0x01, 0x03, 0x02, 0x03, 0x4d, 0x04, 0x04, 0x00, 0x00, 
	0x04, 0x07, 0x04, 0x07, 0x06, 0x05, 0x00, 0x03, 0x00, 0x03, 0x11, 0x06, 0x09, 0x15, 0x2b, 0x13, 
	0x35, 0x33, 0x15, 0x03, 0x35, 0x33, 0x15, 0xfa, 0xfa, 0xfa, 0xfa, 0x02, 0x71, 0xfa, 0xfa, 0xfe, 
	0x89, 0xfa, 0xfa, 0x00, 0x00, 0x01, 0x00, 0x7d, 0x00, 0x00, 0x01, 0xf4, 0x01, 0x77, 0x00, 0x07, 
	0x00, 0x25, 0x40, 0x22, 0x00, 0x01, 0x01, 0x02, 0x5d, 0x00, 0x02, 0x02, 0x4a, 0x4b, 0x00, 0x00, 
	0x00, 0x03, 0x5d, 0x04, 0x01, 0x03, 0x03, 0x4e, 0x03, 0x4c, 0x00, 0x00, 0x00, 0x07, 0x00, 0x07, 
	0x11, 0x11, 0x11, 0x05, 0x09, 0x17, 0x2b, 0x33, 0x35, 0x33, 0x35, 0x33, 0x15, 0x23, 0x15, 0x7d, 
	0x7d, 0xfa, 0x7d, 0x7d, 0xfa, 0xfa, 0x7d, 0x00, 0x00, 0x03, 0x00, 0x00, 0x00, 0x7d, 0x03, 0x6b, 
	0x01, 0x77, 0x00, 0x03, 0x00, 0x07, 0x00, 0x0b, 0x00, 0x2f, 0x40, 0x2c, 0x04, 0x02, 0x02, 0x00, 
	0x00, 0x01, 0x5d, 0x08, 0x05, 0x07, 0x03, 0x06, 0x05, 0x01, 0x01, 0x4a, 0x01, 0x4c, 0x08, 0x08, 
	0x04, 0x04, 0x00, 0x00, 0x08, 0x0b, 0x08, 0x0b, 0x0a, 0x09, 0x04, 0x07, 0x04, 0x07, 0x06, 0x05, 
	0x00, 0x03, 0x00, 0x03, 0x11, 0x09, 0x09, 0x15, 0x2b, 0x35, 0x35, 0x33, 0x15, 0x33, 0x35, 0x33, 
	0x15, 0x33, 0x35, 0x33, 0x15, 0x7d, 0xfa, 0x7d, 0xfa, 0x7d, 0x7d, 0xfa, 0xfa, 0xfa, 0xfa, 0xfa, 
	0xfa, 0x00, 0x00, 0x00, 0x00, 0x02, 0x00, 0xfa, 0x00, 0x7d, 0x02, 0x71, 0x03, 0xe8, 0x00, 0x05, 
	0x00, 0x09, 0x00, 0x35, 0x40, 0x32, 0x05, 0x01, 0x02, 0x01, 0x03, 0x01, 0x02, 0x03, 0x7e, 0x00, 
	0x01, 0x01, 0x00, 0x5d, 0x00, 0x00, 0x00, 0x49, 0x4b, 0x00, 0x03, 0x03, 0x04, 0x5d, 0x06, 0x01, 
	0x04, 0x04, 0x4a, 0x04, 0x4c, 0x06, 0x06, 0x00, 0x00, 0x06, 0x09, 0x06, 0x09, 0x08, 0x07, 0x00, 
	0x05, 0x00, 0x05, 0x11, 0x11, 0x07, 0x09, 0x16, 0x2b, 0x13, 0x11, 0x21, 0x11, 0x23, 0x15, 0x07, 
	0x35, 0x33, 0x15, 0xfa, 0x01, 0x77, 0x7d, 0xfa, 0xfa, 0x01, 0x77, 0x02, 0x71, 0xfe, 0x89, 0xfa, 
	0xfa, 0x7d, 0x7d, 0x00, 0x00, 0x02, 0x00, 0xfa, 0x00, 0x7d, 0x02, 0x71, 0x03, 0xe8, 0x00, 0x03, 
	0x00, 0x09, 0x00, 0x33, 0x40, 0x30, 0x05, 0x01, 0x01, 0x01, 0x00, 0x5d, 0x00, 0x00, 0x00, 0x49, 
	0x4b, 0x00, 0x03, 0x03, 0x4c, 0x4b, 0x00, 0x02, 0x02, 0x04, 0x5e, 0x06, 0x01, 0x04, 0x04, 0x4a, 
	0x04, 0x4c, 0x04, 0x04, 0x00, 0x00, 0x04, 0x09, 0x04, 0x09, 0x08, 0x07, 0x06, 0x05, 0x00, 0x03, 
	0x00, 0x03, 0x11, 0x07, 0x09, 0x15, 0x2b, 0x01, 0x35, 0x33, 0x15, 0x01, 0x11, 0x33, 0x35, 0x33, 
	0x11, 0x01, 0x77, 0xfa, 0xfe, 0x89, 0x7d, 0xfa, 0x03, 0x6b, 0x7d, 0x7d, 0xfd, 0x12, 0x01, 0x77, 
	0xfa, 0xfd, 0x8f, 0x00, 0x00, 0x02, 0x00, 0x00, 0x00, 0x7d, 0x03, 0x6b, 0x03, 0xe8, 0x00, 0x1b, 
	0x00, 0x1f, 0x00, 0x47, 0x40, 0x44, 0x07, 0x05, 0x02, 0x03, 0x0f, 0x08, 0x02, 0x02, 0x01, 0x03, 
	0x02, 0x65, 0x0e, 0x09, 0x02, 0x01, 0x0c, 0x0a, 0x02, 0x00, 0x0b, 0x01, 0x00, 0x65, 0x06, 0x01, 
	0x04, 0x04, 0x49, 0x4b, 0x10, 0x0d, 0x02, 0x0b, 0x0b, 0x4a, 0x0b, 0x4c, 0x00, 0x00, 0x1f, 0x1e, 
	0x1d, 0x1c, 0x00, 0x1b, 0x00, 0x1b, 0x1a, 0x19, 0x18, 0x17, 0x16, 0x15, 0x14, 0x13, 0x11, 0x11, 
	0x11, 0x11, 0x11, 0x11, 0x11, 0x11, 0x11, 0x11, 0x09, 0x1d, 0x2b, 0x37, 0x35, 0x23, 0x35, 0x33, 
	0x11, 0x23, 0x35, 0x33, 0x35, 0x33, 0x15, 0x33, 0x35, 0x33, 0x15, 0x33, 0x15, 0x23, 0x11, 0x33, 
	0x15, 0x23, 0x15, 0x23, 0x35, 0x23, 0x15, 0x35, 0x33, 0x11, 0x23, 0x7d, 0x7d, 0x7d, 0x7d, 0x7d, 
	0xfa, 0x7d, 0xfa, 0x7d, 0x7d, 0x7d, 0x7d, 0xfa, 0x7d, 0x7d, 0x7d, 0x7d, 0x7d, 0x7d, 0x01, 0x77, 
	0x7d, 0x7d, 0x7d, 0x7d, 0x7d, 0x7d, 0xfe, 0x89, 0x7d, 0x7d, 0x7d, 0x7d, 0xfa, 0x01, 0x77, 0x00, 
	0x00, 0x01, 0x00, 0xfa, 0x00, 0x7d, 0x01, 0xf4, 0x01, 0x77, 0x00, 0x03, 0x00, 0x19, 0x40, 0x16, 
	0x00, 0x00, 0x00, 0x01, 0x5d, 0x02, 0x01, 0x01, 0x01, 0x4a, 0x01, 0x4c, 0x00, 0x00, 0x00, 0x03, 
	0x00, 0x03, 0x11, 0x03, 0x09, 0x15, 0x2b, 0x37, 0x35, 0x33, 0x15, 0xfa, 0xfa, 0x7d, 0xfa, 0xfa, 
	0x00, 0x02, 0x00, 0x00, 0x00, 0x7d, 0x03, 0x6b, 0x03, 0xe8, 0x00, 0x13, 0x00, 0x17, 0x00, 0x97, 
	0x4b, 0xb0, 0x0a, 0x50, 0x58, 0x40, 0x37, 0x00, 0x01, 0x03, 0x08, 0x00, 0x01, 0x70, 0x00, 0x08, 
	0x00, 0x03, 0x08, 0x00, 0x7c, 0x06, 0x01, 0x04, 0x07, 0x01, 0x03, 0x01, 0x04, 0x03, 0x65, 0x00, 
	0x00, 0x0c, 0x01, 0x09, 0x0a, 0x00, 0x09, 0x66, 0x00, 0x02, 0x02, 0x05, 0x5d, 0x00, 0x05, 0x05, 
	0x49, 0x4b, 0x00, 0x0a, 0x0a, 0x0b, 0x5d, 0x0d, 0x01, 0x0b, 0x0b, 0x4a, 0x0b, 0x4c, 0x1b, 0x40, 
	0x38, 0x00, 0x01, 0x03, 0x08, 0x03, 0x01, 0x08, 0x7e, 0x00, 0x08, 0x00, 0x03, 0x08, 0x00, 0x7c, 
	0x06, 0x01, 0x04, 0x07, 0x01, 0x03, 0x01, 0x04, 0x03, 0x65, 0x00, 0x00, 0x0c, 0x01, 0x09, 0x0a, 
	0x00, 0x09, 0x66, 0x00, 0x02, 0x02, 0x05, 0x5d, 0x00, 0x05, 0x05, 0x49, 0x4b, 0x00, 0x0a, 0x0a, 
	0x0b, 0x5d, 0x0d, 0x01, 0x0b, 0x0b, 0x4a, 0x0b, 0x4c, 0x59, 0x40, 0x1a, 0x14, 0x14, 0x00, 0x00, 
	0x14, 0x17, 0x14, 0x17, 0x16, 0x15, 0x00, 0x13, 0x00, 0x13, 0x11, 0x11, 0x11, 0x11, 0x11, 0x11, 
	0x11, 0x11, 0x11, 0x0e, 0x09, 0x1d, 0x2b, 0x13, 0x35, 0x33, 0x35, 0x33, 0x35, 0x21, 0x15, 0x23, 
	0x35, 0x33, 0x35, 0x21, 0x15, 0x33, 0x15, 0x23, 0x15, 0x23, 0x15, 0x05, 0x35, 0x21, 0x15, 0xfa, 
	0xfa, 0x7d, 0xfe, 0x89, 0xfa, 0x7d, 0x02, 0x71, 0x7d, 0x7d, 0x7d, 0xfe, 0x89, 0x01, 0x77, 0x01, 
	0x77, 0x7d, 0x7d, 0x7d, 0x7d, 0xfa, 0x7d, 0x7d, 0xfa, 0x7d, 0x7d, 0xfa, 0x7d, 0x7d, 0x00, 0x00, 
	0x00, 0x02, 0x00, 0x00, 0x00, 0x7d, 0x03, 0x6b, 0x03, 0xe8, 0x00, 0x03, 0x00, 0x17, 0x00, 0xa3, 
	0x4b, 0xb0, 0x0a, 0x50, 0x58, 0x40, 0x39, 0x00, 0x04, 0x06, 0x07, 0x06, 0x04, 0x07, 0x7e, 0x00, 
	0x07, 0x03, 0x06, 0x07, 0x6e, 0x09, 0x01, 0x03, 0x0a, 0x01, 0x02, 0x0b, 0x03, 0x02, 0x65, 0x0c, 
	0x01, 0x01, 0x01, 0x00, 0x5d, 0x00, 0x00, 0x00, 0x49, 0x4b, 0x00, 0x06, 0x06, 0x05, 0x5d, 0x00, 
	0x05, 0x05, 0x4c, 0x4b, 0x00, 0x08, 0x08, 0x0b, 0x5e, 0x0d, 0x01, 0x0b, 0x0b, 0x4a, 0x0b, 0x4c, 
	0x1b, 0x40, 0x3a, 0x00, 0x04, 0x06, 0x07, 0x06, 0x04, 0x07, 0x7e, 0x00, 0x07, 0x03, 0x06, 0x07, 
	0x03, 0x7c, 0x09, 0x01, 0x03, 0x0a, 0x01, 0x02, 0x0b, 0x03, 0x02, 0x65, 0x0c, 0x01, 0x01, 0x01, 
	0x00, 0x5d, 0x00, 0x00, 0x00, 0x49, 0x4b, 0x00, 0x06, 0x06, 0x05, 0x5d, 0x00, 0x05, 0x05, 0x4c, 
	0x4b, 0x00, 0x08, 0x08, 0x0b, 0x5e, 0x0d, 0x01, 0x0b, 0x0b, 0x4a, 0x0b, 0x4c, 0x59, 0x40, 0x22, 
	0x04, 0x04, 0x00, 0x00, 0x04, 0x17, 0x04, 0x17, 0x16, 0x15, 0x14, 0x13, 0x12, 0x11, 0x10, 0x0f, 
	0x0e, 0x0d, 0x0c, 0x0b, 0x0a, 0x09, 0x08, 0x07, 0x06, 0x05, 0x00, 0x03, 0x00, 0x03, 0x11, 0x0e, 
	0x09, 0x15, 0x2b, 0x13, 0x35, 0x21, 0x15, 0x01, 0x35, 0x23, 0x35, 0x33, 0x35, 0x33, 0x35, 0x21, 
	0x15, 0x23, 0x15, 0x23, 0x15, 0x21, 0x35, 0x33, 0x15, 0x23, 0x15, 0xfa, 0x01, 0x77, 0xfe, 0x0c, 
	0x7d, 0x7d, 0x7d, 0x01, 0x77, 0xfa, 0x7d, 0x01, 0x77, 0xfa, 0x7d, 0x03, 0x6b, 0x7d, 0x7d, 0xfd, 
	0x12, 0x7d, 0xfa, 0x7d, 0x7d, 0x7d, 0x7d, 0x7d, 0x7d, 0xfa, 0x7d, 0x00, 0x00, 0x02, 0x00, 0x7d, 
	0x02, 0x71, 0x02, 0xee, 0x03, 0xe8, 0x00, 0x03, 0x00, 0x07, 0x00, 0x24, 0x40, 0x21, 0x05, 0x03, 
	0x04, 0x03, 0x01, 0x01, 0x00, 0x5d, 0x02, 0x01, 0x00, 0x00, 0x49, 0x01, 0x4c, 0x04, 0x04, 0x00, 
	0x00, 0x04, 0x07, 0x04, 0x07, 0x06, 0x05, 0x00, 0x03, 0x00, 0x03, 0x11, 0x06, 0x09, 0x15, 0x2b, 
	0x13, 0x11, 0x33, 0x11, 0x33, 0x11, 0x33, 0x11, 0x7d, 0xfa, 0x7d, 0xfa, 0x02, 0x71, 0x01, 0x77, 
	0xfe, 0x89, 0x01, 0x77, 0xfe, 0x89, 0x00, 0x00, 0x00, 0x01, 0x00, 0xfa, 0x02, 0x71, 0x01, 0xf4, 
	0x03, 0xe8, 0x00, 0x03, 0x00, 0x19, 0x40, 0x16, 0x02, 0x01, 0x01, 0x01, 0x00, 0x5d, 0x00, 0x00, 
	0x00, 0x49, 0x01, 0x4c, 0x00, 0x00, 0x00, 0x03, 0x00, 0x03, 0x11, 0x03, 0x09, 0x15, 0x2b, 0x13, 
	0x11, 0x33, 0x11, 0xfa, 0xfa, 0x02, 0x71, 0x01, 0x77, 0xfe, 0x89, 0x00, 0x00, 0x02, 0x00, 0x7d, 
	0x00, 0x7d, 0x01, 0xf4, 0x03, 0x6b, 0x00, 0x03, 0x00, 0x0b, 0x00, 0x36, 0x40, 0x33, 0x00, 0x00, 
	0x06, 0x01, 0x01, 0x03, 0x00, 0x01, 0x65, 0x00, 0x03, 0x00, 0x04, 0x02, 0x03, 0x04, 0x65, 0x00, 
	0x02, 0x02, 0x05, 0x5d, 0x07, 0x01, 0x05, 0x05, 0x4a, 0x05, 0x4c, 0x04, 0x04, 0x00, 0x00, 0x04, 
	0x0b, 0x04, 0x0b, 0x0a, 0x09, 0x08, 0x07, 0x06, 0x05, 0x00, 0x03, 0x00, 0x03, 0x11, 0x08, 0x09, 
	0x15, 0x2b, 0x13, 0x35, 0x33, 0x15, 0x01, 0x35, 0x33, 0x35, 0x33, 0x15, 0x23, 0x15, 0xfa, 0xfa, 
	0xfe, 0x89, 0x7d, 0xfa, 0x7d, 0x02, 0x71, 0xfa, 0xfa, 0xfe, 0x0c, 0x7d, 0xfa, 0xfa, 0x7d, 0x00, 
	0x00, 0x07, 0x00, 0x00, 0x00, 0x7d, 0x03, 0x6b, 0x03, 0xe8, 0x00, 0x03, 0x00, 0x07, 0x00, 0x0b, 
	0x00, 0x0f, 0x00, 0x13, 0x00, 0x17, 0x00, 0x1b, 0x00, 0x65, 0x40, 0x62, 0x00, 0x02, 0x00, 0x03, 
	0x04, 0x02, 0x03, 0x65, 0x00, 0x06, 0x00, 0x07, 0x08, 0x06, 0x07, 0x65, 0x00, 0x08, 0x00, 0x09, 
	0x0a, 0x08, 0x09, 0x65, 0x00, 0x0a, 0x00, 0x0b, 0x0c, 0x0a, 0x0b, 0x65, 0x00, 0x00, 0x00, 0x01, 
	0x5d, 0x0e, 0x01, 0x01, 0x01, 0x49, 0x4b, 0x00, 0x05, 0x05, 0x04, 0x5d, 0x00, 0x04, 0x04, 0x4c, 
	0x4b, 0x00, 0x0c, 0x0c, 0x0d, 0x5d, 0x00, 0x0d, 0x0d, 0x4a, 0x0d, 0x4c, 0x00, 0x00, 0x1b, 0x1a, 
	0x19, 0x18, 0x17, 0x16, 0x15, 0x14, 0x13, 0x12, 0x11, 0x10, 0x0f, 0x0e, 0x0d, 0x0c, 0x0b, 0x0a, 
	0x09, 0x08, 0x07, 0x06, 0x05, 0x04, 0x00, 0x03, 0x00, 0x03, 0x11, 0x0f, 0x09, 0x15, 0x2b, 0x01, 
	0x15, 0x23, 0x35, 0x07, 0x33, 0x15, 0x23, 0x23, 0x33, 0x15, 0x23, 0x23, 0x33, 0x15, 0x23, 0x23, 
	0x33, 0x15, 0x23, 0x23, 0x33, 0x15, 0x23, 0x23, 0x33, 0x15, 0x23, 0x03, 0x6b, 0x7d, 0x7d, 0x7d, 
	0x7d, 0x7d, 0x7d, 0x7d, 0x7d, 0x7d, 0x7d, 0x7d, 0x7d, 0x7d, 0x7d, 0x7d, 0x7d, 0x7d, 0x7d, 0x7d, 
	0x03, 0xe8, 0x7d, 0x7d, 0x7d, 0x7d, 0x7d, 0x7d, 0x7d, 0x7d, 0x7d, 0x00, 0x00, 0x01, 0x00, 0x00, 
	0x00, 0x00, 0x03, 0x6b, 0x00, 0x7d, 0x00, 0x03, 0x00, 0x26, 0xb1, 0x06, 0x64, 0x44, 0x40, 0x1b, 
	0x00, 0x00, 0x01, 0x01, 0x00, 0x55, 0x00, 0x00, 0x00, 0x01, 0x5d, 0x02, 0x01, 0x01, 0x00, 0x01, 
	0x4d, 0x00, 0x00, 0x00, 0x03, 0x00, 0x03, 0x11, 0x03, 0x09, 0x15, 0x2b, 0xb1, 0x06, 0x00, 0x44, 
	0x31, 0x35, 0x21, 0x15, 0x03, 0x6b, 0x7d, 0x7d, 0x00, 0x01, 0x00, 0xfa, 0x00, 0x7d, 0x02, 0xee, 
	0x03, 0xe8, 0x00, 0x13, 0x00, 0x4b, 0x40, 0x48, 0x00, 0x06, 0x03, 0x02, 0x03, 0x06, 0x02, 0x7e, 
	0x00, 0x07, 0x01, 0x00, 0x01, 0x07, 0x00, 0x7e, 0x00, 0x02, 0x00, 0x01, 0x07, 0x02, 0x01, 0x65, 
	0x00, 0x03, 0x00, 0x00, 0x08, 0x03, 0x00, 0x65, 0x00, 0x05, 0x05, 0x04, 0x5d, 0x00, 0x04, 0x04, 
	0x49, 0x4b, 0x00, 0x08, 0x08, 0x09, 0x5e, 0x0a, 0x01, 0x09, 0x09, 0x4a, 0x09, 0x4c, 0x00, 0x00, 
	0x00, 0x13, 0x00, 0x13, 0x11, 0x11, 0x11, 0x11, 0x11, 0x11, 0x11, 0x11, 0x11, 0x0b, 0x09, 0x1d, 
	0x2b, 0x25, 0x35, 0x23, 0x35, 0x23, 0x35, 0x33, 0x35, 0x33, 0x35, 0x33, 0x15, 0x23, 0x15, 0x23, 
	0x15, 0x33, 0x15, 0x33, 0x15, 0x01, 0xf4, 0x7d, 0x7d, 0x7d, 0x7d, 0xfa, 0x7d, 0x7d, 0x7d, 0x7d, 
	0x7d, 0x7d, 0xfa, 0x7d, 0xfa, 0x7d, 0x7d, 0xfa, 0x7d, 0xfa, 0x7d, 0x00, 0x00, 0x01, 0x00, 0x7d, 
	0x00, 0x7d, 0x02, 0x71, 0x03, 0xe8, 0x00, 0x13, 0x00, 0x4b, 0x40, 0x48, 0x00, 0x02, 0x05, 0x06, 
	0x05, 0x02, 0x06, 0x7e, 0x00, 0x01, 0x07, 0x08, 0x07, 0x01, 0x08, 0x7e, 0x00, 0x06, 0x00, 0x07, 
	0x01, 0x06, 0x07, 0x65, 0x00, 0x05, 0x00, 0x08, 0x00, 0x05, 0x08, 0x65, 0x00, 0x03, 0x03, 0x04, 
	0x5d, 0x00, 0x04, 0x04, 0x49, 0x4b, 0x00, 0x00, 0x00, 0x09, 0x5e, 0x0a, 0x01, 0x09, 0x09, 0x4a, 
	0x09, 0x4c, 0x00, 0x00, 0x00, 0x13, 0x00, 0x13, 0x11, 0x11, 0x11, 0x11, 0x11, 0x11, 0x11, 0x11, 
	0x11, 0x0b, 0x09, 0x1d, 0x2b, 0x37, 0x35, 0x33, 0x35, 0x33, 0x35, 0x23, 0x35, 0x23, 0x35, 0x33, 
	0x15, 0x33, 0x15, 0x33, 0x15, 0x23, 0x15, 0x23, 0x15, 0x7d, 0x7d, 0x7d, 0x7d, 0x7d, 0xfa, 0x7d, 
	0x7d, 0x7d, 0x7d, 0x7d, 0x7d, 0xfa, 0x7d, 0xfa, 0x7d, 0x7d, 0xfa, 0x7d, 0xfa, 0x7d, 0x00, 0x00, 
	0x00, 0x01, 0x00, 0xfa, 0x00, 0x7d, 0x02, 0xee, 0x03, 0xe8, 0x00, 0x07, 0x00, 0x25, 0x40, 0x22, 
	0x00, 0x01, 0x01, 0x00, 0x5d, 0x00, 0x00, 0x00, 0x49, 0x4b, 0x00, 0x02, 0x02, 0x03, 0x5d, 0x04, 
	0x01, 0x03, 0x03, 0x4a, 0x03, 0x4c, 0x00, 0x00, 0x00, 0x07, 0x00, 0x07, 0x11, 0x11, 0x11, 0x05, 
	0x09, 0x17, 0x2b, 0x37, 0x11, 0x21, 0x15, 0x23, 0x11, 0x33, 0x15, 0xfa, 0x01, 0xf4, 0xfa, 0xfa, 
	0x7d, 0x03, 0x6b, 0x7d, 0xfd, 0x8f, 0x7d, 0x00, 0x00, 0x01, 0x00, 0x7d, 0x00, 0x7d, 0x02, 0x71, 
	0x03, 0xe8, 0x00, 0x07, 0x00, 0x25, 0x40, 0x22, 0x00, 0x01, 0x01, 0x02, 0x5d, 0x00, 0x02, 0x02, 
	0x49, 0x4b, 0x00, 0x00, 0x00, 0x03, 0x5d, 0x04, 0x01, 0x03, 0x03, 0x4a, 0x03, 0x4c, 0x00, 0x00, 
	0x00, 0x07, 0x00, 0x07, 0x11, 0x11, 0x11, 0x05, 0x09, 0x17, 0x2b, 0x37, 0x35, 0x33, 0x11, 0x23, 
	0x35, 0x21, 0x11, 0x7d, 0xfa, 0xfa, 0x01, 0xf4, 0x7d, 0x7d, 0x02, 0x71, 0x7d, 0xfc, 0x95, 0x00, 
	0x00, 0x01, 0x00, 0xfa, 0x00, 0x7d, 0x02, 0xee, 0x03, 0xe8, 0x00, 0x13, 0x00, 0x8e, 0x4b, 0xb0, 
	0x0a, 0x50, 0x58, 0x40, 0x36, 0x00, 0x06, 0x03, 0x02, 0x05, 0x06, 0x70, 0x00, 0x07, 0x01, 0x00, 
	0x08, 0x07, 0x70, 0x00, 0x03, 0x00, 0x00, 0x08, 0x03, 0x00, 0x65, 0x00, 0x05, 0x05, 0x04, 0x5d, 
	0x00, 0x04, 0x04, 0x49, 0x4b, 0x00, 0x01, 0x01, 0x02, 0x5d, 0x00, 0x02, 0x02, 0x4c, 0x4b, 0x00, 
	0x08, 0x08, 0x09, 0x5e, 0x0a, 0x01, 0x09, 0x09, 0x4a, 0x09, 0x4c, 0x1b, 0x40, 0x38, 0x00, 0x06, 
	0x03, 0x02, 0x03, 0x06, 0x02, 0x7e, 0x00, 0x07, 0x01, 0x00, 0x01, 0x07, 0x00, 0x7e, 0x00, 0x03, 
	0x00, 0x00, 0x08, 0x03, 0x00, 0x65, 0x00, 0x05, 0x05, 0x04, 0x5d, 0x00, 0x04, 0x04, 0x49, 0x4b, 
	0x00, 0x01, 0x01, 0x02, 0x5d, 0x00, 0x02, 0x02, 0x4c, 0x4b, 0x00, 0x08, 0x08, 0x09, 0x5e, 0x0a, 
	0x01, 0x09, 0x09, 0x4a, 0x09, 0x4c, 0x59, 0x40, 0x12, 0x00, 0x00, 0x00, 0x13, 0x00, 0x13, 0x11, 
	0x11, 0x11, 0x11, 0x11, 0x11, 0x11, 0x11, 0x11, 0x0b, 0x09, 0x1d, 0x2b, 0x25, 0x35, 0x23, 0x35, 
	0x23, 0x11, 0x33, 0x35, 0x33, 0x35, 0x33, 0x15, 0x23, 0x15, 0x23, 0x11, 0x33, 0x15, 0x33, 0x15, 
	0x01, 0xf4, 0x7d, 0x7d, 0x7d, 0x7d, 0xfa, 0x7d, 0x7d, 0x7d, 0x7d, 0x7d, 0x7d, 0x7d, 0x01, 0x77, 
	0x7d, 0x7d, 0x7d, 0x7d, 0xfe, 0x89, 0x7d, 0x7d, 0x00, 0x01, 0x00, 0x7d, 0x00, 0x7d, 0x02, 0x71, 
	0x03, 0xe8, 0x00, 0x13, 0x00, 0x8e, 0x4b, 0xb0, 0x0a, 0x50, 0x58, 0x40, 0x36, 0x00, 0x02, 0x05, 
	0x06, 0x03, 0x02, 0x70, 0x00, 0x01, 0x07, 0x08, 0x00, 0x01, 0x70, 0x00, 0x05, 0x00, 0x08, 0x00, 
	0x05, 0x08, 0x65, 0x00, 0x03, 0x03, 0x04, 0x5d, 0x00, 0x04, 0x04, 0x49, 0x4b, 0x00, 0x07, 0x07, 
	0x06, 0x5d, 0x00, 0x06, 0x06, 0x4c, 0x4b, 0x00, 0x00, 0x00, 0x09, 0x5e, 0x0a, 0x01, 0x09, 0x09, 
	0x4a, 0x09, 0x4c, 0x1b, 0x40, 0x38, 0x00, 0x02, 0x05, 0x06, 0x05, 0x02, 0x06, 0x7e, 0x00, 0x01, 
	0x07, 0x08, 0x07, 0x01, 0x08, 0x7e, 0x00, 0x05, 0x00, 0x08, 0x00, 0x05, 0x08, 0x65, 0x00, 0x03, 
	0x03, 0x04, 0x5d, 0x00, 0x04, 0x04, 0x49, 0x4b, 0x00, 0x07, 0x07, 0x06, 0x5d, 0x00, 0x06, 0x06, 
	0x4c, 0x4b, 0x00, 0x00, 0x00, 0x09, 0x5e, 0x0a, 0x01, 0x09, 0x09, 0x4a, 0x09, 0x4c, 0x59, 0x40, 
	0x12, 0x00, 0x00, 0x00, 0x13, 0x00, 0x13, 0x11, 0x11, 0x11, 0x11, 0x11, 0x11, 0x11, 0x11, 0x11, 
	0x0b, 0x09, 0x1d, 0x2b, 0x37, 0x35, 0x33, 0x35, 0x33, 0x11, 0x23, 0x35, 0x23, 0x35, 0x33, 0x15, 
	0x33, 0x15, 0x33, 0x11, 0x23, 0x15, 0x23, 0x15, 0x7d, 0x7d, 0x7d, 0x7d, 0x7d, 0xfa, 0x7d, 0x7d, 
	0x7d, 0x7d, 0x7d, 0x7d, 0x7d, 0x01, 0x77, 0x7d, 0x7d, 0x7d, 0x7d, 0xfe, 0x89, 0x7d, 0x7d, 0x00, 
	0x00, 0x01, 0x00, 0x00, 0x01, 0xf4, 0x03, 0xe8, 0x02, 0x71, 0x00, 0x03, 0x00, 0x1e, 0x40, 0x1b, 
	0x00, 0x00, 0x01, 0x01, 0x00, 0x55, 0x00, 0x00, 0x00, 0x01, 0x5d, 0x02, 0x01, 0x01, 0x00, 0x01, 
	0x4d, 0x00, 0x00, 0x00, 0x03, 0x00, 0x03, 0x11, 0x03, 0x09, 0x15, 0x2b, 0x11, 0x35, 0x21, 0x15, 
	0x03, 0xe8, 0x01, 0xf4, 0x7d, 0x7d, 0x00, 0x00, 0x00, 0x01, 0x00, 0x00, 0x01, 0xf4, 0x03, 0x6b, 
	0x02, 0x71, 0x00, 0x03, 0x00, 0x1e, 0x40, 0x1b, 0x00, 0x00, 0x01, 0x01, 0x00, 0x55, 0x00, 0x00, 
	0x00, 0x01, 0x5d, 0x02, 0x01, 0x01, 0x00, 0x01, 0x4d, 0x00, 0x00, 0x00, 0x03, 0x00, 0x03, 0x11, 
	0x03, 0x09, 0x15, 0x2b, 0x11, 0x35, 0x21, 0x15, 0x03, 0x6b, 0x01, 0xf4, 0x7d, 0x7d, 0x00, 0x00, 
	0x00, 0x01, 0x00, 0x00, 0x01, 0xf4, 0x03, 0x6b, 0x02, 0x71, 0x00, 0x03, 0x00, 0x1e, 0x40, 0x1b, 
	0x00, 0x00, 0x01, 0x01, 0x00, 0x55, 0x00, 0x00, 0x00, 0x01, 0x5d, 0x02, 0x01, 0x01, 0x00, 0x01, 
	0x4d, 0x00, 0x00, 0x00, 0x03, 0x00, 0x03, 0x11, 0x03, 0x09, 0x15, 0x2b, 0x11, 0x35, 0x21, 0x15, 
	0x03, 0x6b, 0x01, 0xf4, 0x7d, 0x7d, 0x00, 0x00, 0x00, 0x01, 0x00, 0x7d, 0x01, 0xf4, 0x03, 0x6b, 
	0x02, 0x71, 0x00, 0x03, 0x00, 0x1e, 0x40, 0x1b, 0x00, 0x00, 0x01, 0x01, 0x00, 0x55, 0x00, 0x00, 
	0x00, 0x01, 0x5d, 0x02, 0x01, 0x01, 0x00, 0x01, 0x4d, 0x00, 0x00, 0x00, 0x03, 0x00, 0x03, 0x11, 
	0x03, 0x09, 0x15, 0x2b, 0x13, 0x35, 0x21, 0x15, 0x7d, 0x02, 0xee, 0x01, 0xf4, 0x7d, 0x7d, 0x00, 
	0x00, 0x01, 0x00, 0x7d, 0x01, 0xf4, 0x03, 0x6b, 0x02, 0x71, 0x00, 0x03, 0x00, 0x1e, 0x40, 0x1b, 
	0x00, 0x00, 0x01, 0x01, 0x00, 0x55, 0x00, 0x00, 0x00, 0x01, 0x5d, 0x02, 0x01, 0x01, 0x00, 0x01, 
	0x4d, 0x00, 0x00, 0x00, 0x03, 0x00, 0x03, 0x11, 0x03, 0x09, 0x15, 0x2b, 0x13, 0x35, 0x21, 0x15, 
	0x7d, 0x02, 0xee, 0x01, 0xf4, 0x7d, 0x7d, 0x00, 0x00, 0x02, 0x00, 0x00, 0x00, 0xfa, 0x03, 0x6b, 
	0x03, 0x6b, 0x00, 0x1b, 0x00, 0x27, 0x00, 0xac, 0x4b, 0xb0, 0x0a, 0x50, 0x58, 0x40, 0x3b, 0x12, 
	0x01, 0x08, 0x03, 0x02, 0x07, 0x08, 0x70, 0x13, 0x01, 0x09, 0x01, 0x00, 0x0a, 0x09, 0x70, 0x06, 
	0x01, 0x04, 0x11, 0x01, 0x07, 0x03, 0x04, 0x07, 0x65, 0x10, 0x01, 0x02, 0x0f, 0x01, 0x01, 0x09, 
	0x02, 0x01, 0x65, 0x0e, 0x01, 0x0a, 0x14, 0x0d, 0x02, 0x0b, 0x0a, 0x0b, 0x62, 0x0c, 0x01, 0x00, 
	0x00, 0x03, 0x5d, 0x05, 0x01, 0x03, 0x03, 0x4c, 0x00, 0x4c, 0x1b, 0x40, 0x3d, 0x12, 0x01, 0x08, 
	0x03, 0x02, 0x03, 0x08, 0x02, 0x7e, 0x13, 0x01, 0x09, 0x01, 0x00, 0x01, 0x09, 0x00, 0x7e, 0x06, 
	0x01, 0x04, 0x11, 0x01, 0x07, 0x03, 0x04, 0x07, 0x65, 0x10, 0x01, 0x02, 0x0f, 0x01, 0x01, 0x09, 
	0x02, 0x01, 0x65, 0x0e, 0x01, 0x0a, 0x14, 0x0d, 0x02, 0x0b, 0x0a, 0x0b, 0x62, 0x0c, 0x01, 0x00, 
	0x00, 0x03, 0x5d, 0x05, 0x01, 0x03, 0x03, 0x4c, 0x00, 0x4c, 0x59, 0x40, 0x26, 0x00, 0x00, 0x27, 
	0x26, 0x25, 0x24, 0x23, 0x22, 0x21, 0x20, 0x1f, 0x1e, 0x1d, 0x1c, 0x00, 0x1b, 0x00, 0x1b, 0x1a, 
	0x19, 0x18, 0x17, 0x16, 0x15, 0x14, 0x13, 0x11, 0x11, 0x11, 0x11, 0x11, 0x11, 0x11, 0x11, 0x11, 
	0x15, 0x09, 0x1d, 0x2b, 0x37, 0x35, 0x23, 0x35, 0x23, 0x35, 0x33, 0x35, 0x33, 0x35, 0x33, 0x15, 
	0x33, 0x35, 0x33, 0x15, 0x23, 0x15, 0x23, 0x15, 0x33, 0x15, 0x33, 0x15, 0x23, 0x35, 0x23, 0x15, 
	0x27, 0x33, 0x35, 0x23, 0x35, 0x33, 0x35, 0x23, 0x15, 0x23, 0x15, 0x33, 0xfa, 0x7d, 0x7d, 0x7d, 
	0x7d, 0xfa, 0x7d, 0xfa, 0x7d, 0x7d, 0x7d, 0x7d, 0xfa, 0x7d, 0x7d, 0x7d, 0x7d, 0x7d, 0x7d, 0x7d, 
	0x7d, 0xfa, 0x7d, 0x7d, 0x7d, 0x7d, 0x7d, 0x7d, 0x7d, 0x7d, 0x7d, 0x7d, 0x7d, 0x7d, 0x7d, 0x7d, 
	0x7d, 0x7d, 0x7d, 0x7d, 0x7d, 0x7d, 0x00, 0x00, 0x00, 0x02, 0x00, 0x00, 0x00, 0xfa, 0x03, 0x6b, 
	0x03, 0x6b, 0x00, 0x1b, 0x00, 0x27, 0x00, 0xac, 0x4b, 0xb0, 0x0a, 0x50, 0x58, 0x40, 0x3b, 0x10, 
	0x01, 0x02, 0x05, 0x08, 0x03, 0x02, 0x70, 0x0f, 0x01, 0x01, 0x09, 0x0a, 0x00, 0x01, 0x70, 0x06, 
	0x01, 0x04, 0x11, 0x01, 0x03, 0x05, 0x04, 0x03, 0x65, 0x12, 0x01, 0x08, 0x13, 0x01, 0x09, 0x01, 
	0x08, 0x09, 0x65, 0x0e, 0x01, 0x00, 0x14, 0x0d, 0x02, 0x0b, 0x00, 0x0b, 0x62, 0x0c, 0x01, 0x0a, 
	0x0a, 0x05, 0x5d, 0x07, 0x01, 0x05, 0x05, 0x4c, 0x0a, 0x4c, 0x1b, 0x40, 0x3d, 0x10, 0x01, 0x02, 
	0x05, 0x08, 0x05, 0x02, 0x08, 0x7e, 0x0f, 0x01, 0x01, 0x09, 0x0a, 0x09, 0x01, 0x0a, 0x7e, 0x06, 
	0x01, 0x04, 0x11, 0x01, 0x03, 0x05, 0x04, 0x03, 0x65, 0x12, 0x01, 0x08, 0x13, 0x01, 0x09, 0x01, 
	0x08, 0x09, 0x65, 0x0e, 0x01, 0x00, 0x14, 0x0d, 0x02, 0x0b, 0x00, 0x0b, 0x62, 0x0c, 0x01, 0x0a, 
	0x0a, 0x05, 0x5d, 0x07, 0x01, 0x05, 0x05, 0x4c, 0x0a, 0x4c, 0x59, 0x40, 0x26, 0x00, 0x00, 0x27, 
	0x26, 0x25, 0x24, 0x23, 0x22, 0x21, 0x20, 0x1f, 0x1e, 0x1d, 0x1c, 0x00, 0x1b, 0x00, 0x1b, 0x1a, 
	0x19, 0x18, 0x17, 0x16, 0x15, 0x14, 0x13, 0x11, 0x11, 0x11, 0x11, 0x11, 0x11, 0x11, 0x11, 0x11, 
	0x15, 0x09, 0x1d, 0x2b, 0x35, 0x35, 0x33, 0x35, 0x33, 0x35, 0x23, 0x35, 0x23, 0x35, 0x33, 0x15, 
	0x33, 0x35, 0x33, 0x15, 0x33, 0x15, 0x33, 0x15, 0x23, 0x15, 0x23, 0x15, 0x23, 0x35, 0x23, 0x15, 
	0x37, 0x33, 0x35, 0x33, 0x35, 0x23, 0x35, 0x23, 0x15, 0x33, 0x15, 0x23, 0x7d, 0x7d, 0x7d, 0x7d, 
	0xfa, 0x7d, 0xfa, 0x7d, 0x7d, 0x7d, 0x7d, 0xfa, 0x7d, 0x7d, 0x7d, 0x7d, 0x7d, 0x7d, 0x7d, 0x7d, 
	0xfa, 0x7d, 0x7d, 0x7d, 0x7d, 0x7d, 0x7d, 0x7d, 0x7d, 0x7d, 0x7d, 0x7d, 0x7d, 0x7d, 0x7d, 0x7d, 
	0x7d, 0x7d, 0x7d, 0x7d, 0x7d, 0x00, 0x00, 0x00, 0x00, 0x01, 0x00, 0xfa, 0x00, 0xfa, 0x02, 0xee, 
	0x03, 0x6b, 0x00, 0x13, 0x00, 0x84, 0x4b, 0xb0, 0x0a, 0x50, 0x58, 0x40, 0x31, 0x00, 0x06, 0x03, 
	0x02, 0x05, 0x06, 0x70, 0x00, 0x07, 0x01, 0x00, 0x08, 0x07, 0x70, 0x00, 0x04, 0x00, 0x05, 0x03, 
	0x04, 0x05, 0x65, 0x00, 0x02, 0x00, 0x01, 0x07, 0x02, 0x01, 0x65, 0x00, 0x08, 0x0a, 0x01, 0x09, 
	0x08, 0x09, 0x62, 0x00, 0x00, 0x00, 0x03, 0x5d, 0x00, 0x03, 0x03, 0x4c, 0x00, 0x4c, 0x1b, 0x40, 
	0x33, 0x00, 0x06, 0x03, 0x02, 0x03, 0x06, 0x02, 0x7e, 0x00, 0x07, 0x01, 0x00, 0x01, 0x07, 0x00, 
	0x7e, 0x00, 0x04, 0x00, 0x05, 0x03, 0x04, 0x05, 0x65, 0x00, 0x02, 0x00, 0x01, 0x07, 0x02, 0x01, 
	0x65, 0x00, 0x08, 0x0a, 0x01, 0x09, 0x08, 0x09, 0x62, 0x00, 0x00, 0x00, 0x03, 0x5d, 0x00, 0x03, 
	0x03, 0x4c, 0x00, 0x4c, 0x59, 0x40, 0x12, 0x00, 0x00, 0x00, 0x13, 0x00, 0x13, 0x11, 0x11, 0x11, 
	0x11, 0x11, 0x11, 0x11, 0x11, 0x11, 0x0b, 0x09, 0x1d, 0x2b, 0x25, 0x35, 0x23, 0x35, 0x23, 0x35, 
	0x33, 0x35, 0x33, 0x35, 0x33, 0x15, 0x23, 0x15, 0x23, 0x15, 0x33, 0x15, 0x33, 0x15, 0x01, 0xf4, 
	0x7d, 0x7d, 0x7d, 0x7d, 0xfa, 0x7d, 0x7d, 0x7d, 0x7d, 0xfa, 0x7d, 0x7d, 0x7d, 0x7d, 0x7d, 0x7d, 
	0x7d, 0x7d, 0x7d, 0x7d, 0x00, 0x01, 0x00, 0x7d, 0x00, 0xfa, 0x02, 0x71, 0x03, 0x6b, 0x00, 0x13, 
	0x00, 0x84, 0x4b, 0xb0, 0x0a, 0x50, 0x58, 0x40, 0x31, 0x00, 0x02, 0x05, 0x06, 0x03, 0x02, 0x70, 
	0x00, 0x01, 0x07, 0x08, 0x00, 0x01, 0x70, 0x00, 0x04, 0x00, 0x03, 0x05, 0x04, 0x03, 0x65, 0x00, 
	0x06, 0x00, 0x07, 0x01, 0x06, 0x07, 0x65, 0x00, 0x00, 0x0a, 0x01, 0x09, 0x00, 0x09, 0x62, 0x00, 
	0x08, 0x08, 0x05, 0x5d, 0x00, 0x05, 0x05, 0x4c, 0x08, 0x4c, 0x1b, 0x40, 0x33, 0x00, 0x02, 0x05, 
	0x06, 0x05, 0x02, 0x06, 0x7e, 0x00, 0x01, 0x07, 0x08, 0x07, 0x01, 0x08, 0x7e, 0x00, 0x04, 0x00, 
	0x03, 0x05, 0x04, 0x03, 0x65, 0x00, 0x06, 0x00, 0x07, 0x01, 0x06, 0x07, 0x65, 0x00, 0x00, 0x0a, 
	0x01, 0x09, 0x00, 0x09, 0x62, 0x00, 0x08, 0x08, 0x05, 0x5d, 0x00, 0x05, 0x05, 0x4c, 0x08, 0x4c, 
	0x59, 0x40, 0x12, 0x00, 0x00, 0x00, 0x13, 0x00, 0x13, 0x11, 0x11, 0x11, 0x11, 0x11, 0x11, 0x11, 
	0x11, 0x11, 0x0b, 0x09, 0x1d, 0x2b, 0x37, 0x35, 0x33, 0x35, 0x33, 0x35, 0x23, 0x35, 0x23, 0x35, 
	0x33, 0x15, 0x33, 0x15, 0x33, 0x15, 0x23, 0x15, 0x23, 0x15, 0x7d, 0x7d, 0x7d, 0x7d, 0x7d, 0xfa, 
	0x7d, 0x7d, 0x7d, 0x7d, 0xfa, 0x7d, 0x7d, 0x7d, 0x7d, 0x7d, 0x7d, 0x7d, 0x7d, 0x7d, 0x7d, 0x00, 
	0x00, 0x02, 0x00, 0x00, 0x00, 0x7d, 0x02, 0xee, 0x01, 0xf4, 0x00, 0x07, 0x00, 0x0f, 0x00, 0x34, 
	0x40, 0x31, 0x09, 0x07, 0x08, 0x03, 0x03, 0x04, 0x01, 0x00, 0x02, 0x03, 0x00, 0x65, 0x06, 0x01, 
	0x02, 0x02, 0x01, 0x5d, 0x05, 0x01, 0x01, 0x01, 0x4a, 0x01, 0x4c, 0x08, 0x08, 0x00, 0x00, 0x08, 
	0x0f, 0x08, 0x0f, 0x0e, 0x0d, 0x0c, 0x0b, 0x0a, 0x09, 0x00, 0x07, 0x00, 0x07, 0x11, 0x11, 0x11, 
	0x0a, 0x09, 0x17, 0x2b, 0x01, 0x15, 0x23, 0x15, 0x23, 0x35, 0x33, 0x35, 0x21, 0x15, 0x23, 0x15, 
	0x23, 0x35, 0x33, 0x35, 0x01, 0x77, 0x7d, 0xfa, 0x7d, 0x02, 0x71, 0x7d, 0xfa, 0x7d, 0x01, 0xf4, 
	0xfa, 0x7d, 0x7d, 0xfa, 0xfa, 0x7d, 0x7d, 0xfa, 0x00, 0x02, 0x00, 0x7d, 0x02, 0x71, 0x03, 0x6b, 
	0x03, 0xe8, 0x00, 0x07, 0x00, 0x0f, 0x00, 0x33, 0x40, 0x30, 0x06, 0x01, 0x02, 0x05, 0x01, 0x01, 
	0x02, 0x01, 0x61, 0x04, 0x01, 0x00, 0x00, 0x03, 0x5d, 0x09, 0x07, 0x08, 0x03, 0x03, 0x03, 0x49, 
	0x00, 0x4c, 0x08, 0x08, 0x00, 0x00, 0x08, 0x0f, 0x08, 0x0f, 0x0e, 0x0d, 0x0c, 0x0b, 0x0a, 0x09, 
	0x00, 0x07, 0x00, 0x07, 0x11, 0x11, 0x11, 0x0a, 0x09, 0x17, 0x2b, 0x01, 0x15, 0x23, 0x15, 0x23, 
	0x35, 0x33, 0x35, 0x21, 0x15, 0x23, 0x15, 0x23, 0x35, 0x33, 0x35, 0x01, 0xf4, 0x7d, 0xfa, 0x7d, 
	0x02, 0x71, 0x7d, 0xfa, 0x7d, 0x03, 0xe8, 0x7d, 0xfa, 0xfa, 0x7d, 0x7d, 0xfa, 0xfa, 0x7d, 0x00, 
	0x00, 0x02, 0x00, 0x7d, 0x02, 0x71, 0x03, 0x6b, 0x03, 0xe8, 0x00, 0x07, 0x00, 0x0f, 0x00, 0x36, 
	0x40, 0x33, 0x04, 0x01, 0x00, 0x00, 0x03, 0x5d, 0x09, 0x07, 0x08, 0x03, 0x03, 0x03, 0x49, 0x4b, 
	0x05, 0x01, 0x01, 0x01, 0x02, 0x5d, 0x06, 0x01, 0x02, 0x02, 0x4c, 0x01, 0x4c, 0x08, 0x08, 0x00, 
	0x00, 0x08, 0x0f, 0x08, 0x0f, 0x0e, 0x0d, 0x0c, 0x0b, 0x0a, 0x09, 0x00, 0x07, 0x00, 0x07, 0x11, 
	0x11, 0x11, 0x0a, 0x09, 0x17, 0x2b, 0x01, 0x15, 0x23, 0x15, 0x23, 0x35, 0x33, 0x35, 0x21, 0x15, 
	0x23, 0x15, 0x23, 0x35, 0x33, 0x35, 0x01, 0xf4, 0x7d, 0xfa, 0x7d, 0x02, 0x71, 0x7d, 0xfa, 0x7d, 
	0x03, 0xe8, 0xfa, 0x7d, 0x7d, 0xfa, 0xfa, 0x7d, 0x7d, 0xfa, 0x00, 0x00, 0x00, 0x01, 0x00, 0xfa, 
	0x02, 0x71, 0x02, 0x71, 0x03, 0xe8, 0x00, 0x07, 0x00, 0x22, 0x40, 0x1f, 0x00, 0x00, 0x04, 0x01, 
	0x03, 0x00, 0x03, 0x61, 0x00, 0x02, 0x02, 0x01, 0x5d, 0x00, 0x01, 0x01, 0x49, 0x02, 0x4c, 0x00, 
	0x00, 0x00, 0x07, 0x00, 0x07, 0x11, 0x11, 0x11, 0x05, 0x09, 0x17, 0x2b, 0x13, 0x35, 0x33, 0x35, 
	0x33, 0x15, 0x23, 0x15, 0xfa, 0x7d, 0xfa, 0x7d, 0x02, 0x71, 0xfa, 0x7d, 0x7d, 0xfa, 0x00, 0x00, 
	0x00, 0x01, 0x00, 0xfa, 0x02, 0x71, 0x02, 0x71, 0x03, 0xe8, 0x00, 0x07, 0x00, 0x25, 0x40, 0x22, 
	0x00, 0x02, 0x02, 0x01, 0x5d, 0x00, 0x01, 0x01, 0x49, 0x4b, 0x04, 0x01, 0x03, 0x03, 0x00, 0x5d, 
	0x00, 0x00, 0x00, 0x4c, 0x03, 0x4c, 0x00, 0x00, 0x00, 0x07, 0x00, 0x07, 0x11, 0x11, 0x11, 0x05, 
	0x09, 0x17, 0x2b, 0x13, 0x35, 0x33, 0x35, 0x33, 0x15, 0x23, 0x15, 0xfa, 0x7d, 0xfa, 0x7d, 0x02, 
	0x71, 0x7d, 0xfa, 0xfa, 0x7d, 0x00, 0x00, 0x00, 0x00, 0x01, 0x00, 0xfa, 0x00, 0x7d, 0x02, 0x71, 
	0x01, 0xf4, 0x00, 0x07, 0x00, 0x23, 0x40, 0x20, 0x00, 0x01, 0x00, 0x02, 0x00, 0x01, 0x02, 0x65, 
	0x00, 0x00, 0x00, 0x03, 0x5d, 0x04, 0x01, 0x03, 0x03, 0x4a, 0x03, 0x4c, 0x00, 0x00, 0x00, 0x07, 
	0x00, 0x07, 0x11, 0x11, 0x11, 0x05, 0x09, 0x17, 0x2b, 0x37, 0x35, 0x33, 0x35, 0x33, 0x15, 0x23, 
	0x15, 0xfa, 0x7d, 0xfa, 0x7d, 0x7d, 0x7d, 0xfa, 0xfa, 0x7d, 0x00, 0x00, 0x00, 0x01, 0x00, 0xfa, 
	0x01, 0x77, 0x01, 0xf4, 0x02, 0x71, 0x00, 0x03, 0x00, 0x1e, 0x40, 0x1b, 0x00, 0x00, 0x01, 0x01, 
	0x00, 0x55, 0x00, 0x00, 0x00, 0x01, 0x5d, 0x02, 0x01, 0x01, 0x00, 0x01, 0x4d, 0x00, 0x00, 0x00, 
	0x03, 0x00, 0x03, 0x11, 0x03, 0x08, 0x15, 0x2b, 0x13, 0x35, 0x33, 0x15, 0xfa, 0xfa, 0x01, 0x77, 
	0xfa, 0xfa, 0x00, 0x00, 0x00, 0x02, 0x00, 0x7d, 0x00, 0x7d, 0x01, 0xf4, 0x03, 0x6b, 0x00, 0x03, 
	0x00, 0x0b, 0x00, 0x36, 0x40, 0x33, 0x00, 0x00, 0x06, 0x01, 0x01, 0x03, 0x00, 0x01, 0x65, 0x00, 
	0x03, 0x00, 0x04, 0x02, 0x03, 0x04, 0x65, 0x00, 0x02, 0x02, 0x05, 0x5d, 0x07, 0x01, 0x05, 0x05, 
	0x32, 0x05, 0x4c, 0x04, 0x04, 0x00, 0x00, 0x04, 0x0b, 0x04, 0x0b, 0x0a, 0x09, 0x08, 0x07, 0x06, 
	0x05, 0x00, 0x03, 0x00, 0x03, 0x11, 0x08, 0x08, 0x15, 0x2b, 0x13, 0x35, 0x33, 0x15, 0x01, 0x35, 
	0x33, 0x35, 0x33, 0x15, 0x23, 0x15, 0xfa, 0xfa, 0xfe, 0x89, 0x7d, 0xfa, 0x7d, 0x02, 0x71, 0xfa, 
	0xfa, 0xfe, 0x0c, 0x7d, 0xfa, 0xfa, 0x7d, 0x00, 0x00, 0x02, 0x00, 0x7d, 0x00, 0x7d, 0x02, 0xee, 
	0x01, 0x77, 0x00, 0x03, 0x00, 0x07, 0x00, 0x24, 0x40, 0x21, 0x02, 0x01, 0x00, 0x00, 0x01, 0x5d, 
	0x05, 0x03, 0x04, 0x03, 0x01, 0x01, 0x4a, 0x01, 0x4c, 0x04, 0x04, 0x00, 0x00, 0x04, 0x07, 0x04, 
	0x07, 0x06, 0x05, 0x00, 0x03, 0x00, 0x03, 0x11, 0x06, 0x09, 0x15, 0x2b, 0x37, 0x35, 0x33, 0x15, 
	0x33, 0x35, 0x33, 0x15, 0x7d, 0xfa, 0x7d, 0xfa, 0x7d, 0xfa, 0xfa, 0xfa, 0xfa, 0x00, 0x00, 0x00, 
	0x00, 0x02, 0x00, 0x00, 0x00, 0x7d, 0x03, 0x6b, 0x03, 0xe8, 0x00, 0x1b, 0x00, 0x1f, 0x00, 0x55, 
	0x40, 0x52, 0x05, 0x01, 0x03, 0x0f, 0x01, 0x08, 0x02, 0x03, 0x08, 0x65, 0x00, 0x0a, 0x0b, 0x01, 
	0x01, 0x09, 0x0a, 0x01, 0x65, 0x0e, 0x01, 0x09, 0x0c, 0x01, 0x00, 0x0d, 0x09, 0x00, 0x65, 0x00, 
	0x04, 0x04, 0x49, 0x4b, 0x00, 0x07, 0x07, 0x02, 0x5d, 0x06, 0x01, 0x02, 0x02, 0x4c, 0x4b, 0x10, 
	0x01, 0x0d, 0x0d, 0x4a, 0x0d, 0x4c, 0x00, 0x00, 0x1f, 0x1e, 0x1d, 0x1c, 0x00, 0x1b, 0x00, 0x1b, 
	0x1a, 0x19, 0x18, 0x17, 0x16, 0x15, 0x14, 0x13, 0x11, 0x11, 0x11, 0x11, 0x11, 0x11, 0x11, 0x11, 
	0x11, 0x11, 0x09, 0x1d, 0x2b, 0x25, 0x35, 0x23, 0x35, 0x23, 0x11, 0x33, 0x35, 0x33, 0x35, 0x33, 
	0x15, 0x33, 0x15, 0x33, 0x15, 0x23, 0x35, 0x23, 0x11, 0x33, 0x35, 0x33, 0x15, 0x23, 0x15, 0x23, 
	0x15, 0x27, 0x33, 0x11, 0x23, 0x01, 0x77, 0xfa, 0x7d, 0x7d, 0xfa, 0x7d, 0xfa, 0x7d, 0xfa, 0x7d, 
	0x7d, 0xfa, 0x7d, 0xfa, 0xfa, 0x7d, 0x7d, 0x7d, 0x7d, 0x7d, 0x01, 0x77, 0x7d, 0x7d, 0x7d, 0x7d, 
	0x7d, 0x7d, 0xfe, 0x89, 0x7d, 0x7d, 0x7d, 0x7d, 0xfa, 0x01, 0x77, 0x00, 0x00, 0x08, 0x00, 0x7d, 
	0x00, 0xfa, 0x03, 0x6b, 0x03, 0x6b, 0x00, 0x03, 0x00, 0x07, 0x00, 0x0b, 0x00, 0x0f, 0x00, 0x13, 
	0x00, 0x17, 0x00, 0x1b, 0x00, 0x1f, 0x00, 0x5d, 0x40, 0x5a, 0x11, 0x05, 0x03, 0x10, 0x04, 0x01, 
	0x04, 0x02, 0x02, 0x00, 0x07, 0x01, 0x00, 0x65, 0x0e, 0x0c, 0x02, 0x0a, 0x13, 0x0f, 0x0d, 0x03, 
	0x0b, 0x0a, 0x0b, 0x61, 0x09, 0x01, 0x06, 0x06, 0x07, 0x5d, 0x08, 0x12, 0x02, 0x07, 0x07, 0x4c, 
	0x06, 0x4c, 0x1c, 0x1c, 0x0c, 0x0c, 0x08, 0x08, 0x00, 0x00, 0x1c, 0x1f, 0x1c, 0x1f, 0x1e, 0x1d, 
	0x1b, 0x1a, 0x19, 0x18, 0x17, 0x16, 0x15, 0x14, 0x13, 0x12, 0x11, 0x10, 0x0c, 0x0f, 0x0c, 0x0f, 
	0x0e, 0x0d, 0x08, 0x0b, 0x08, 0x0b, 0x0a, 0x09, 0x07, 0x06, 0x05, 0x04, 0x00, 0x03, 0x00, 0x03, 
	0x11, 0x14, 0x09, 0x15, 0x2b, 0x13, 0x15, 0x23, 0x35, 0x05, 0x23, 0x35, 0x33, 0x33, 0x15, 0x23, 
	0x35, 0x05, 0x11, 0x23, 0x11, 0x21, 0x33, 0x11, 0x23, 0x21, 0x33, 0x15, 0x23, 0x37, 0x33, 0x15, 
	0x23, 0x21, 0x35, 0x33, 0x15, 0xfa, 0x7d, 0x01, 0xf4, 0xfa, 0xfa, 0xfa, 0x7d, 0xfe, 0x89, 0x7d, 
	0x01, 0x77, 0x7d, 0x7d, 0xfe, 0x0c, 0x7d, 0x7d, 0xfa, 0xfa, 0xfa, 0x01, 0x77, 0x7d, 0x03, 0x6b, 
	0x7d, 0x7d, 0x7d, 0x7d, 0x7d, 0x7d, 0x7d, 0xfe, 0x89, 0x01, 0x77, 0xfe, 0x89, 0x7d, 0x7d, 0x7d, 
	0x7d, 0x7d, 0x00, 0x00, 0x00, 0x03, 0x00, 0x00, 0x00, 0x7d, 0x03, 0x6b, 0x03, 0xe8, 0x00, 0x1b, 
	0x00, 0x1f, 0x00, 0x23, 0x00, 0x61, 0x40, 0x5e, 0x07, 0x01, 0x05, 0x0f, 0x01, 0x08, 0x04, 0x05, 
	0x08, 0x65, 0x0e, 0x01, 0x09, 0x11, 0x01, 0x02, 0x0a, 0x09, 0x02, 0x65, 0x00, 0x0a, 0x00, 0x0b, 
	0x01, 0x0a, 0x0b, 0x65, 0x10, 0x01, 0x01, 0x0c, 0x01, 0x00, 0x0d, 0x01, 0x00, 0x65, 0x00, 0x06, 
	0x06, 0x49, 0x4b, 0x00, 0x03, 0x03, 0x04, 0x5d, 0x00, 0x04, 0x04, 0x4c, 0x4b, 0x12, 0x01, 0x0d, 
	0x0d, 0x4a, 0x0d, 0x4c, 0x00, 0x00, 0x23, 0x22, 0x21, 0x20, 0x1f, 0x1e, 0x1d, 0x1c, 0x00, 0x1b, 
	0x00, 0x1b, 0x1a, 0x19, 0x18, 0x17, 0x16, 0x15, 0x14, 0x13, 0x11, 0x11, 0x11, 0x11, 0x11, 0x11, 
	0x11, 0x11, 0x11, 0x13, 0x09, 0x1d, 0x2b, 0x25, 0x35, 0x21, 0x35, 0x21, 0x35, 0x23, 0x35, 0x23, 
	0x35, 0x33, 0x35, 0x33, 0x35, 0x33, 0x15, 0x33, 0x15, 0x23, 0x15, 0x33, 0x15, 0x33, 0x15, 0x23, 
	0x15, 0x23, 0x15, 0x03, 0x33, 0x35, 0x23, 0x13, 0x33, 0x35, 0x23, 0x01, 0x77, 0xfe, 0x89, 0x01, 
	0x77, 0xfa, 0x7d, 0x7d, 0xfa, 0x7d, 0xfa, 0xfa, 0xfa, 0x7d, 0x7d, 0xfa, 0xfa, 0x7d, 0x7d, 0xfa, 
	0x7d, 0x7d, 0x7d, 0x7d, 0x7d, 0x7d, 0x7d, 0x7d, 0x7d, 0x7d, 0x7d, 0x7d, 0x7d, 0x7d, 0x7d, 0x7d, 
	0x7d, 0x01, 0xf4, 0x7d, 0xfe, 0x89, 0x7d, 0x00, 0x00, 0x05, 0x00, 0x00, 0x00, 0x00, 0x03, 0x6b, 
	0x03, 0xe8, 0x00, 0x03, 0x00, 0x09, 0x00, 0x15, 0x00, 0x19, 0x00, 0x1d, 0x00, 0x5a, 0x40, 0x57, 
	0x09, 0x01, 0x04, 0x0c, 0x08, 0x04, 0x55, 0x0d, 0x01, 0x08, 0x02, 0x0a, 0x08, 0x55, 0x00, 0x00, 
	0x00, 0x01, 0x5d, 0x00, 0x01, 0x01, 0x49, 0x4b, 0x00, 0x0b, 0x0b, 0x0c, 0x5d, 0x00, 0x0c, 0x0c, 
	0x4c, 0x4b, 0x05, 0x01, 0x02, 0x02, 0x03, 0x5e, 0x06, 0x01, 0x03, 0x03, 0x4a, 0x4b, 0x0f, 0x0e, 
	0x02, 0x0a, 0x0a, 0x07, 0x5d, 0x00, 0x07, 0x07, 0x4e, 0x07, 0x4c, 0x1a, 0x1a, 0x1a, 0x1d, 0x1a, 
	0x1d, 0x1c, 0x1b, 0x19, 0x18, 0x17, 0x16, 0x15, 0x14, 0x13, 0x12, 0x11, 0x11, 0x11, 0x11, 0x11, 
	0x11, 0x11, 0x11, 0x10, 0x10, 0x09, 0x1d, 0x2b, 0x01, 0x23, 0x35, 0x33, 0x03, 0x33, 0x15, 0x21, 
	0x11, 0x33, 0x01, 0x33, 0x15, 0x23, 0x15, 0x23, 0x35, 0x23, 0x11, 0x33, 0x15, 0x33, 0x33, 0x23, 
	0x35, 0x33, 0x17, 0x11, 0x23, 0x11, 0x01, 0x77, 0xfa, 0xfa, 0xfa, 0xfa, 0xfe, 0x89, 0x7d, 0x01, 
	0xf4, 0x7d, 0x7d, 0x7d, 0x7d, 0x7d, 0x7d, 0x7d, 0x7d, 0x7d, 0x7d, 0x7d, 0x03, 0x6b, 0x7d, 0xfd, 
	0x12, 0x7d, 0x02, 0xee, 0xfd, 0x8f, 0x7d, 0x7d, 0xfa, 0x02, 0x71, 0xfa, 0x7d, 0x7d, 0xfe, 0x89, 
	0x01, 0x77, 0x00, 0x00, 0x00, 0x01, 0x00, 0x00, 0x00, 0x7d, 0x03, 0x6b, 0x03, 0xe8, 0x00, 0x23, 
	0x00, 0x63, 0x40, 0x60, 0x12, 0x11, 0x02, 0x0f, 0x00, 0x00, 0x02, 0x0f, 0x00, 0x65, 0x0c, 0x01, 
	0x04, 0x0b, 0x01, 0x05, 0x07, 0x04, 0x05, 0x65, 0x00, 0x07, 0x0a, 0x01, 0x08, 0x06, 0x07, 0x08, 
	0x65, 0x00, 0x01, 0x01, 0x10, 0x5d, 0x00, 0x10, 0x10, 0x49, 0x4b, 0x0d, 0x01, 0x03, 0x03, 0x02, 
	0x5d, 0x0e, 0x01, 0x02, 0x02, 0x4c, 0x4b, 0x00, 0x06, 0x06, 0x09, 0x5d, 0x00, 0x09, 0x09, 0x4a, 
	0x09, 0x4c, 0x00, 0x00, 0x00, 0x23, 0x00, 0x23, 0x22, 0x21, 0x20, 0x1f, 0x1e, 0x1d, 0x1c, 0x1b, 
	0x1a, 0x19, 0x18, 0x17, 0x16, 0x15, 0x14, 0x13, 0x11, 0x11, 0x11, 0x11, 0x11, 0x11, 0x11, 0x11, 
	0x11, 0x13, 0x09, 0x1d, 0x2b, 0x01, 0x15, 0x23, 0x35, 0x23, 0x15, 0x33, 0x15, 0x23, 0x15, 0x33, 
	0x15, 0x23, 0x15, 0x33, 0x35, 0x33, 0x15, 0x23, 0x15, 0x21, 0x35, 0x23, 0x35, 0x23, 0x35, 0x33, 
	0x35, 0x23, 0x35, 0x33, 0x35, 0x33, 0x35, 0x21, 0x15, 0x03, 0x6b, 0xfa, 0x7d, 0x7d, 0xfa, 0xfa, 
	0x7d, 0x7d, 0xfa, 0x7d, 0xfe, 0x89, 0x7d, 0xfa, 0x7d, 0x7d, 0xfa, 0x7d, 0x01, 0x77, 0x03, 0x6b, 
	0x7d, 0x7d, 0x7d, 0x7d, 0x7d, 0x7d, 0x7d, 0x7d, 0x7d, 0x7d, 0x7d, 0x7d, 0x7d, 0x7d, 0x7d, 0x7d, 
	0x7d, 0x7d, 0x00, 0x00, 0x00, 0x01, 0x00, 0x7d, 0x00, 0x7d, 0x03, 0x6b, 0x03, 0xe8, 0x00, 0x13, 
	0x00, 0x47, 0x40, 0x44, 0x00, 0x03, 0x05, 0x02, 0x05, 0x03, 0x02, 0x7e, 0x00, 0x08, 0x01, 0x00, 
	0x01, 0x08, 0x00, 0x7e, 0x00, 0x05, 0x05, 0x04, 0x5d, 0x00, 0x04, 0x04, 0x49, 0x4b, 0x07, 0x01, 
	0x01, 0x01, 0x02, 0x5d, 0x06, 0x01, 0x02, 0x02, 0x4c, 0x4b, 0x00, 0x00, 0x00, 0x09, 0x5e, 0x0a, 
	0x01, 0x09, 0x09, 0x4a, 0x09, 0x4c, 0x00, 0x00, 0x00, 0x13, 0x00, 0x13, 0x11, 0x11, 0x11, 0x11, 
	0x11, 0x11, 0x11, 0x11, 0x11, 0x0b, 0x09, 0x1d, 0x2b, 0x37, 0x35, 0x33, 0x11, 0x23, 0x35, 0x33, 
	0x35, 0x33, 0x35, 0x21, 0x15, 0x23, 0x15, 0x33, 0x15, 0x23, 0x11, 0x23, 0x15, 0x7d, 0xfa, 0xfa, 
	0xfa, 0x7d, 0x01, 0x77, 0xfa, 0xfa, 0xfa, 0x7d, 0x7d, 0x7d, 0x01, 0x77, 0x7d, 0x7d, 0x7d, 0x7d, 
	0x7d, 0x7d, 0xfe, 0x89, 0x7d, 0x00, 0x00, 0x00, 0x00, 0x02, 0x00, 0x00, 0x00, 0x7d, 0x03, 0x6b, 
	0x03, 0xe8, 0x00, 0x0b, 0x00, 0x17, 0x00, 0x96, 0x4b, 0xb0, 0x0a, 0x50, 0x58, 0x40, 0x38, 0x00, 
	0x05, 0x03, 0x00, 0x00, 0x05, 0x70, 0x00, 0x09, 0x06, 0x07, 0x06, 0x09, 0x70, 0x0c, 0x01, 0x0b, 
	0x0a, 0x01, 0x06, 0x09, 0x0b, 0x06, 0x65, 0x00, 0x03, 0x03, 0x04, 0x5d, 0x00, 0x04, 0x04, 0x49, 
	0x4b, 0x00, 0x01, 0x01, 0x00, 0x5d, 0x02, 0x01, 0x00, 0x00, 0x4c, 0x4b, 0x00, 0x07, 0x07, 0x08, 
	0x5d, 0x00, 0x08, 0x08, 0x4a, 0x08, 0x4c, 0x1b, 0x40, 0x3a, 0x00, 0x05, 0x03, 0x00, 0x03, 0x05, 
	0x00, 0x7e, 0x00, 0x09, 0x06, 0x07, 0x06, 0x09, 0x07, 0x7e, 0x0c, 0x01, 0x0b, 0x0a, 0x01, 0x06, 
	0x09, 0x0b, 0x06, 0x65, 0x00, 0x03, 0x03, 0x04, 0x5d, 0x00, 0x04, 0x04, 0x49, 0x4b, 0x00, 0x01, 
	0x01, 0x00, 0x5d, 0x02, 0x01, 0x00, 0x00, 0x4c, 0x4b, 0x00, 0x07, 0x07, 0x08, 0x5d, 0x00, 0x08, 
	0x08, 0x4a, 0x08, 0x4c, 0x59, 0x40, 0x16, 0x0c, 0x0c, 0x0c, 0x17, 0x0c, 0x17, 0x16, 0x15, 0x14, 
	0x13, 0x11, 0x11, 0x12, 0x11, 0x11, 0x11, 0x11, 0x11, 0x10, 0x0d, 0x09, 0x1d, 0x2b, 0x01, 0x33, 
	0x15, 0x21, 0x35, 0x21, 0x35, 0x21, 0x35, 0x21, 0x15, 0x33, 0x13, 0x15, 0x21, 0x15, 0x21, 0x15, 
	0x21, 0x35, 0x23, 0x35, 0x23, 0x35, 0x02, 0xee, 0x7d, 0xfc, 0x95, 0x01, 0xf4, 0xfe, 0x89, 0x01, 
	0xf4, 0x7d, 0x7d, 0xfe, 0x0c, 0x01, 0x77, 0xfe, 0x0c, 0x7d, 0x7d, 0x02, 0xee, 0x7d, 0x7d, 0x7d, 
	0x7d, 0x7d, 0xfe, 0x89, 0x7d, 0x7d, 0x7d, 0x7d, 0x7d, 0x7d, 0x00, 0x00, 0x00, 0x02, 0x00, 0x00, 
	0x00, 0x7d, 0x03, 0xe8, 0x03, 0xe8, 0x00, 0x15, 0x00, 0x19, 0x00, 0x48, 0x40, 0x45, 0x0d, 0x01, 
	0x0a, 0x00, 0x00, 0x08, 0x0a, 0x00, 0x65, 0x0c, 0x01, 0x08, 0x07, 0x01, 0x01, 0x02, 0x08, 0x01, 
	0x65, 0x06, 0x01, 0x02, 0x05, 0x01, 0x03, 0x04, 0x02, 0x03, 0x65, 0x00, 0x0b, 0x0b, 0x09, 0x5d, 
	0x00, 0x09, 0x09, 0x49, 0x4b, 0x00, 0x04, 0x04, 0x4a, 0x04, 0x4c, 0x00, 0x00, 0x19, 0x18, 0x17, 
	0x16, 0x00, 0x15, 0x00, 0x15, 0x14, 0x13, 0x11, 0x11, 0x11, 0x11, 0x11, 0x11, 0x11, 0x11, 0x11, 
	0x0e, 0x09, 0x1d, 0x2b, 0x01, 0x15, 0x23, 0x15, 0x21, 0x15, 0x33, 0x15, 0x23, 0x15, 0x23, 0x35, 
	0x23, 0x35, 0x33, 0x35, 0x23, 0x35, 0x33, 0x11, 0x21, 0x15, 0x23, 0x21, 0x15, 0x21, 0x03, 0xe8, 
	0x7d, 0xfe, 0x0c, 0xfa, 0xfa, 0xfa, 0x7d, 0x7d, 0x7d, 0x7d, 0x02, 0xee, 0x7d, 0xfe, 0x89, 0x01, 
	0x77, 0x03, 0x6b, 0xfa, 0x7d, 0x7d, 0x7d, 0x7d, 0x7d, 0x7d, 0x7d, 0x7d, 0x01, 0x77, 0x7d, 0xfa, 
	0x00, 0x01, 0x00, 0x00, 0x00, 0x7d, 0x03, 0x6b, 0x03, 0xe8, 0x00, 0x17, 0x00, 0x43, 0x40, 0x40, 
	0x05, 0x01, 0x03, 0x00, 0x06, 0x02, 0x03, 0x06, 0x65, 0x08, 0x01, 0x02, 0x09, 0x01, 0x01, 0x00, 
	0x02, 0x01, 0x65, 0x00, 0x07, 0x07, 0x04, 0x5d, 0x00, 0x04, 0x04, 0x49, 0x4b, 0x0a, 0x01, 0x00, 
	0x00, 0x0b, 0x5e, 0x0c, 0x01, 0x0b, 0x0b, 0x4a, 0x0b, 0x4c, 0x00, 0x00, 0x00, 0x17, 0x00, 0x17, 
	0x16, 0x15, 0x14, 0x13, 0x11, 0x11, 0x11, 0x11, 0x11, 0x11, 0x11, 0x11, 0x11, 0x0d, 0x09, 0x1d, 
	0x2b, 0x35, 0x35, 0x33, 0x35, 0x23, 0x35, 0x33, 0x35, 0x33, 0x35, 0x21, 0x15, 0x33, 0x15, 0x23, 
	0x35, 0x23, 0x15, 0x21, 0x15, 0x21, 0x15, 0x21, 0x15, 0x7d, 0x7d, 0x7d, 0x7d, 0x01, 0xf4, 0x7d, 
	0xfa, 0xfa, 0x01, 0x77, 0xfe, 0x89, 0x01, 0xf4, 0x7d, 0x7d, 0xfa, 0x7d, 0xfa, 0x7d, 0x7d, 0x7d, 
	0x7d, 0xfa, 0x7d, 0xfa, 0x7d, 0x00, 0x00, 0x00, 0x00, 0x02, 0x00, 0x7d, 0x00, 0x7d, 0x03, 0x6b, 
	0x03, 0xe8, 0x00, 0x03, 0x00, 0x0b, 0x00, 0x36, 0x40, 0x33, 0x06, 0x01, 0x01, 0x01, 0x00, 0x5d, 
	0x00, 0x00, 0x00, 0x49, 0x4b, 0x04, 0x01, 0x02, 0x02, 0x03, 0x5d, 0x00, 0x03, 0x03, 0x4c, 0x4b, 
	0x07, 0x01, 0x05, 0x05, 0x4a, 0x05, 0x4c, 0x04, 0x04, 0x00, 0x00, 0x04, 0x0b, 0x04, 0x0b, 0x0a, 
	0x09, 0x08, 0x07, 0x06, 0x05, 0x00, 0x03, 0x00, 0x03, 0x11, 0x08, 0x09, 0x15, 0x2b, 0x13, 0x35, 
	0x21, 0x15, 0x01, 0x11, 0x23, 0x35, 0x21, 0x15, 0x23, 0x11, 0x7d, 0x02, 0xee, 0xfe, 0x0c, 0xfa, 
	0x02, 0xee, 0xfa, 0x03, 0x6b, 0x7d, 0x7d, 0xfd, 0x12, 0x01, 0xf4, 0x7d, 0x7d, 0xfe, 0x0c, 0x00, 
	0x00, 0x01, 0x00, 0x7d, 0x00, 0x7d, 0x03, 0x6b, 0x03, 0xe8, 0x00, 0x17, 0x00, 0x4d, 0x40, 0x4a, 
	0x00, 0x09, 0x00, 0x08, 0x03, 0x09, 0x08, 0x65, 0x00, 0x03, 0x00, 0x04, 0x07, 0x03, 0x04, 0x65, 
	0x00, 0x07, 0x00, 0x06, 0x05, 0x07, 0x06, 0x65, 0x0a, 0x01, 0x00, 0x00, 0x0b, 0x5d, 0x0c, 0x01, 
	0x0b, 0x0b, 0x49, 0x4b, 0x00, 0x02, 0x02, 0x01, 0x5d, 0x00, 0x01, 0x01, 0x4c, 0x4b, 0x00, 0x05, 
	0x05, 0x4a, 0x05, 0x4c, 0x00, 0x00, 0x00, 0x17, 0x00, 0x17, 0x16, 0x15, 0x14, 0x13, 0x11, 0x11, 
	0x11, 0x11, 0x11, 0x11, 0x11, 0x11, 0x11, 0x0d, 0x09, 0x1d, 0x2b, 0x01, 0x15, 0x23, 0x15, 0x33, 
	0x15, 0x23, 0x15, 0x33, 0x15, 0x23, 0x15, 0x23, 0x35, 0x23, 0x35, 0x33, 0x35, 0x23, 0x35, 0x33, 
	0x35, 0x23, 0x35, 0x03, 0x6b, 0xfa, 0x7d, 0x7d, 0x7d, 0x7d, 0xfa, 0x7d, 0x7d, 0x7d, 0x7d, 0xfa, 
	0x03, 0xe8, 0x7d, 0x7d, 0x7d, 0x7d, 0x7d, 0xfa, 0x7d, 0x7d, 0x7d, 0x7d, 0xfa, 0x7d, 0x00, 0x00, 
	0x00, 0x01, 0x00, 0x7d, 0x00, 0x7d, 0x03, 0x6b, 0x03, 0xe8, 0x00, 0x1b, 0x00, 0x49, 0x40, 0x46, 
	0x09, 0x01, 0x03, 0x0a, 0x01, 0x02, 0x01, 0x03, 0x02, 0x65, 0x0b, 0x01, 0x01, 0x0c, 0x01, 0x00, 
	0x0d, 0x01, 0x00, 0x65, 0x08, 0x01, 0x04, 0x04, 0x05, 0x5d, 0x07, 0x01, 0x05, 0x05, 0x49, 0x4b, 
	0x00, 0x06, 0x06, 0x4c, 0x4b, 0x0e, 0x01, 0x0d, 0x0d, 0x4a, 0x0d, 0x4c, 0x00, 0x00, 0x00, 0x1b, 
	0x00, 0x1b, 0x1a, 0x19, 0x18, 0x17, 0x16, 0x15, 0x14, 0x13, 0x11, 0x11, 0x11, 0x11, 0x11, 0x11, 
	0x11, 0x11, 0x11, 0x0f, 0x09, 0x1d, 0x2b, 0x25, 0x35, 0x23, 0x35, 0x33, 0x35, 0x23, 0x35, 0x33, 
	0x35, 0x23, 0x35, 0x33, 0x15, 0x33, 0x35, 0x33, 0x15, 0x23, 0x15, 0x33, 0x15, 0x23, 0x15, 0x33, 
	0x15, 0x23, 0x15, 0x01, 0x77, 0xfa, 0xfa, 0xfa, 0x7d, 0x7d, 0xfa, 0xfa, 0xfa, 0x7d, 0x7d, 0xfa, 
	0xfa, 0xfa, 0x7d, 0x7d, 0x7d, 0x7d, 0x7d, 0x7d, 0xfa, 0xfa, 0xfa, 0xfa, 0x7d, 0x7d, 0x7d, 0x7d, 
	0x7d, 0x00, 0x00, 0x00, 0xff, 0xff, 0x00, 0x00, 0x00, 0x7d, 0x03, 0x6b, 0x03, 0xe8, 0x00, 0x02, 
	0x02, 0x19, 0x00, 0x00, 0x00, 0x01, 0x00, 0x7d, 0x00, 0xfa, 0x03, 0x6b, 0x03, 0x6b, 0x00, 0x0b, 
	0x00, 0x2c, 0x40, 0x29, 0x00, 0x02, 0x01, 0x05, 0x02, 0x55, 0x03, 0x01, 0x01, 0x04, 0x01, 0x00, 
	0x05, 0x01, 0x00, 0x65, 0x00, 0x02, 0x02, 0x05, 0x5d, 0x06, 0x01, 0x05, 0x02, 0x05, 0x4d, 0x00, 
	0x00, 0x00, 0x0b, 0x00, 0x0b, 0x11, 0x11, 0x11, 0x11, 0x11, 0x07, 0x09, 0x19, 0x2b, 0x25, 0x35, 
	0x23, 0x35, 0x33, 0x35, 0x33, 0x15, 0x33, 0x15, 0x23, 0x15, 0x01, 0x77, 0xfa, 0xfa, 0xfa, 0xfa, 
	0xfa, 0xfa, 0xfa, 0x7d, 0xfa, 0xfa, 0x7d, 0xfa, 0x00, 0x09, 0x00, 0x7d, 0x00, 0xfa, 0x02, 0xee, 
	0x03, 0x6b, 0x00, 0x03, 0x00, 0x07, 0x00, 0x0b, 0x00, 0x0f, 0x00, 0x13, 0x00, 0x17, 0x00, 0x1b, 
	0x00, 0x1f, 0x00, 0x23, 0x00, 0x74, 0x40, 0x71, 0x13, 0x03, 0x12, 0x03, 0x01, 0x02, 0x01, 0x00, 
	0x05, 0x01, 0x00, 0x65, 0x00, 0x08, 0x00, 0x09, 0x0a, 0x08, 0x09, 0x65, 0x0c, 0x01, 0x0a, 0x15, 
	0x0d, 0x02, 0x0b, 0x0e, 0x0a, 0x0b, 0x65, 0x10, 0x01, 0x0e, 0x16, 0x11, 0x02, 0x0f, 0x0e, 0x0f, 
	0x61, 0x07, 0x01, 0x04, 0x04, 0x05, 0x5d, 0x06, 0x14, 0x02, 0x05, 0x05, 0x4c, 0x04, 0x4c, 0x20, 
	0x20, 0x18, 0x18, 0x08, 0x08, 0x04, 0x04, 0x00, 0x00, 0x20, 0x23, 0x20, 0x23, 0x22, 0x21, 0x1f, 
	0x1e, 0x1d, 0x1c, 0x18, 0x1b, 0x18, 0x1b, 0x1a, 0x19, 0x17, 0x16, 0x15, 0x14, 0x13, 0x12, 0x11, 
	0x10, 0x0f, 0x0e, 0x0d, 0x0c, 0x08, 0x0b, 0x08, 0x0b, 0x0a, 0x09, 0x04, 0x07, 0x04, 0x07, 0x06, 
	0x05, 0x00, 0x03, 0x00, 0x03, 0x11, 0x17, 0x09, 0x15, 0x2b, 0x13, 0x15, 0x23, 0x35, 0x21, 0x15, 
	0x23, 0x35, 0x07, 0x15, 0x23, 0x35, 0x33, 0x33, 0x15, 0x23, 0x23, 0x33, 0x15, 0x23, 0x23, 0x33, 
	0x15, 0x23, 0x33, 0x35, 0x33, 0x15, 0x21, 0x33, 0x15, 0x23, 0x21, 0x35, 0x33, 0x15, 0xfa, 0x7d, 
	0x02, 0x71, 0x7d, 0xfa, 0x7d, 0xfa, 0x7d, 0x7d, 0x7d, 0x7d, 0x7d, 0x7d, 0x7d, 0x7d, 0xfa, 0x7d, 
	0xfe, 0x0c, 0x7d, 0x7d, 0x01, 0xf4, 0x7d, 0x03, 0x6b, 0x7d, 0x7d, 0x7d, 0x7d, 0x7d, 0x7d, 0x7d, 
	0x7d, 0x7d, 0x7d, 0x7d, 0x7d, 0x7d, 0x7d, 0x7d, 0x00, 0x03, 0x00, 0x7d, 0x00, 0xfa, 0x03, 0x6b, 
	0x03, 0x6b, 0x00, 0x03, 0x00, 0x07, 0x00, 0x0b, 0x00, 0x40, 0x40, 0x3d, 0x00, 0x00, 0x06, 0x01, 
	0x01, 0x02, 0x00, 0x01, 0x65, 0x00, 0x02, 0x07, 0x01, 0x03, 0x04, 0x02, 0x03, 0x65, 0x00, 0x04, 
	0x05, 0x05, 0x04, 0x55, 0x00, 0x04, 0x04, 0x05, 0x5d, 0x08, 0x01, 0x05, 0x04, 0x05, 0x4d, 0x08, 
	0x08, 0x04, 0x04, 0x00, 0x00, 0x08, 0x0b, 0x08, 0x0b, 0x0a, 0x09, 0x04, 0x07, 0x04, 0x07, 0x06, 
	0x05, 0x00, 0x03, 0x00, 0x03, 0x11, 0x09, 0x09, 0x15, 0x2b, 0x01, 0x35, 0x33, 0x15, 0x05, 0x35, 
	0x21, 0x15, 0x05, 0x35, 0x33, 0x15, 0x01, 0x77, 0xfa, 0xfe, 0x0c, 0x02, 0xee, 0xfe, 0x0c, 0xfa, 
	0x02, 0xee, 0x7d, 0x7d, 0xfa, 0x7d, 0x7d, 0xfa, 0x7d, 0x7d, 0x00, 0x00, 0x00, 0x02, 0x00, 0x00, 
	0x01, 0x77, 0x03, 0x6b, 0x02, 0xee, 0x00, 0x03, 0x00, 0x07, 0x00, 0x29, 0x40, 0x26, 0x00, 0x02, 
	0x05, 0x01, 0x03, 0x02, 0x03, 0x61, 0x04, 0x01, 0x01, 0x01, 0x00, 0x5d, 0x00, 0x00, 0x00, 0x4c, 
	0x01, 0x4c, 0x04, 0x04, 0x00, 0x00, 0x04, 0x07, 0x04, 0x07, 0x06, 0x05, 0x00, 0x03, 0x00, 0x03, 
	0x11, 0x06, 0x09, 0x15, 0x2b, 0x11, 0x35, 0x21, 0x15, 0x05, 0x35, 0x21, 0x15, 0x03, 0x6b, 0xfc, 
	0x95, 0x03, 0x6b, 0x02, 0x71, 0x7d, 0x7d, 0xfa, 0x7d, 0x7d, 0x00, 0x00, 0x00, 0x03, 0x00, 0x00, 
	0x00, 0x7d, 0x03, 0x6b, 0x03, 0xe8, 0x00, 0x03, 0x00, 0x17, 0x00, 0x1b, 0x00, 0x0a, 0xb7, 0x1a, 
	0x18, 0x0e, 0x04, 0x01, 0x00, 0x03, 0x30, 0x2b, 0x01, 0x15, 0x23, 0x35, 0x07, 0x33, 0x15, 0x33, 
	0x15, 0x21, 0x15, 0x21, 0x15, 0x21, 0x15, 0x23, 0x35, 0x23, 0x35, 0x21, 0x35, 0x21, 0x35, 0x21, 
	0x01, 0x33, 0x15, 0x23, 0x03, 0x6b, 0x7d, 0x7d, 0x7d, 0x7d, 0xfe, 0x89, 0x01, 0x77, 0xfd, 0x8f, 
	0x7d, 0x7d, 0x01, 0x77, 0xfe, 0x89, 0x02, 0x71, 0xfd, 0x8f, 0x7d, 0x7d, 0x03, 0xe8, 0x7d, 0x7d, 
	0x7d, 0x7d, 0x7d, 0x7d, 0x7d, 0x7d, 0x7d, 0x7d, 0x7d, 0x7d, 0xfe, 0x0c, 0x7d, 0x00, 0x00, 0x00, 
	0x00, 0x01, 0x00, 0x7d, 0x00, 0x7d, 0x02, 0xee, 0x03, 0xe8, 0x00, 0x1b, 0x00, 0xb6, 0x4b, 0xb0, 
	0x0a, 0x50, 0x58, 0x40, 0x46, 0x00, 0x04, 0x07, 0x08, 0x05, 0x04, 0x70, 0x00, 0x01, 0x0b, 0x0c, 
	0x00, 0x01, 0x70, 0x00, 0x07, 0x00, 0x03, 0x09, 0x07, 0x03, 0x65, 0x00, 0x09, 0x00, 0x0a, 0x02, 
	0x09, 0x0a, 0x65, 0x00, 0x02, 0x00, 0x0c, 0x00, 0x02, 0x0c, 0x65, 0x00, 0x05, 0x05, 0x06, 0x5d, 
	0x00, 0x06, 0x06, 0x49, 0x4b, 0x00, 0x0b, 0x0b, 0x08, 0x5d, 0x00, 0x08, 0x08, 0x4c, 0x4b, 0x00, 
	0x00, 0x00, 0x0d, 0x5e, 0x0e, 0x01, 0x0d, 0x0d, 0x4a, 0x0d, 0x4c, 0x1b, 0x40, 0x48, 0x00, 0x04, 
	0x07, 0x08, 0x07, 0x04, 0x08, 0x7e, 0x00, 0x01, 0x0b, 0x0c, 0x0b, 0x01, 0x0c, 0x7e, 0x00, 0x07, 
	0x00, 0x03, 0x09, 0x07, 0x03, 0x65, 0x00, 0x09, 0x00, 0x0a, 0x02, 0x09, 0x0a, 0x65, 0x00, 0x02, 
	0x00, 0x0c, 0x00, 0x02, 0x0c, 0x65, 0x00, 0x05, 0x05, 0x06, 0x5d, 0x00, 0x06, 0x06, 0x49, 0x4b, 
	0x00, 0x0b, 0x0b, 0x08, 0x5d, 0x00, 0x08, 0x08, 0x4c, 0x4b, 0x00, 0x00, 0x00, 0x0d, 0x5e, 0x0e, 
	0x01, 0x0d, 0x0d, 0x4a, 0x0d, 0x4c, 0x59, 0x40, 0x1a, 0x00, 0x00, 0x00, 0x1b, 0x00, 0x1b, 0x1a, 
	0x19, 0x18, 0x17, 0x16, 0x15, 0x14, 0x13, 0x11, 0x11, 0x11, 0x11, 0x11, 0x11, 0x11, 0x11, 0x11, 
	0x0f, 0x09, 0x1d, 0x2b, 0x37, 0x35, 0x33, 0x35, 0x33, 0x35, 0x33, 0x35, 0x23, 0x35, 0x23, 0x35, 
	0x23, 0x35, 0x33, 0x15, 0x33, 0x15, 0x33, 0x15, 0x33, 0x15, 0x23, 0x15, 0x23, 0x15, 0x23, 0x15, 
	0x7d, 0x7d, 0x7d, 0x7d, 0x7d, 0x7d, 0x7d, 0xfa, 0x7d, 0x7d, 0x7d, 0x7d, 0x7d, 0x7d, 0x7d, 0x7d, 
	0x7d, 0x7d, 0x7d, 0x7d, 0x7d, 0x7d, 0x7d, 0x7d, 0x7d, 0x7d, 0x7d, 0x7d, 0x7d, 0x00, 0x00, 0x00, 
	0x00, 0x01, 0x00, 0x7d, 0x00, 0x7d, 0x02, 0xee, 0x03, 0xe8, 0x00, 0x1b, 0x00, 0xb6, 0x4b, 0xb0, 
	0x0a, 0x50, 0x58, 0x40, 0x46, 0x00, 0x08, 0x05, 0x04, 0x07, 0x08, 0x70, 0x00, 0x0b, 0x01, 0x00, 
	0x0c, 0x0b, 0x70, 0x00, 0x05, 0x00, 0x09, 0x03, 0x05, 0x09, 0x65, 0x00, 0x03, 0x00, 0x02, 0x0a, 
	0x03, 0x02, 0x65, 0x00, 0x0a, 0x00, 0x00, 0x0c, 0x0a, 0x00, 0x65, 0x00, 0x07, 0x07, 0x06, 0x5d, 
	0x00, 0x06, 0x06, 0x49, 0x4b, 0x00, 0x01, 0x01, 0x04, 0x5d, 0x00, 0x04, 0x04, 0x4c, 0x4b, 0x00, 
	0x0c, 0x0c, 0x0d, 0x5e, 0x0e, 0x01, 0x0d, 0x0d, 0x4a, 0x0d, 0x4c, 0x1b, 0x40, 0x48, 0x00, 0x08, 
	0x05, 0x04, 0x05, 0x08, 0x04, 0x7e, 0x00, 0x0b, 0x01, 0x00, 0x01, 0x0b, 0x00, 0x7e, 0x00, 0x05, 
	0x00, 0x09, 0x03, 0x05, 0x09, 0x65, 0x00, 0x03, 0x00, 0x02, 0x0a, 0x03, 0x02, 0x65, 0x00, 0x0a, 
	0x00, 0x00, 0x0c, 0x0a, 0x00, 0x65, 0x00, 0x07, 0x07, 0x06, 0x5d, 0x00, 0x06, 0x06, 0x49, 0x4b, 
	0x00, 0x01, 0x01, 0x04, 0x5d, 0x00, 0x04, 0x04, 0x4c, 0x4b, 0x00, 0x0c, 0x0c, 0x0d, 0x5e, 0x0e, 
	0x01, 0x0d, 0x0d, 0x4a, 0x0d, 0x4c, 0x59, 0x40, 0x1a, 0x00, 0x00, 0x00, 0x1b, 0x00, 0x1b, 0x1a, 
	0x19, 0x18, 0x17, 0x16, 0x15, 0x14, 0x13, 0x11, 0x11, 0x11, 0x11, 0x11, 0x11, 0x11, 0x11, 0x11, 
	0x0f, 0x09, 0x1d, 0x2b, 0x25, 0x35, 0x23, 0x35, 0x23, 0x35, 0x23, 0x35, 0x33, 0x35, 0x33, 0x35, 
	0x33, 0x35, 0x33, 0x15, 0x23, 0x15, 0x23, 0x15, 0x23, 0x15, 0x33, 0x15, 0x33, 0x15, 0x33, 0x15, 
	0x01, 0xf4, 0x7d, 0x7d, 0x7d, 0x7d, 0x7d, 0x7d, 0xfa, 0x7d, 0x7d, 0x7d, 0x7d, 0x7d, 0x7d, 0x7d, 
	0x7d, 0x7d, 0x7d, 0x7d, 0x7d, 0x7d, 0x7d, 0x7d, 0x7d, 0x7d, 0x7d, 0x7d, 0x7d, 0x7d, 0x00, 0x00, 
	0x00, 0x02, 0x00, 0xfa, 0x00, 0x7d, 0x02, 0xee, 0x03, 0xe8, 0x00, 0x13, 0x00, 0x17, 0x00, 0x08, 
	0xb5, 0x15, 0x14, 0x09, 0x00, 0x02, 0x30, 0x2b, 0x13, 0x35, 0x33, 0x35, 0x33, 0x35, 0x23, 0x35, 
	0x23, 0x35, 0x33, 0x15, 0x33, 0x15, 0x33, 0x15, 0x23, 0x15, 0x23, 0x15, 0x07, 0x35, 0x21, 0x15, 
	0xfa, 0x7d, 0x7d, 0x7d, 0x7d, 0xfa, 0x7d, 0x7d, 0x7d, 0x7d, 0xfa, 0x01, 0xf4, 0x01, 0x77, 0x7d, 
	0x7d, 0x7d, 0x7d, 0x7d, 0x7d, 0x7d, 0x7d, 0x7d, 0x7d, 0xfa, 0x7d, 0x7d, 0x00, 0x02, 0x00, 0xfa, 
	0x00, 0x7d, 0x02, 0xee, 0x03, 0xe8, 0x00, 0x13, 0x00, 0x17, 0x00, 0x08, 0xb5, 0x15, 0x14, 0x09, 
	0x00, 0x02, 0x30, 0x2b, 0x01, 0x35, 0x23, 0x35, 0x23, 0x35, 0x33, 0x35, 0x33, 0x35, 0x33, 0x15, 
	0x23, 0x15, 0x23, 0x15, 0x33, 0x15, 0x33, 0x15, 0x05, 0x35, 0x21, 0x15, 0x01, 0xf4, 0x7d, 0x7d, 
	0x7d, 0x7d, 0xfa, 0x7d, 0x7d, 0x7d, 0x7d, 0xfe, 0x0c, 0x01, 0xf4, 0x01, 0x77, 0x7d, 0x7d, 0x7d, 
	0x7d, 0x7d, 0x7d, 0x7d, 0x7d, 0x7d, 0x7d, 0xfa, 0x7d, 0x7d, 0x00, 0x00, 0x00, 0x02, 0x00, 0x7d, 
	0x00, 0x7d, 0x03, 0x6b, 0x03, 0xe8, 0x00, 0x0b, 0x00, 0x0f, 0x00, 0x3c, 0x40, 0x39, 0x04, 0x01, 
	0x00, 0x00, 0x01, 0x5d, 0x03, 0x01, 0x01, 0x01, 0x4c, 0x4b, 0x08, 0x01, 0x05, 0x05, 0x02, 0x5d, 
	0x00, 0x02, 0x02, 0x49, 0x4b, 0x00, 0x06, 0x06, 0x07, 0x5d, 0x09, 0x01, 0x07, 0x07, 0x4a, 0x07, 
	0x4c, 0x0c, 0x0c, 0x00, 0x00, 0x0c, 0x0f, 0x0c, 0x0f, 0x0e, 0x0d, 0x00, 0x0b, 0x00, 0x0b, 0x11, 
	0x11, 0x11, 0x11, 0x11, 0x0a, 0x09, 0x19, 0x2b, 0x01, 0x35, 0x23, 0x35, 0x33, 0x35, 0x33, 0x15, 
	0x33, 0x15, 0x23, 0x15, 0x05, 0x35, 0x21, 0x15, 0x01, 0x77, 0xfa, 0xfa, 0xfa, 0xfa, 0xfa, 0xfe, 
	0x0c, 0x02, 0xee, 0x01, 0x77, 0xfa, 0x7d, 0xfa, 0xfa, 0x7d, 0xfa, 0xfa, 0x7d, 0x7d, 0x00, 0x00, 
	0x00, 0x08, 0x00, 0x00, 0x00, 0xfa, 0x02, 0xee, 0x03, 0x6b, 0x00, 0x03, 0x00, 0x07, 0x00, 0x0b, 
	0x00, 0x0f, 0x00, 0x13, 0x00, 0x17, 0x00, 0x1b, 0x00, 0x1f, 0x00, 0x15, 0x40, 0x12, 0x1e, 0x1c, 
	0x1a, 0x18, 0x16, 0x14, 0x11, 0x10, 0x0e, 0x0c, 0x0a, 0x08, 0x05, 0x04, 0x01, 0x00, 0x08, 0x30, 
	0x2b, 0x01, 0x15, 0x23, 0x35, 0x21, 0x15, 0x23, 0x35, 0x05, 0x33, 0x15, 0x23, 0x25, 0x33, 0x15, 
	0x23, 0x15, 0x15, 0x23, 0x35, 0x21, 0x33, 0x15, 0x23, 0x21, 0x33, 0x15, 0x23, 0x25, 0x33, 0x15, 
	0x23, 0x01, 0x77, 0xfa, 0x02, 0x71, 0x7d, 0xfd, 0x8f, 0x7d, 0x7d, 0x01, 0x77, 0xfa, 0xfa, 0xfa, 
	0x01, 0xf4, 0x7d, 0x7d, 0xfd, 0x8f, 0x7d, 0x7d, 0x01, 0x77, 0xfa, 0xfa, 0x03, 0x6b, 0x7d, 0x7d, 
	0x7d, 0x7d, 0x7d, 0x7d, 0x7d, 0x7d, 0x7d, 0x7d, 0x7d, 0x7d, 0x7d, 0x7d, 0x7d, 0x00, 0x00, 0x00, 
	0x00, 0x03, 0x00, 0x00, 0x01, 0x77, 0x03, 0x6b, 0x02, 0xee, 0x00, 0x0b, 0x00, 0x0f, 0x00, 0x13, 
	0x00, 0x42, 0xb1, 0x06, 0x64, 0x44, 0x40, 0x37, 0x00, 0x04, 0x00, 0x03, 0x05, 0x04, 0x03, 0x65, 
	0x0a, 0x09, 0x06, 0x03, 0x05, 0x08, 0x07, 0x02, 0x02, 0x00, 0x05, 0x02, 0x65, 0x00, 0x00, 0x01, 
	0x01, 0x00, 0x55, 0x00, 0x00, 0x00, 0x01, 0x5e, 0x00, 0x01, 0x00, 0x01, 0x4e, 0x10, 0x10, 0x10, 
	0x13, 0x10, 0x13, 0x12, 0x11, 0x11, 0x11, 0x11, 0x11, 0x11, 0x11, 0x10, 0x0b, 0x09, 0x1d, 0x2b, 
	0xb1, 0x06, 0x00, 0x44, 0x01, 0x33, 0x15, 0x21, 0x35, 0x23, 0x35, 0x23, 0x35, 0x21, 0x15, 0x33, 
	0x21, 0x33, 0x15, 0x23, 0x25, 0x15, 0x23, 0x35, 0x02, 0x71, 0x7d, 0xfe, 0x89, 0x7d, 0x7d, 0x01, 
	0x77, 0x7d, 0xfd, 0x8f, 0x7d, 0x7d, 0x03, 0x6b, 0x7d, 0x01, 0xf4, 0x7d, 0x7d, 0x7d, 0x7d, 0x7d, 
	0x7d, 0x7d, 0x7d, 0x7d, 0x00, 0x01, 0x00, 0x7d, 0x01, 0x77, 0x03, 0x6b, 0x02, 0xee, 0x00, 0x05, 
	0x00, 0x1f, 0x40, 0x1c, 0x03, 0x01, 0x02, 0x00, 0x02, 0x84, 0x00, 0x00, 0x00, 0x01, 0x5d, 0x00, 
	0x01, 0x01, 0x4c, 0x00, 0x4c, 0x00, 0x00, 0x00, 0x05, 0x00, 0x05, 0x11, 0x11, 0x04, 0x09, 0x16, 
	0x2b, 0x01, 0x35, 0x21, 0x35, 0x21, 0x11, 0x02, 0x71, 0xfe, 0x0c, 0x02, 0xee, 0x01, 0x77, 0xfa, 
	0x7d, 0xfe, 0x89, 0x00, 0x00, 0x07, 0x00, 0x00, 0x00, 0xfa, 0x03, 0x6b, 0x02, 0xee, 0x00, 0x03, 
	0x00, 0x07, 0x00, 0x0b, 0x00, 0x0f, 0x00, 0x13, 0x00, 0x17, 0x00, 0x1b, 0x00, 0x13, 0x40, 0x10, 
	0x1a, 0x18, 0x16, 0x14, 0x11, 0x10, 0x0d, 0x0c, 0x09, 0x08, 0x06, 0x04, 0x02, 0x00, 0x07, 0x30, 
	0x2b, 0x01, 0x23, 0x35, 0x33, 0x05, 0x23, 0x35, 0x33, 0x05, 0x15, 0x23, 0x35, 0x21, 0x15, 0x23, 
	0x35, 0x21, 0x15, 0x23, 0x35, 0x05, 0x33, 0x15, 0x23, 0x25, 0x33, 0x15, 0x23, 0x01, 0x77, 0xfa, 
	0xfa, 0x01, 0x77, 0xfa, 0xfa, 0xfd, 0x8f, 0x7d, 0x01, 0xf4, 0x7d, 0x01, 0xf4, 0x7d, 0xfd, 0x8f, 
	0xfa, 0xfa, 0x01, 0x77, 0xfa, 0xfa, 0x02, 0x71, 0x7d, 0x7d, 0x7d, 0x7d, 0xfa, 0xfa, 0xfa, 0xfa, 
	0xfa, 0xfa, 0xfa, 0x7d, 0x7d, 0x7d, 0x00, 0x00, 0x00, 0x03, 0x00, 0x7d, 0x00, 0x00, 0x03, 0x6b, 
	0x03, 0xe8, 0x00, 0x0b, 0x00, 0x0f, 0x00, 0x13, 0x00, 0x0a, 0xb7, 0x11, 0x10, 0x0d, 0x0c, 0x05, 
	0x00, 0x03, 0x30, 0x2b, 0x01, 0x15, 0x23, 0x11, 0x23, 0x15, 0x23, 0x35, 0x33, 0x11, 0x33, 0x35, 
	0x05, 0x15, 0x23, 0x35, 0x01, 0x15, 0x23, 0x35, 0x02, 0xee, 0x7d, 0x7d, 0xfa, 0x7d, 0x7d, 0x01, 
	0x77, 0x7d, 0xfe, 0x0c, 0x7d, 0x03, 0xe8, 0x7d, 0xfd, 0x12, 0x7d, 0x7d, 0x02, 0xee, 0x7d, 0x7d, 
	0x7d, 0x7d, 0xfd, 0x8f, 0x7d, 0x7d, 0x00, 0x00, 0x00, 0x02, 0x00, 0x00, 0x00, 0x7d, 0x03, 0x6b, 
	0x03, 0xe8, 0x00, 0x0b, 0x00, 0x13, 0x00, 0x08, 0xb5, 0x10, 0x0c, 0x05, 0x00, 0x02, 0x30, 0x2b, 
	0x35, 0x11, 0x33, 0x35, 0x33, 0x35, 0x21, 0x15, 0x33, 0x15, 0x33, 0x11, 0x25, 0x21, 0x11, 0x23, 
	0x35, 0x23, 0x15, 0x23, 0x7d, 0x7d, 0x01, 0x77, 0x7d, 0x7d, 0xfd, 0x8f, 0x01, 0x77, 0x7d, 0x7d, 
	0x7d, 0x7d, 0x02, 0x71, 0x7d, 0x7d, 0x7d, 0x7d, 0xfd, 0x8f, 0x7d, 0x01, 0xf4, 0x7d, 0x7d, 0x00, 
	0x00, 0x01, 0x00, 0x00, 0x00, 0x7d, 0x03, 0x6b, 0x03, 0xe8, 0x00, 0x07, 0x00, 0x06, 0xb3, 0x01, 
	0x00, 0x01, 0x30, 0x2b, 0x35, 0x11, 0x21, 0x11, 0x23, 0x11, 0x21, 0x11, 0x03, 0x6b, 0xfa, 0xfe, 
	0x89, 0x7d, 0x03, 0x6b, 0xfc, 0x95, 0x02, 0xee, 0xfd, 0x12, 0x00, 0x00, 0x00, 0x01, 0x00, 0x00, 
	0x00, 0x7d, 0x03, 0x6b, 0x03, 0xe8, 0x00, 0x1f, 0x00, 0x06, 0xb3, 0x0d, 0x00, 0x01, 0x30, 0x2b, 
	0x35, 0x35, 0x33, 0x35, 0x33, 0x35, 0x33, 0x35, 0x23, 0x35, 0x23, 0x35, 0x23, 0x35, 0x21, 0x15, 
	0x23, 0x35, 0x23, 0x15, 0x33, 0x15, 0x33, 0x15, 0x23, 0x15, 0x23, 0x15, 0x33, 0x35, 0x33, 0x15, 
	0x7d, 0x7d, 0x7d, 0x7d, 0x7d, 0x7d, 0x03, 0x6b, 0xfa, 0xfa, 0x7d, 0xfa, 0xfa, 0x7d, 0xfa, 0xfa, 
	0x7d, 0x7d, 0x7d, 0x7d, 0x7d, 0x7d, 0x7d, 0x7d, 0xfa, 0x7d, 0x7d, 0x7d, 0x7d, 0x7d, 0x7d, 0x7d, 
	0xfa, 0x00, 0x00, 0x00, 0x00, 0x01, 0x00, 0x00, 0x00, 0x7d, 0x03, 0x6b, 0x03, 0xe8, 0x00, 0x0d, 
	0x00, 0x06, 0xb3, 0x09, 0x00, 0x01, 0x30, 0x2b, 0x37, 0x35, 0x23, 0x35, 0x23, 0x35, 0x33, 0x15, 
	0x33, 0x11, 0x21, 0x15, 0x23, 0x11, 0xfa, 0x7d, 0x7d, 0xfa, 0x7d, 0x01, 0xf4, 0xfa, 0x7d, 0x7d, 
	0x7d, 0x7d, 0x7d, 0x02, 0x71, 0x7d, 0xfd, 0x12, 0x00, 0x02, 0x00, 0x00, 0x00, 0x00, 0x03, 0x6b, 
	0x02, 0xee, 0x00, 0x07, 0x00, 0x0f, 0x00, 0x31, 0x40, 0x2e, 0x00, 0x05, 0x05, 0x03, 0x5d, 0x06, 
	0x01, 0x03, 0x03, 0x4c, 0x4b, 0x08, 0x07, 0x02, 0x00, 0x00, 0x01, 0x5d, 0x04, 0x01, 0x01, 0x01, 
	0x4a, 0x4b, 0x00, 0x02, 0x02, 0x4e, 0x02, 0x4c, 0x08, 0x08, 0x08, 0x0f, 0x08, 0x0f, 0x11, 0x11, 
	0x12, 0x11, 0x11, 0x11, 0x10, 0x09, 0x09, 0x1b, 0x2b, 0x37, 0x33, 0x15, 0x23, 0x15, 0x23, 0x11, 
	0x33, 0x01, 0x15, 0x23, 0x35, 0x23, 0x11, 0x33, 0x11, 0xfa, 0xfa, 0xfa, 0xfa, 0xfa, 0x02, 0x71, 
	0xfa, 0x7d, 0xfa, 0xfa, 0x7d, 0x7d, 0x02, 0xee, 0xfe, 0x0c, 0x7d, 0x7d, 0x01, 0xf4, 0xfe, 0x0c, 
	0x00, 0x02, 0x00, 0x00, 0x00, 0x7d, 0x03, 0x6b, 0x03, 0xe8, 0x00, 0x17, 0x00, 0x1b, 0x00, 0x08, 
	0xb5, 0x1a, 0x18, 0x0f, 0x00, 0x02, 0x30, 0x2b, 0x37, 0x35, 0x23, 0x35, 0x33, 0x35, 0x21, 0x35, 
	0x23, 0x35, 0x23, 0x15, 0x23, 0x35, 0x33, 0x35, 0x21, 0x15, 0x33, 0x15, 0x33, 0x11, 0x23, 0x15, 
	0x25, 0x21, 0x35, 0x21, 0x7d, 0x7d, 0x7d, 0x01, 0xf4, 0x7d, 0xfa, 0xfa, 0x7d, 0x01, 0xf4, 0x7d, 
	0x7d, 0x7d, 0xfe, 0x0c, 0x01, 0x77, 0xfe, 0x89, 0x7d, 0x7d, 0xfa, 0x7d, 0x7d, 0x7d, 0x7d, 0x7d, 
	0x7d, 0x7d, 0x7d, 0xfe, 0x0c, 0x7d, 0x7d, 0xfa, 0x00, 0x0b, 0x00, 0x00, 0x00, 0x7d, 0x03, 0x6b, 
	0x03, 0xe8, 0x00, 0x05, 0x00, 0x09, 0x00, 0x0f, 0x00, 0x13, 0x00, 0x17, 0x00, 0x1b, 0x00, 0x1f, 
	0x00, 0x25, 0x00, 0x29, 0x00, 0x2f, 0x00, 0x33, 0x00, 0x86, 0x40, 0x83, 0x08, 0x01, 0x06, 0x09, 
	0x01, 0x02, 0x07, 0x06, 0x02, 0x65, 0x00, 0x0c, 0x00, 0x0d, 0x0e, 0x0c, 0x0d, 0x65, 0x10, 0x01, 
	0x0e, 0x12, 0x01, 0x0f, 0x13, 0x0e, 0x0f, 0x65, 0x17, 0x01, 0x13, 0x14, 0x01, 0x11, 0x15, 0x13, 
	0x11, 0x65, 0x03, 0x01, 0x00, 0x00, 0x01, 0x5d, 0x1a, 0x04, 0x02, 0x01, 0x01, 0x49, 0x4b, 0x0b, 
	0x01, 0x05, 0x05, 0x07, 0x5d, 0x0a, 0x01, 0x07, 0x07, 0x4c, 0x4b, 0x18, 0x01, 0x15, 0x15, 0x16, 
	0x5e, 0x19, 0x01, 0x16, 0x16, 0x4a, 0x16, 0x4c, 0x06, 0x06, 0x33, 0x32, 0x31, 0x30, 0x2f, 0x2e, 
	0x2d, 0x2c, 0x2b, 0x2a, 0x29, 0x28, 0x27, 0x26, 0x25, 0x24, 0x23, 0x22, 0x21, 0x20, 0x1f, 0x1e, 
	0x1d, 0x1c, 0x1b, 0x1a, 0x19, 0x18, 0x17, 0x16, 0x15, 0x14, 0x13, 0x12, 0x11, 0x10, 0x0f, 0x0e, 
	0x0d, 0x0c, 0x0b, 0x0a, 0x06, 0x09, 0x06, 0x09, 0x12, 0x11, 0x11, 0x10, 0x1b, 0x09, 0x18, 0x2b, 
	0x13, 0x23, 0x35, 0x33, 0x15, 0x23, 0x25, 0x15, 0x23, 0x35, 0x01, 0x23, 0x35, 0x33, 0x15, 0x33, 
	0x25, 0x33, 0x15, 0x23, 0x23, 0x33, 0x15, 0x23, 0x23, 0x33, 0x15, 0x23, 0x23, 0x33, 0x15, 0x23, 
	0x25, 0x33, 0x15, 0x23, 0x35, 0x23, 0x21, 0x33, 0x15, 0x23, 0x21, 0x33, 0x15, 0x23, 0x35, 0x33, 
	0x05, 0x33, 0x15, 0x23, 0xfa, 0x7d, 0xfa, 0x7d, 0x02, 0x71, 0x7d, 0xfe, 0x0c, 0xfa, 0x7d, 0x7d, 
	0x01, 0x77, 0x7d, 0x7d, 0x7d, 0x7d, 0x7d, 0x7d, 0x7d, 0x7d, 0x7d, 0x7d, 0x7d, 0x01, 0x77, 0xfa, 
	0x7d, 0x7d, 0xfe, 0x0c, 0x7d, 0x7d, 0x01, 0xf4, 0x7d, 0xfa, 0x7d, 0xfd, 0x8f, 0x7d, 0x7d, 0x03, 
	0x6b, 0x7d, 0xfa, 0xfa, 0x7d, 0x7d, 0xfe, 0x89, 0xfa, 0x7d, 0x7d, 0x7d, 0x7d, 0x7d, 0x7d, 0x7d, 
	0xfa, 0x7d, 0x7d, 0x7d, 0xfa, 0x7d, 0x7d, 0x00, 0x00, 0x0a, 0x00, 0x00, 0x00, 0x7d, 0x03, 0xe8, 
	0x03, 0xe8, 0x00, 0x05, 0x00, 0x09, 0x00, 0x0f, 0x00, 0x13, 0x00, 0x17, 0x00, 0x1b, 0x00, 0x1f, 
	0x00, 0x2f, 0x00, 0x33, 0x00, 0x37, 0x00, 0x8c, 0x40, 0x89, 0x09, 0x01, 0x06, 0x08, 0x01, 0x02, 
	0x07, 0x06, 0x02, 0x65, 0x00, 0x0d, 0x00, 0x0c, 0x0f, 0x0d, 0x0c, 0x65, 0x1d, 0x17, 0x1c, 0x03, 
	0x0f, 0x16, 0x11, 0x02, 0x0e, 0x14, 0x0f, 0x0e, 0x65, 0x18, 0x01, 0x14, 0x19, 0x01, 0x10, 0x12, 
	0x14, 0x10, 0x65, 0x03, 0x01, 0x00, 0x00, 0x01, 0x5d, 0x04, 0x01, 0x01, 0x01, 0x49, 0x4b, 0x0a, 
	0x01, 0x05, 0x05, 0x07, 0x5d, 0x0b, 0x01, 0x07, 0x07, 0x4c, 0x4b, 0x1a, 0x15, 0x02, 0x12, 0x12, 
	0x13, 0x5e, 0x1b, 0x01, 0x13, 0x13, 0x4a, 0x13, 0x4c, 0x20, 0x20, 0x1c, 0x1c, 0x37, 0x36, 0x35, 
	0x34, 0x33, 0x32, 0x31, 0x30, 0x20, 0x2f, 0x20, 0x2f, 0x2e, 0x2d, 0x2c, 0x2b, 0x2a, 0x29, 0x28, 
	0x27, 0x26, 0x25, 0x24, 0x23, 0x22, 0x21, 0x1c, 0x1f, 0x1c, 0x1f, 0x1e, 0x1d, 0x1b, 0x1a, 0x19, 
	0x18, 0x17, 0x16, 0x15, 0x14, 0x13, 0x12, 0x11, 0x11, 0x11, 0x11, 0x11, 0x11, 0x11, 0x11, 0x10, 
	0x1e, 0x09, 0x1d, 0x2b, 0x13, 0x23, 0x35, 0x33, 0x15, 0x23, 0x25, 0x23, 0x35, 0x33, 0x01, 0x23, 
	0x35, 0x33, 0x15, 0x33, 0x21, 0x23, 0x35, 0x33, 0x07, 0x23, 0x35, 0x33, 0x07, 0x23, 0x35, 0x33, 
	0x07, 0x15, 0x23, 0x35, 0x21, 0x15, 0x23, 0x35, 0x23, 0x15, 0x33, 0x15, 0x21, 0x35, 0x33, 0x15, 
	0x33, 0x35, 0x23, 0x35, 0x05, 0x33, 0x15, 0x23, 0x23, 0x33, 0x15, 0x23, 0xfa, 0x7d, 0xfa, 0x7d, 
	0x02, 0x71, 0x7d, 0x7d, 0xfd, 0x8f, 0xfa, 0x7d, 0x7d, 0x01, 0xf4, 0x7d, 0x7d, 0x7d, 0x7d, 0x7d, 
	0x7d, 0x7d, 0x7d, 0x7d, 0x7d, 0x02, 0xee, 0x7d, 0x7d, 0x7d, 0xfe, 0x0c, 0x7d, 0x7d, 0x7d, 0xfe, 
	0x89, 0x7d, 0x7d, 0x7d, 0x7d, 0x7d, 0x03, 0x6b, 0x7d, 0xfa, 0x7d, 0x7d, 0xfe, 0x89, 0xfa, 0x7d, 
	0x7d, 0xfa, 0x7d, 0xfa, 0x7d, 0x7d, 0x7d, 0x7d, 0xfa, 0x7d, 0x7d, 0x7d, 0xfa, 0x7d, 0x7d, 0x7d, 
	0x7d, 0x7d, 0x7d, 0x00, 0x00, 0x01, 0x00, 0x00, 0x00, 0x00, 0x03, 0x6b, 0x03, 0xe8, 0x00, 0x13, 
	0x00, 0x06, 0xb3, 0x09, 0x00, 0x01, 0x30, 0x2b, 0x33, 0x11, 0x23, 0x35, 0x33, 0x35, 0x33, 0x35, 
	0x33, 0x35, 0x33, 0x15, 0x33, 0x15, 0x33, 0x15, 0x33, 0x15, 0x23, 0x11, 0xfa, 0xfa, 0x7d, 0x7d, 
	0x7d, 0x7d, 0x7d, 0x7d, 0x7d, 0xfa, 0x01, 0xf4, 0x7d, 0x7d, 0x7d, 0x7d, 0x7d, 0x7d, 0x7d, 0x7d, 
	0xfe, 0x0c, 0x00, 0x00, 0x00, 0x01, 0x00, 0x00, 0x00, 0x7d, 0x03, 0xe8, 0x03, 0xe8, 0x00, 0x13, 
	0x00, 0x06, 0xb3, 0x05, 0x00, 0x01, 0x30, 0x2b, 0x25, 0x35, 0x21, 0x11, 0x21, 0x35, 0x33, 0x15, 
	0x33, 0x15, 0x33, 0x15, 0x33, 0x15, 0x23, 0x15, 0x23, 0x15, 0x23, 0x15, 0x01, 0xf4, 0xfe, 0x0c, 
	0x01, 0xf4, 0x7d, 0x7d, 0x7d, 0x7d, 0x7d, 0x7d, 0x7d, 0x7d, 0xfa, 0x01, 0x77, 0xfa, 0x7d, 0x7d, 
	0x7d, 0x7d, 0x7d, 0x7d, 0x7d, 0x00, 0x00, 0x00, 0x00, 0x01, 0x00, 0x00, 0x00, 0x00, 0x03, 0x6b, 
	0x03, 0xe8, 0x00, 0x13, 0x00, 0x06, 0xb3, 0x09, 0x00, 0x01, 0x30, 0x2b, 0x21, 0x35, 0x23, 0x35, 
	0x23, 0x35, 0x23, 0x35, 0x33, 0x11, 0x21, 0x11, 0x33, 0x15, 0x23, 0x15, 0x23, 0x15, 0x23, 0x15, 
	0x01, 0x77, 0x7d, 0x7d, 0x7d, 0xfa, 0x01, 0x77, 0xfa, 0x7d, 0x7d, 0x7d, 0x7d, 0x7d, 0x7d, 0x7d, 
	0x01, 0xf4, 0xfe, 0x0c, 0x7d, 0x7d, 0x7d, 0x7d, 0x00, 0x01, 0x00, 0x00, 0x00, 0x7d, 0x03, 0xe8, 
	0x03, 0xe8, 0x00, 0x13, 0x00, 0x06, 0xb3, 0x0d, 0x00, 0x01, 0x30, 0x2b, 0x25, 0x35, 0x23, 0x35, 
	0x23, 0x35, 0x23, 0x35, 0x33, 0x35, 0x33, 0x35, 0x33, 0x35, 0x33, 0x15, 0x21, 0x11, 0x21, 0x15, 
	0x01, 0x77, 0x7d, 0x7d, 0x7d, 0x7d, 0x7d, 0x7d, 0x7d, 0x01, 0xf4, 0xfe, 0x0c, 0x7d, 0x7d, 0x7d, 
	0x7d, 0x7d, 0x7d, 0x7d, 0x7d, 0xfa, 0xfe, 0x89, 0xfa, 0x00, 0x00, 0x00, 0x00, 0x0c, 0x00, 0x00, 
	0x00, 0x7d, 0x03, 0x6b, 0x03, 0xe8, 0x00, 0x03, 0x00, 0x07, 0x00, 0x0b, 0x00, 0x0f, 0x00, 0x13, 
	0x00, 0x17, 0x00, 0x1b, 0x00, 0x1f, 0x00, 0x23, 0x00, 0x27, 0x00, 0x2b, 0x00, 0x2f, 0x00, 0x1d, 
	0x40, 0x1a, 0x2e, 0x2c, 0x2a, 0x28, 0x25, 0x24, 0x22, 0x20, 0x1d, 0x1c, 0x19, 0x18, 0x15, 0x14, 
	0x11, 0x10, 0x0e, 0x0c, 0x09, 0x08, 0x06, 0x04, 0x02, 0x00, 0x0c, 0x30, 0x2b, 0x01, 0x23, 0x35, 
	0x33, 0x07, 0x23, 0x35, 0x33, 0x17, 0x35, 0x33, 0x15, 0x05, 0x23, 0x35, 0x33, 0x05, 0x35, 0x33, 
	0x15, 0x21, 0x15, 0x23, 0x35, 0x21, 0x15, 0x23, 0x35, 0x05, 0x15, 0x23, 0x35, 0x21, 0x33, 0x15, 
	0x23, 0x23, 0x15, 0x23, 0x35, 0x33, 0x33, 0x15, 0x23, 0x23, 0x33, 0x15, 0x23, 0x01, 0xf4, 0x7d, 
	0x7d, 0x7d, 0x7d, 0x7d, 0x7d, 0x7d, 0xfe, 0x89, 0x7d, 0x7d, 0x01, 0x77, 0x7d, 0xfd, 0x8f, 0x7d, 
	0x03, 0x6b, 0x7d, 0xfe, 0x0c, 0x7d, 0x01, 0xf4, 0x7d, 0x7d, 0xfa, 0x7d, 0xfa, 0x7d, 0x7d, 0x7d, 
	0x7d, 0x7d, 0x03, 0x6b, 0x7d, 0xfa, 0x7d, 0x7d, 0x7d, 0x7d, 0x7d, 0x7d, 0x7d, 0x7d, 0x7d, 0x7d, 
	0x7d, 0x7d, 0x7d, 0x7d, 0x7d, 0x7d, 0x7d, 0x7d, 0x7d, 0x7d, 0x7d, 0x00, 0x00, 0x01, 0x00, 0x00, 
	0x00, 0x7d, 0x03, 0x6b, 0x03, 0xe8, 0x00, 0x0f, 0x00, 0x06, 0xb3, 0x07, 0x00, 0x01, 0x30, 0x2b, 
	0x35, 0x35, 0x33, 0x35, 0x33, 0x35, 0x33, 0x35, 0x33, 0x15, 0x33, 0x15, 0x33, 0x15, 0x33, 0x15, 
	0x7d, 0x7d, 0x7d, 0x7d, 0x7d, 0x7d, 0x7d, 0x7d, 0x7d, 0xfa, 0xfa, 0xfa, 0xfa, 0xfa, 0xfa, 0x7d, 
	0x00, 0x01, 0x00, 0x00, 0x00, 0x7d, 0x03, 0x6b, 0x03, 0xe8, 0x00, 0x0f, 0x00, 0x06, 0xb3, 0x01, 
	0x00, 0x01, 0x30, 0x2b, 0x35, 0x11, 0x33, 0x15, 0x33, 0x15, 0x33, 0x15, 0x33, 0x15, 0x23, 0x15, 
	0x23, 0x15, 0x23, 0x15, 0x7d, 0xfa, 0xfa, 0xfa, 0xfa, 0xfa, 0xfa, 0x7d, 0x03, 0x6b, 0x7d, 0x7d, 
	0x7d, 0x7d, 0x7d, 0x7d, 0x7d, 0x00, 0x00, 0x00, 0x00, 0x01, 0x00, 0x00, 0x00, 0x7d, 0x03, 0x6b, 
	0x03, 0xe8, 0x00, 0x0f, 0x00, 0x06, 0xb3, 0x07, 0x00, 0x01, 0x30, 0x2b, 0x25, 0x35, 0x23, 0x35, 
	0x23, 0x35, 0x23, 0x35, 0x21, 0x15, 0x23, 0x15, 0x23, 0x15, 0x23, 0x15, 0x01, 0x77, 0x7d, 0x7d, 
	0x7d, 0x03, 0x6b, 0x7d, 0x7d, 0x7d, 0x7d, 0xfa, 0xfa, 0xfa, 0x7d, 0x7d, 0xfa, 0xfa, 0xfa, 0x00, 
	0x00, 0x01, 0x00, 0x00, 0x00, 0x7d, 0x03, 0x6b, 0x03, 0xe8, 0x00, 0x0f, 0x00, 0x06, 0xb3, 0x0d, 
	0x00, 0x01, 0x30, 0x2b, 0x25, 0x35, 0x23, 0x35, 0x23, 0x35, 0x23, 0x35, 0x33, 0x35, 0x33, 0x35, 
	0x33, 0x35, 0x33, 0x11, 0x02, 0xee, 0xfa, 0xfa, 0xfa, 0xfa, 0xfa, 0xfa, 0x7d, 0x7d, 0x7d, 0x7d, 
	0x7d, 0x7d, 0x7d, 0x7d, 0x7d, 0xfc, 0x95, 0x00, 0x00, 0x01, 0x00, 0x00, 0x00, 0x7d, 0x03, 0x6b, 
	0x03, 0xe8, 0x00, 0x1b, 0x00, 0x06, 0xb3, 0x09, 0x00, 0x01, 0x30, 0x2b, 0x37, 0x35, 0x33, 0x35, 
	0x23, 0x35, 0x23, 0x35, 0x21, 0x35, 0x33, 0x15, 0x21, 0x15, 0x23, 0x15, 0x23, 0x15, 0x33, 0x15, 
	0x23, 0x35, 0x23, 0x35, 0x23, 0x15, 0x23, 0x15, 0x7d, 0x7d, 0x7d, 0x7d, 0x01, 0x77, 0x7d, 0x01, 
	0x77, 0x7d, 0x7d, 0x7d, 0x7d, 0x7d, 0x7d, 0x7d, 0x7d, 0xfa, 0x7d, 0x7d, 0x7d, 0xfa, 0xfa, 0x7d, 
	0x7d, 0x7d, 0xfa, 0x7d, 0x7d, 0x7d, 0x7d, 0x00, 0x00, 0x04, 0x00, 0x00, 0x00, 0x7d, 0x03, 0x6b, 
	0x03, 0xe8, 0x00, 0x03, 0x00, 0x0b, 0x00, 0x13, 0x00, 0x23, 0x00, 0x0d, 0x40, 0x0a, 0x18, 0x14, 
	0x0f, 0x0c, 0x09, 0x05, 0x02, 0x00, 0x04, 0x30, 0x2b, 0x01, 0x23, 0x35, 0x33, 0x03, 0x15, 0x23, 
	0x35, 0x23, 0x35, 0x21, 0x15, 0x25, 0x15, 0x23, 0x15, 0x23, 0x35, 0x23, 0x35, 0x15, 0x33, 0x15, 
	0x33, 0x15, 0x23, 0x35, 0x21, 0x15, 0x23, 0x35, 0x33, 0x35, 0x33, 0x15, 0x33, 0x01, 0xf4, 0x7d, 
	0x7d, 0xfa, 0x7d, 0x7d, 0x01, 0x77, 0x01, 0xf4, 0x7d, 0x7d, 0x7d, 0x7d, 0x7d, 0x7d, 0xfe, 0x89, 
	0x7d, 0x7d, 0x7d, 0x7d, 0x02, 0xee, 0xfa, 0xfe, 0x89, 0x7d, 0x7d, 0x7d, 0x7d, 0x7d, 0x7d, 0x7d, 
	0x7d, 0x7d, 0xfa, 0x7d, 0xfa, 0x7d, 0x7d, 0xfa, 0x7d, 0x7d, 0x00, 0x00, 0x00, 0x01, 0x00, 0x00, 
	0x00, 0x7d, 0x03, 0x6b, 0x03, 0xe8, 0x00, 0x17, 0x00, 0x06, 0xb3, 0x0b, 0x00, 0x01, 0x30, 0x2b, 
	0x37, 0x35, 0x33, 0x35, 0x23, 0x35, 0x33, 0x35, 0x33, 0x35, 0x33, 0x35, 0x33, 0x15, 0x33, 0x15, 
	0x33, 0x15, 0x33, 0x15, 0x23, 0x15, 0x33, 0x15, 0x7d, 0x7d, 0xfa, 0x7d, 0x7d, 0x7d, 0x7d, 0x7d, 
	0x7d, 0x7d, 0xfa, 0x7d, 0x7d, 0x7d, 0x7d, 0xfa, 0x7d, 0x7d, 0x7d, 0x7d, 0x7d, 0x7d, 0xfa, 0x7d, 
	0x7d, 0x00, 0x00, 0x00, 0x00, 0x04, 0x00, 0x7d, 0x00, 0x7d, 0x03, 0x6b, 0x03, 0xe8, 0x00, 0x03, 
	0x00, 0x07, 0x00, 0x0b, 0x00, 0x13, 0x00, 0x0d, 0x40, 0x0a, 0x10, 0x0c, 0x09, 0x08, 0x05, 0x04, 
	0x02, 0x00, 0x04, 0x30, 0x2b, 0x01, 0x23, 0x35, 0x33, 0x07, 0x15, 0x23, 0x35, 0x21, 0x15, 0x23, 
	0x35, 0x07, 0x33, 0x15, 0x33, 0x15, 0x21, 0x35, 0x33, 0x02, 0x71, 0xfa, 0xfa, 0xfa, 0xfa, 0x02, 
	0xee, 0xfa, 0xfa, 0xfa, 0x7d, 0xfe, 0x0c, 0x7d, 0x02, 0xee, 0xfa, 0xfa, 0xfa, 0xfa, 0xfa, 0xfa, 
	0xfa, 0xfa, 0x7d, 0x7d, 0x00, 0x01, 0x00, 0x00, 0x00, 0x7d, 0x03, 0x6b, 0x03, 0xe8, 0x00, 0x17, 
	0x00, 0x06, 0xb3, 0x09, 0x00, 0x01, 0x30, 0x2b, 0x25, 0x35, 0x23, 0x35, 0x23, 0x35, 0x23, 0x11, 
	0x33, 0x35, 0x33, 0x15, 0x33, 0x35, 0x33, 0x15, 0x33, 0x11, 0x23, 0x15, 0x23, 0x15, 0x23, 0x15, 
	0x01, 0x77, 0x7d, 0x7d, 0x7d, 0x7d, 0xfa, 0x7d, 0xfa, 0x7d, 0x7d, 0x7d, 0x7d, 0x7d, 0x7d, 0x7d, 
	0x7d, 0x01, 0x77, 0x7d, 0x7d, 0x7d, 0x7d, 0xfe, 0x89, 0x7d, 0x7d, 0x7d, 0x00, 0x01, 0x00, 0x00, 
	0x00, 0x7d, 0x03, 0x6b, 0x03, 0xe8, 0x00, 0x1b, 0x00, 0x06, 0xb3, 0x0d, 0x00, 0x01, 0x30, 0x2b, 
	0x25, 0x35, 0x23, 0x35, 0x23, 0x35, 0x23, 0x35, 0x33, 0x35, 0x33, 0x35, 0x33, 0x35, 0x33, 0x15, 
	0x33, 0x15, 0x33, 0x15, 0x33, 0x15, 0x23, 0x15, 0x23, 0x15, 0x23, 0x15, 0x01, 0x77, 0x7d, 0x7d, 
	0x7d, 0x7d, 0x7d, 0x7d, 0x7d, 0x7d, 0x7d, 0x7d, 0x7d, 0x7d, 0x7d, 0x7d, 0x7d, 0x7d, 0x7d, 0x7d, 
	0x7d, 0x7d, 0x7d, 0x7d, 0x7d, 0x7d, 0x7d, 0x7d, 0x7d, 0x7d, 0x00, 0x00, 0x00, 0x04, 0x00, 0x00, 
	0x00, 0x7d, 0x03, 0x6b, 0x03, 0xe8, 0x00, 0x0f, 0x00, 0x13, 0x00, 0x17, 0x00, 0x1b, 0x00, 0x0d, 
	0x40, 0x0a, 0x1a, 0x18, 0x15, 0x14, 0x11, 0x10, 0x0d, 0x05, 0x04, 0x30, 0x2b, 0x01, 0x15, 0x23, 
	0x11, 0x23, 0x15, 0x23, 0x35, 0x23, 0x35, 0x33, 0x35, 0x33, 0x11, 0x33, 0x15, 0x17, 0x15, 0x23, 
	0x35, 0x17, 0x15, 0x23, 0x35, 0x07, 0x33, 0x15, 0x23, 0x02, 0x71, 0x7d, 0x7d, 0xfa, 0x7d, 0x7d, 
	0xfa, 0x7d, 0xfa, 0x7d, 0xfa, 0x7d, 0x7d, 0x7d, 0x7d, 0x03, 0x6b, 0x7d, 0xfe, 0x0c, 0x7d, 0x7d, 
	0x7d, 0x7d, 0x01, 0xf4, 0x7d, 0x7d, 0x7d, 0x7d, 0x7d, 0x7d, 0x7d, 0x7d, 0x7d, 0x00, 0x00, 0x00, 
	0x00, 0x02, 0x00, 0x00, 0x00, 0x7d, 0x03, 0xe8, 0x03, 0xe8, 0x00, 0x03, 0x00, 0x23, 0x00, 0x08, 
	0xb5, 0x15, 0x09, 0x02, 0x00, 0x02, 0x30, 0x2b, 0x01, 0x23, 0x35, 0x33, 0x05, 0x11, 0x23, 0x15, 
	0x23, 0x15, 0x23, 0x35, 0x23, 0x15, 0x23, 0x35, 0x23, 0x35, 0x23, 0x11, 0x33, 0x35, 0x21, 0x15, 
	0x33, 0x35, 0x33, 0x15, 0x23, 0x15, 0x23, 0x15, 0x33, 0x35, 0x33, 0x35, 0x02, 0x71, 0x7d, 0x7d, 
	0x01, 0x77, 0x7d, 0x7d, 0xfa, 0x7d, 0x7d, 0x7d, 0x7d, 0x7d, 0x01, 0x77, 0x7d, 0xfa, 0x7d, 0x7d, 
	0x7d, 0x7d, 0x03, 0x6b, 0x7d, 0xfa, 0xfe, 0x89, 0x7d, 0x7d, 0x7d, 0x7d, 0x7d, 0x7d, 0x01, 0x77, 
	0x7d, 0x7d, 0x7d, 0x7d, 0xfa, 0x7d, 0x7d, 0xfa, 0x00, 0x05, 0x00, 0x00, 0x00, 0x7d, 0x03, 0x6b, 
	0x03, 0xe8, 0x00, 0x03, 0x00, 0x07, 0x00, 0x0f, 0x00, 0x13, 0x00, 0x17, 0x00, 0x5d, 0x40, 0x5a, 
	0x09, 0x01, 0x06, 0x00, 0x04, 0x03, 0x06, 0x04, 0x66, 0x0d, 0x07, 0x02, 0x02, 0x00, 0x03, 0x0a, 
	0x02, 0x03, 0x65, 0x00, 0x00, 0x00, 0x01, 0x5d, 0x0c, 0x01, 0x01, 0x01, 0x49, 0x4b, 0x00, 0x08, 
	0x08, 0x05, 0x5d, 0x00, 0x05, 0x05, 0x4c, 0x4b, 0x00, 0x0a, 0x0a, 0x0b, 0x5d, 0x0e, 0x01, 0x0b, 
	0x0b, 0x4a, 0x0b, 0x4c, 0x14, 0x14, 0x08, 0x08, 0x00, 0x00, 0x14, 0x17, 0x14, 0x17, 0x16, 0x15, 
	0x13, 0x12, 0x11, 0x10, 0x08, 0x0f, 0x08, 0x0f, 0x0e, 0x0d, 0x0c, 0x0b, 0x0a, 0x09, 0x07, 0x06, 
	0x05, 0x04, 0x00, 0x03, 0x00, 0x03, 0x11, 0x0f, 0x09, 0x15, 0x2b, 0x01, 0x15, 0x21, 0x35, 0x07, 
	0x33, 0x11, 0x23, 0x01, 0x11, 0x21, 0x11, 0x21, 0x15, 0x33, 0x11, 0x07, 0x23, 0x15, 0x33, 0x01, 
	0x35, 0x21, 0x15, 0x02, 0xee, 0xfd, 0x8f, 0x7d, 0x7d, 0x7d, 0x03, 0x6b, 0xfd, 0x8f, 0x01, 0x77, 
	0x7d, 0xfa, 0x7d, 0x7d, 0xfe, 0x89, 0x02, 0x71, 0x03, 0xe8, 0x7d, 0x7d, 0x7d, 0xfd, 0x8f, 0x02, 
	0x71, 0xfe, 0x0c, 0x01, 0x77, 0xfa, 0x01, 0x77, 0xfa, 0x7d, 0xfe, 0x89, 0x7d, 0x7d, 0x00, 0x00, 
	0x00, 0x04, 0x00, 0x00, 0x00, 0x7d, 0x03, 0x6b, 0x03, 0xe8, 0x00, 0x15, 0x00, 0x19, 0x00, 0x1f, 
	0x00, 0x23, 0x00, 0xb3, 0x4b, 0xb0, 0x0a, 0x50, 0x58, 0x40, 0x41, 0x00, 0x00, 0x0d, 0x03, 0x01, 
	0x00, 0x70, 0x08, 0x01, 0x06, 0x09, 0x01, 0x05, 0x0b, 0x06, 0x05, 0x65, 0x00, 0x0b, 0x00, 0x0e, 
	0x04, 0x0b, 0x0e, 0x65, 0x10, 0x01, 0x0d, 0x00, 0x04, 0x0d, 0x55, 0x12, 0x11, 0x0a, 0x03, 0x04, 
	0x00, 0x03, 0x01, 0x04, 0x03, 0x65, 0x00, 0x0c, 0x0c, 0x07, 0x5d, 0x00, 0x07, 0x07, 0x49, 0x4b, 
	0x0f, 0x01, 0x01, 0x01, 0x02, 0x5e, 0x00, 0x02, 0x02, 0x4a, 0x02, 0x4c, 0x1b, 0x40, 0x42, 0x00, 
	0x00, 0x0d, 0x03, 0x0d, 0x00, 0x03, 0x7e, 0x08, 0x01, 0x06, 0x09, 0x01, 0x05, 0x0b, 0x06, 0x05, 
	0x65, 0x00, 0x0b, 0x00, 0x0e, 0x04, 0x0b, 0x0e, 0x65, 0x10, 0x01, 0x0d, 0x00, 0x04, 0x0d, 0x55, 
	0x12, 0x11, 0x0a, 0x03, 0x04, 0x00, 0x03, 0x01, 0x04, 0x03, 0x65, 0x00, 0x0c, 0x0c, 0x07, 0x5d, 
	0x00, 0x07, 0x07, 0x49, 0x4b, 0x0f, 0x01, 0x01, 0x01, 0x02, 0x5e, 0x00, 0x02, 0x02, 0x4a, 0x02, 
	0x4c, 0x59, 0x40, 0x22, 0x20, 0x20, 0x20, 0x23, 0x20, 0x23, 0x22, 0x21, 0x1f, 0x1e, 0x1d, 0x1c, 
	0x1b, 0x1a, 0x19, 0x18, 0x17, 0x16, 0x15, 0x14, 0x13, 0x12, 0x11, 0x11, 0x11, 0x11, 0x11, 0x11, 
	0x11, 0x11, 0x10, 0x13, 0x09, 0x1d, 0x2b, 0x01, 0x33, 0x15, 0x33, 0x15, 0x21, 0x35, 0x23, 0x35, 
	0x33, 0x35, 0x23, 0x35, 0x33, 0x35, 0x21, 0x15, 0x33, 0x15, 0x23, 0x15, 0x33, 0x25, 0x33, 0x35, 
	0x23, 0x13, 0x23, 0x35, 0x23, 0x15, 0x33, 0x25, 0x15, 0x23, 0x35, 0x02, 0x71, 0x7d, 0x7d, 0xfd, 
	0x12, 0x7d, 0x7d, 0x7d, 0x7d, 0x01, 0x77, 0x7d, 0x7d, 0x7d, 0xfe, 0x89, 0x7d, 0x7d, 0xfa, 0x7d, 
	0x7d, 0xfa, 0x01, 0x77, 0x7d, 0x01, 0x77, 0x7d, 0x7d, 0x7d, 0xfa, 0x7d, 0xfa, 0x7d, 0x7d, 0xfa, 
	0x7d, 0x7d, 0xfa, 0xfe, 0x0c, 0x7d, 0xfa, 0xfa, 0x7d, 0x7d, 0x00, 0x00, 0x00, 0x03, 0x00, 0x7d, 
	0x00, 0x7d, 0x03, 0x6b, 0x03, 0xe8, 0x00, 0x0d, 0x00, 0x15, 0x00, 0x19, 0x00, 0x8f, 0x4b, 0xb0, 
	0x0a, 0x50, 0x58, 0x40, 0x32, 0x00, 0x09, 0x02, 0x0a, 0x08, 0x09, 0x70, 0x00, 0x0a, 0x01, 0x07, 
	0x0a, 0x6e, 0x00, 0x02, 0x00, 0x01, 0x07, 0x02, 0x01, 0x65, 0x0b, 0x01, 0x07, 0x05, 0x01, 0x00, 
	0x04, 0x07, 0x00, 0x66, 0x0c, 0x01, 0x08, 0x08, 0x03, 0x5d, 0x00, 0x03, 0x03, 0x49, 0x4b, 0x0d, 
	0x06, 0x02, 0x04, 0x04, 0x4a, 0x04, 0x4c, 0x1b, 0x40, 0x34, 0x00, 0x09, 0x02, 0x0a, 0x02, 0x09, 
	0x0a, 0x7e, 0x00, 0x0a, 0x01, 0x02, 0x0a, 0x01, 0x7c, 0x00, 0x02, 0x00, 0x01, 0x07, 0x02, 0x01, 
	0x65, 0x0b, 0x01, 0x07, 0x05, 0x01, 0x00, 0x04, 0x07, 0x00, 0x66, 0x0c, 0x01, 0x08, 0x08, 0x03, 
	0x5d, 0x00, 0x03, 0x03, 0x49, 0x4b, 0x0d, 0x06, 0x02, 0x04, 0x04, 0x4a, 0x04, 0x4c, 0x59, 0x40, 
	0x1b, 0x00, 0x00, 0x19, 0x18, 0x17, 0x16, 0x15, 0x14, 0x13, 0x12, 0x11, 0x10, 0x0f, 0x0e, 0x00, 
	0x0d, 0x00, 0x0d, 0x11, 0x11, 0x11, 0x11, 0x11, 0x11, 0x0e, 0x09, 0x1a, 0x2b, 0x25, 0x35, 0x23, 
	0x35, 0x23, 0x11, 0x33, 0x35, 0x21, 0x11, 0x23, 0x35, 0x23, 0x15, 0x03, 0x33, 0x11, 0x23, 0x15, 
	0x23, 0x15, 0x33, 0x17, 0x33, 0x11, 0x23, 0x01, 0xf4, 0xfa, 0x7d, 0x7d, 0x02, 0x71, 0x7d, 0x7d, 
	0xfa, 0x7d, 0x7d, 0x7d, 0x7d, 0xfa, 0x7d, 0x7d, 0x7d, 0xfa, 0x7d, 0x01, 0x77, 0x7d, 0xfc, 0x95, 
	0xfa, 0xfa, 0x01, 0x77, 0x01, 0x77, 0x7d, 0x7d, 0x7d, 0x01, 0x77, 0x00, 0x00, 0x02, 0x00, 0x7d, 
	0x00, 0x7d, 0x03, 0x6b, 0x03, 0xe8, 0x00, 0x11, 0x00, 0x23, 0x00, 0x76, 0x40, 0x73, 0x00, 0x09, 
	0x03, 0x04, 0x03, 0x09, 0x04, 0x7e, 0x00, 0x04, 0x0a, 0x03, 0x04, 0x0a, 0x7c, 0x12, 0x08, 0x02, 
	0x06, 0x00, 0x00, 0x02, 0x06, 0x00, 0x65, 0x13, 0x11, 0x02, 0x0a, 0x00, 0x10, 0x0e, 0x0a, 0x10, 
	0x65, 0x00, 0x0e, 0x0d, 0x01, 0x0b, 0x0f, 0x0e, 0x0b, 0x65, 0x00, 0x01, 0x01, 0x07, 0x5d, 0x00, 
	0x07, 0x07, 0x49, 0x4b, 0x05, 0x01, 0x03, 0x03, 0x02, 0x5d, 0x00, 0x02, 0x02, 0x4c, 0x4b, 0x00, 
	0x0f, 0x0f, 0x0c, 0x5e, 0x00, 0x0c, 0x0c, 0x4a, 0x0c, 0x4c, 0x12, 0x12, 0x00, 0x00, 0x12, 0x23, 
	0x12, 0x23, 0x22, 0x21, 0x20, 0x1f, 0x1e, 0x1d, 0x1c, 0x1b, 0x1a, 0x19, 0x18, 0x17, 0x16, 0x15, 
	0x14, 0x13, 0x00, 0x11, 0x00, 0x11, 0x11, 0x11, 0x11, 0x11, 0x11, 0x11, 0x11, 0x11, 0x14, 0x09, 
	0x1c, 0x2b, 0x01, 0x15, 0x23, 0x35, 0x23, 0x15, 0x33, 0x15, 0x23, 0x15, 0x23, 0x35, 0x23, 0x35, 
	0x33, 0x35, 0x21, 0x15, 0x03, 0x35, 0x33, 0x15, 0x33, 0x15, 0x23, 0x15, 0x21, 0x35, 0x23, 0x35, 
	0x33, 0x15, 0x33, 0x35, 0x23, 0x35, 0x03, 0x6b, 0xfa, 0xfa, 0xfa, 0xfa, 0x7d, 0x7d, 0x7d, 0x01, 
	0xf4, 0x7d, 0x7d, 0x7d, 0x7d, 0xfe, 0x0c, 0x7d, 0xfa, 0xfa, 0xfa, 0x03, 0x6b, 0x7d, 0x7d, 0x7d, 
	0x7d, 0x7d, 0x7d, 0xfa, 0x7d, 0x7d, 0xfe, 0x89, 0x7d, 0x7d, 0xfa, 0x7d, 0x7d, 0x7d, 0x7d, 0x7d, 
	0x7d, 0x00, 0x00, 0x00, 0x00, 0x0b, 0x00, 0x00, 0x00, 0x00, 0x03, 0xe8, 0x03, 0xe8, 0x00, 0x03, 
	0x00, 0x07, 0x00, 0x0b, 0x00, 0x0f, 0x00, 0x13, 0x00, 0x17, 0x00, 0x1b, 0x00, 0x1f, 0x00, 0x23, 
	0x00, 0x27, 0x00, 0x2b, 0x00, 0x96, 0xb1, 0x06, 0x64, 0x44, 0x40, 0x8b, 0x00, 0x01, 0x00, 0x00, 
	0x03, 0x01, 0x00, 0x65, 0x04, 0x01, 0x03, 0x16, 0x05, 0x02, 0x02, 0x07, 0x03, 0x02, 0x65, 0x18, 
	0x0b, 0x08, 0x17, 0x04, 0x07, 0x00, 0x09, 0x0c, 0x07, 0x09, 0x65, 0x00, 0x0c, 0x00, 0x0d, 0x0e, 
	0x0c, 0x0d, 0x65, 0x00, 0x0e, 0x19, 0x0f, 0x0a, 0x03, 0x06, 0x11, 0x0e, 0x06, 0x65, 0x12, 0x1a, 
	0x02, 0x11, 0x13, 0x01, 0x10, 0x14, 0x11, 0x10, 0x65, 0x00, 0x14, 0x15, 0x15, 0x14, 0x55, 0x00, 
	0x14, 0x14, 0x15, 0x5d, 0x00, 0x15, 0x14, 0x15, 0x4d, 0x20, 0x20, 0x1c, 0x1c, 0x14, 0x14, 0x0c, 
	0x0c, 0x08, 0x08, 0x2b, 0x2a, 0x29, 0x28, 0x27, 0x26, 0x25, 0x24, 0x20, 0x23, 0x20, 0x23, 0x22, 
	0x21, 0x1c, 0x1f, 0x1c, 0x1f, 0x1e, 0x1d, 0x1b, 0x1a, 0x19, 0x18, 0x14, 0x17, 0x14, 0x17, 0x16, 
	0x15, 0x13, 0x12, 0x11, 0x10, 0x0c, 0x0f, 0x0c, 0x0f, 0x0e, 0x0d, 0x08, 0x0b, 0x08, 0x0b, 0x12, 
	0x11, 0x11, 0x11, 0x10, 0x1b, 0x09, 0x19, 0x2b, 0xb1, 0x06, 0x00, 0x44, 0x01, 0x21, 0x35, 0x21, 
	0x05, 0x23, 0x35, 0x33, 0x05, 0x35, 0x33, 0x15, 0x21, 0x11, 0x23, 0x11, 0x21, 0x33, 0x15, 0x23, 
	0x25, 0x11, 0x23, 0x11, 0x05, 0x33, 0x15, 0x23, 0x17, 0x35, 0x33, 0x15, 0x21, 0x15, 0x23, 0x35, 
	0x21, 0x33, 0x15, 0x23, 0x21, 0x21, 0x15, 0x21, 0x02, 0xee, 0xfe, 0x0c, 0x01, 0xf4, 0xfe, 0x0c, 
	0x7d, 0x7d, 0x01, 0xf4, 0x7d, 0xfd, 0x12, 0x7d, 0x01, 0x77, 0xfa, 0xfa, 0x02, 0x71, 0x7d, 0xfd, 
	0x8f, 0x7d, 0x7d, 0x7d, 0xfa, 0xfe, 0x89, 0x7d, 0x02, 0x71, 0x7d, 0x7d, 0xfe, 0x0c, 0x01, 0xf4, 
	0xfe, 0x0c, 0x03, 0x6b, 0x7d, 0xfa, 0x7d, 0x7d, 0x7d, 0x7d, 0xfe, 0x0c, 0x01, 0xf4, 0x7d, 0x7d, 
	0xfe, 0x0c, 0x01, 0xf4, 0x7d, 0xfa, 0x7d, 0x7d, 0x7d, 0x7d, 0x7d, 0x7d, 0x7d, 0x00, 0x00, 0x00, 
	0x00, 0x0b, 0x00, 0x00, 0x00, 0x00, 0x03, 0xe8, 0x03, 0xe8, 0x00, 0x03, 0x00, 0x07, 0x00, 0x0b, 
	0x00, 0x0f, 0x00, 0x19, 0x00, 0x1d, 0x00, 0x21, 0x00, 0x25, 0x00, 0x29, 0x00, 0x2d, 0x00, 0x31, 
	0x00, 0xaf, 0xb1, 0x06, 0x64, 0x44, 0x40, 0xa4, 0x00, 0x01, 0x00, 0x00, 0x03, 0x01, 0x00, 0x65, 
	0x04, 0x01, 0x03, 0x19, 0x05, 0x02, 0x02, 0x07, 0x03, 0x02, 0x65, 0x1c, 0x0e, 0x08, 0x1a, 0x04, 
	0x07, 0x00, 0x09, 0x0f, 0x07, 0x09, 0x65, 0x00, 0x0f, 0x1d, 0x01, 0x10, 0x0a, 0x0f, 0x10, 0x65, 
	0x00, 0x0a, 0x00, 0x0b, 0x11, 0x0a, 0x0b, 0x65, 0x00, 0x11, 0x1e, 0x12, 0x0d, 0x1b, 0x0c, 0x05, 
	0x06, 0x14, 0x11, 0x06, 0x65, 0x15, 0x1f, 0x02, 0x14, 0x16, 0x01, 0x13, 0x17, 0x14, 0x13, 0x65, 
	0x00, 0x17, 0x18, 0x18, 0x17, 0x55, 0x00, 0x17, 0x17, 0x18, 0x5d, 0x00, 0x18, 0x17, 0x18, 0x4d, 
	0x26, 0x26, 0x22, 0x22, 0x1e, 0x1e, 0x1a, 0x1a, 0x10, 0x10, 0x0c, 0x0c, 0x08, 0x08, 0x31, 0x30, 
	0x2f, 0x2e, 0x2d, 0x2c, 0x2b, 0x2a, 0x26, 0x29, 0x26, 0x29, 0x28, 0x27, 0x22, 0x25, 0x22, 0x25, 
	0x24, 0x23, 0x1e, 0x21, 0x1e, 0x21, 0x20, 0x1f, 0x1a, 0x1d, 0x1a, 0x1d, 0x1c, 0x1b, 0x10, 0x19, 
	0x10, 0x19, 0x18, 0x17, 0x16, 0x15, 0x14, 0x13, 0x12, 0x11, 0x0c, 0x0f, 0x0c, 0x0f, 0x0e, 0x0d, 
	0x08, 0x0b, 0x08, 0x0b, 0x12, 0x11, 0x11, 0x11, 0x10, 0x20, 0x09, 0x19, 0x2b, 0xb1, 0x06, 0x00, 
	0x44, 0x01, 0x21, 0x35, 0x21, 0x05, 0x23, 0x35, 0x33, 0x05, 0x35, 0x33, 0x15, 0x21, 0x11, 0x23, 
	0x11, 0x13, 0x11, 0x21, 0x15, 0x23, 0x15, 0x33, 0x15, 0x23, 0x15, 0x01, 0x11, 0x23, 0x11, 0x07, 
	0x35, 0x33, 0x15, 0x07, 0x35, 0x33, 0x15, 0x21, 0x15, 0x23, 0x35, 0x21, 0x33, 0x15, 0x23, 0x21, 
	0x21, 0x15, 0x21, 0x02, 0xee, 0xfe, 0x0c, 0x01, 0xf4, 0xfe, 0x0c, 0x7d, 0x7d, 0x01, 0xf4, 0x7d, 
	0xfd, 0x12, 0x7d, 0xfa, 0x01, 0x77, 0xfa, 0xfa, 0xfa, 0x02, 0x71, 0x7d, 0xfa, 0x7d, 0x7d, 0x7d, 
	0xfe, 0x0c, 0x7d, 0x02, 0x71, 0x7d, 0x7d, 0xfe, 0x0c, 0x01, 0xf4, 0xfe, 0x0c, 0x03, 0x6b, 0x7d, 
	0xfa, 0x7d, 0x7d, 0x7d, 0x7d, 0xfe, 0x0c, 0x01, 0xf4, 0xfe, 0x0c, 0x01, 0xf4, 0x7d, 0x7d, 0x7d, 
	0x7d, 0x01, 0xf4, 0xfe, 0x0c, 0x01, 0xf4, 0xfa, 0x7d, 0x7d, 0xfa, 0x7d, 0x7d, 0x7d, 0x7d, 0x7d, 
	0x7d, 0x00, 0x00, 0x00, 0x00, 0x01, 0x00, 0x7d, 0x01, 0xf4, 0x03, 0x6b, 0x03, 0xe8, 0x00, 0x0d, 
	0x00, 0x06, 0xb3, 0x03, 0x00, 0x01, 0x30, 0x2b, 0x13, 0x11, 0x23, 0x35, 0x21, 0x11, 0x23, 0x35, 
	0x23, 0x15, 0x23, 0x11, 0x23, 0x11, 0xfa, 0x7d, 0x02, 0xee, 0x7d, 0x7d, 0x7d, 0x7d, 0x01, 0xf4, 
	0x01, 0x77, 0x7d, 0xfe, 0x0c, 0xfa, 0xfa, 0x01, 0x77, 0xfe, 0x89, 0x00, 0x00, 0x04, 0x00, 0xfa, 
	0x02, 0x71, 0x02, 0x71, 0x03, 0xe8, 0x00, 0x03, 0x00, 0x07, 0x00, 0x0b, 0x00, 0x0f, 0x00, 0x47, 
	0xb1, 0x06, 0x64, 0x44, 0x40, 0x3c, 0x00, 0x01, 0x00, 0x00, 0x03, 0x01, 0x00, 0x65, 0x09, 0x05, 
	0x08, 0x03, 0x03, 0x04, 0x01, 0x02, 0x06, 0x03, 0x02, 0x65, 0x00, 0x06, 0x07, 0x07, 0x06, 0x55, 
	0x00, 0x06, 0x06, 0x07, 0x5d, 0x00, 0x07, 0x06, 0x07, 0x4d, 0x08, 0x08, 0x04, 0x04, 0x0f, 0x0e, 
	0x0d, 0x0c, 0x08, 0x0b, 0x08, 0x0b, 0x0a, 0x09, 0x04, 0x07, 0x04, 0x07, 0x12, 0x11, 0x10, 0x0a, 
	0x09, 0x17, 0x2b, 0xb1, 0x06, 0x00, 0x44, 0x01, 0x23, 0x35, 0x33, 0x07, 0x15, 0x23, 0x35, 0x21, 
	0x15, 0x23, 0x35, 0x07, 0x33, 0x15, 0x23, 0x01, 0xf4, 0x7d, 0x7d, 0x7d, 0x7d, 0x01, 0x77, 0x7d, 
	0x7d, 0x7d, 0x7d, 0x03, 0x6b, 0x7d, 0x7d, 0x7d, 0x7d, 0x7d, 0x7d, 0x7d, 0x7d, 0x00, 0x00, 0x00, 
	0x00, 0x01, 0x01, 0x77, 0x00, 0x7d, 0x02, 0x71, 0x03, 0xe8, 0x00, 0x03, 0x00, 0x19, 0x40, 0x16, 
	0x00, 0x00, 0x00, 0x49, 0x4b, 0x02, 0x01, 0x01, 0x01, 0x4a, 0x01, 0x4c, 0x00, 0x00, 0x00, 0x03, 
	0x00, 0x03, 0x11, 0x03, 0x09, 0x15, 0x2b, 0x25, 0x11, 0x33, 0x11, 0x01, 0x77, 0xfa, 0x7d, 0x03, 
	0x6b, 0xfc, 0x95, 0x00, 0x00, 0x02, 0x01, 0x77, 0x00, 0x7d, 0x02, 0x71, 0x03, 0xe8, 0x00, 0x03, 
	0x00, 0x07, 0x00, 0x2c, 0x40, 0x29, 0x04, 0x01, 0x01, 0x01, 0x00, 0x5d, 0x00, 0x00, 0x00, 0x49, 
	0x4b, 0x00, 0x02, 0x02, 0x03, 0x5d, 0x05, 0x01, 0x03, 0x03, 0x4a, 0x03, 0x4c, 0x04, 0x04, 0x00, 
	0x00, 0x04, 0x07, 0x04, 0x07, 0x06, 0x05, 0x00, 0x03, 0x00, 0x03, 0x11, 0x06, 0x09, 0x15, 0x2b, 
	0x01, 0x11, 0x33, 0x11, 0x03, 0x11, 0x33, 0x11, 0x01, 0x77, 0xfa, 0xfa, 0xfa, 0x02, 0x71, 0x01, 
	0x77, 0xfe, 0x89, 0xfe, 0x0c, 0x01, 0x77, 0xfe, 0x89, 0x00, 0x00, 0x00, 0x00, 0x01, 0x00, 0x7d, 
	0x00, 0x7d, 0x03, 0x6b, 0x03, 0xe8, 0x00, 0x0b, 0x00, 0x29, 0x40, 0x26, 0x00, 0x02, 0x02, 0x49, 
	0x4b, 0x04, 0x01, 0x00, 0x00, 0x01, 0x5d, 0x03, 0x01, 0x01, 0x01, 0x4c, 0x4b, 0x06, 0x01, 0x05, 
	0x05, 0x4a, 0x05, 0x4c, 0x00, 0x00, 0x00, 0x0b, 0x00, 0x0b, 0x11, 0x11, 0x11, 0x11, 0x11, 0x07, 
	0x09, 0x19, 0x2b, 0x25, 0x11, 0x23, 0x35, 0x33, 0x35, 0x33, 0x15, 0x33, 0x15, 0x23, 0x11, 0x01, 
	0x77, 0xfa, 0xfa, 0xfa, 0xfa, 0xfa, 0x7d, 0x01, 0xf4, 0x7d, 0xfa, 0xfa, 0x7d, 0xfe, 0x0c, 0x00, 
	0x00, 0x01, 0x00, 0x7d, 0x00, 0x7d, 0x03, 0x6b, 0x03, 0xe8, 0x00, 0x13, 0x00, 0x37, 0x40, 0x34, 
	0x07, 0x01, 0x01, 0x08, 0x01, 0x00, 0x09, 0x01, 0x00, 0x65, 0x00, 0x04, 0x04, 0x49, 0x4b, 0x06, 
	0x01, 0x02, 0x02, 0x03, 0x5d, 0x05, 0x01, 0x03, 0x03, 0x4c, 0x4b, 0x0a, 0x01, 0x09, 0x09, 0x4a, 
	0x09, 0x4c, 0x00, 0x00, 0x00, 0x13, 0x00, 0x13, 0x11, 0x11, 0x11, 0x11, 0x11, 0x11, 0x11, 0x11, 
	0x11, 0x0b, 0x09, 0x1d, 0x2b, 0x25, 0x35, 0x23, 0x35, 0x33, 0x35, 0x23, 0x35, 0x33, 0x35, 0x33, 
	0x15, 0x33, 0x15, 0x23, 0x15, 0x33, 0x15, 0x23, 0x15, 0x01, 0x77, 0xfa, 0xfa, 0xfa, 0xfa, 0xfa, 
	0xfa, 0xfa, 0xfa, 0xfa, 0x7d, 0xfa, 0x7d, 0x7d, 0x7d, 0xfa, 0xfa, 0x7d, 0x7d, 0x7d, 0xfa, 0x00, 
	0x00, 0x07, 0x00, 0x00, 0x00, 0x7d, 0x03, 0x6b, 0x03, 0xe8, 0x00, 0x05, 0x00, 0x09, 0x00, 0x0d, 
	0x00, 0x11, 0x00, 0x15, 0x00, 0x19, 0x00, 0x1d, 0x00, 0x5d, 0x40, 0x5a, 0x11, 0x0a, 0x10, 0x08, 
	0x04, 0x05, 0x09, 0x01, 0x07, 0x0b, 0x05, 0x07, 0x65, 0x00, 0x0b, 0x00, 0x0c, 0x0d, 0x0b, 0x0c, 
	0x65, 0x03, 0x01, 0x00, 0x00, 0x02, 0x5d, 0x04, 0x0f, 0x02, 0x02, 0x02, 0x49, 0x4b, 0x00, 0x0d, 
	0x0d, 0x01, 0x5d, 0x0e, 0x06, 0x02, 0x01, 0x01, 0x4a, 0x01, 0x4c, 0x12, 0x12, 0x0e, 0x0e, 0x00, 
	0x00, 0x1d, 0x1c, 0x1b, 0x1a, 0x19, 0x18, 0x17, 0x16, 0x12, 0x15, 0x12, 0x15, 0x14, 0x13, 0x0e, 
	0x11, 0x0e, 0x11, 0x10, 0x0f, 0x0d, 0x0c, 0x0b, 0x0a, 0x09, 0x08, 0x07, 0x06, 0x00, 0x05, 0x00, 
	0x05, 0x11, 0x11, 0x12, 0x09, 0x16, 0x2b, 0x13, 0x15, 0x23, 0x11, 0x23, 0x11, 0x05, 0x23, 0x35, 
	0x33, 0x05, 0x33, 0x11, 0x23, 0x01, 0x11, 0x23, 0x11, 0x21, 0x11, 0x23, 0x11, 0x03, 0x33, 0x15, 
	0x23, 0x07, 0x21, 0x15, 0x21, 0xfa, 0x7d, 0x7d, 0x02, 0xee, 0x7d, 0x7d, 0xfe, 0x0c, 0x7d, 0x7d, 
	0x01, 0x77, 0x7d, 0x01, 0x77, 0x7d, 0x7d, 0x7d, 0x7d, 0x7d, 0x01, 0x77, 0xfe, 0x89, 0x03, 0xe8, 
	0x7d, 0xfd, 0x12, 0x03, 0x6b, 0x7d, 0x7d, 0x7d, 0xfd, 0x12, 0x02, 0xee, 0xfe, 0x89, 0x01, 0x77, 
	0xfe, 0x89, 0x01, 0x77, 0xfe, 0x89, 0x7d, 0x7d, 0x7d, 0x00, 0x00, 0x00, 0x00, 0x01, 0x00, 0x7d, 
	0x02, 0xee, 0x02, 0xee, 0x03, 0xe8, 0x00, 0x0b, 0x00, 0x35, 0xb1, 0x06, 0x64, 0x44, 0x40, 0x2a, 
	0x00, 0x01, 0x00, 0x04, 0x00, 0x01, 0x04, 0x65, 0x02, 0x01, 0x00, 0x03, 0x03, 0x00, 0x55, 0x02, 
	0x01, 0x00, 0x00, 0x03, 0x5d, 0x06, 0x05, 0x02, 0x03, 0x00, 0x03, 0x4d, 0x00, 0x00, 0x00, 0x0b, 
	0x00, 0x0b, 0x11, 0x11, 0x11, 0x11, 0x11, 0x07, 0x09, 0x19, 0x2b, 0xb1, 0x06, 0x00, 0x44, 0x13, 
	0x35, 0x33, 0x35, 0x21, 0x15, 0x33, 0x15, 0x23, 0x35, 0x23, 0x15, 0x7d, 0x7d, 0x01, 0x77, 0x7d, 
	0xfa, 0x7d, 0x02, 0xee, 0x7d, 0x7d, 0x7d, 0x7d, 0x7d, 0x7d, 0x00, 0x00, 0x00, 0x01, 0x00, 0x7d, 
	0x01, 0xf4, 0x02, 0xee, 0x02, 0x71, 0x00, 0x03, 0x00, 0x26, 0xb1, 0x06, 0x64, 0x44, 0x40, 0x1b, 
	0x00, 0x00, 0x01, 0x01, 0x00, 0x55, 0x00, 0x00, 0x00, 0x01, 0x5d, 0x02, 0x01, 0x01, 0x00, 0x01, 
	0x4d, 0x00, 0x00, 0x00, 0x03, 0x00, 0x03, 0x11, 0x03, 0x09, 0x15, 0x2b, 0xb1, 0x06, 0x00, 0x44, 
	0x13, 0x35, 0x21, 0x15, 0x7d, 0x02, 0x71, 0x01, 0xf4, 0x7d, 0x7d, 0x00, 0x00, 0x02, 0xfd, 0x3a, 
	0x02, 0xee, 0xfe, 0x34, 0x03, 0xe8, 0x00, 0x03, 0x00, 0x07, 0x00, 0x38, 0xb1, 0x06, 0x64, 0x44, 
	0x40, 0x2d, 0x04, 0x01, 0x01, 0x00, 0x00, 0x03, 0x01, 0x00, 0x65, 0x05, 0x01, 0x03, 0x02, 0x02, 
	0x03, 0x55, 0x05, 0x01, 0x03, 0x03, 0x02, 0x5d, 0x00, 0x02, 0x03, 0x02, 0x4d, 0x04, 0x04, 0x00, 
	0x00, 0x04, 0x07, 0x04, 0x07, 0x06, 0x05, 0x00, 0x03, 0x00, 0x03, 0x11, 0x06, 0x09, 0x15, 0x2b, 
	0xb1, 0x06, 0x00, 0x44, 0x01, 0x15, 0x23, 0x35, 0x17, 0x15, 0x23, 0x35, 0xfd, 0xb7, 0x7d, 0xfa, 
	0x7d, 0x03, 0xe8, 0x7d, 0x7d, 0x7d, 0x7d, 0x7d, 0x00, 0x02, 0xfd, 0x9e, 0x02, 0xee, 0xfe, 0x98, 
	0x03, 0xe8, 0x00, 0x03, 0x00, 0x07, 0x00, 0x32, 0xb1, 0x06, 0x64, 0x44, 0x40, 0x27, 0x04, 0x01, 
	0x01, 0x00, 0x00, 0x02, 0x01, 0x00, 0x65, 0x00, 0x02, 0x03, 0x03, 0x02, 0x55, 0x00, 0x02, 0x02, 
	0x03, 0x5d, 0x00, 0x03, 0x02, 0x03, 0x4d, 0x00, 0x00, 0x07, 0x06, 0x05, 0x04, 0x00, 0x03, 0x00, 
	0x03, 0x11, 0x05, 0x09, 0x15, 0x2b, 0xb1, 0x06, 0x00, 0x44, 0x01, 0x15, 0x23, 0x35, 0x07, 0x33, 
	0x15, 0x23, 0xfe, 0x98, 0x7d, 0x7d, 0x7d, 0x7d, 0x03, 0xe8, 0x7d, 0x7d, 0x7d, 0x7d, 0x00, 0x00, 
	0x00, 0x01, 0xfd, 0x12, 0xfe, 0x8a, 0xfe, 0x89, 0x00, 0x01, 0x00, 0x07, 0x00, 0x30, 0xb1, 0x06, 
	0x64, 0x44, 0x40, 0x25, 0x00, 0x01, 0x00, 0x02, 0x00, 0x01, 0x02, 0x65, 0x00, 0x00, 0x03, 0x03, 
	0x00, 0x55, 0x00, 0x00, 0x00, 0x03, 0x5d, 0x04, 0x01, 0x03, 0x00, 0x03, 0x4d, 0x00, 0x00, 0x00, 
	0x07, 0x00, 0x07, 0x11, 0x11, 0x11, 0x05, 0x09, 0x17, 0x2b, 0xb1, 0x06, 0x00, 0x44, 0x01, 0x35, 
	0x33, 0x35, 0x33, 0x15, 0x23, 0x15, 0xfd, 0x12, 0x7d, 0xfa, 0x7d, 0xfe, 0x8a, 0x7d, 0xfa, 0xfa, 
	0x7d, 0x00, 0x00, 0x00, 0x00, 0x01, 0xfd, 0x1c, 0x01, 0x67, 0xff, 0x00, 0x01, 0xe4, 0x00, 0x03, 
	0x00, 0x26, 0xb1, 0x06, 0x64, 0x44, 0x40, 0x1b, 0x00, 0x00, 0x01, 0x01, 0x00, 0x55, 0x00, 0x00, 
	0x00, 0x01, 0x5d, 0x02, 0x01, 0x01, 0x00, 0x01, 0x4d, 0x00, 0x00, 0x00, 0x03, 0x00, 0x03, 0x11, 
	0x03, 0x09, 0x15, 0x2b, 0xb1, 0x06, 0x00, 0x44, 0x01, 0x35, 0x21, 0x15, 0xfd, 0x1c, 0x01, 0xe4, 
	0x01, 0x67, 0x7d, 0x7d, 0x00, 0x01, 0x00, 0x00, 0x02, 0x71, 0x00, 0xfa, 0x03, 0xe8, 0x00, 0x05, 
	0x00, 0x4e, 0xb1, 0x06, 0x64, 0x44, 0x4b, 0xb0, 0x0a, 0x50, 0x58, 0x40, 0x17, 0x03, 0x01, 0x02, 
	0x01, 0x01, 0x02, 0x6f, 0x00, 0x00, 0x01, 0x01, 0x00, 0x55, 0x00, 0x00, 0x00, 0x01, 0x5d, 0x00, 
	0x01, 0x00, 0x01, 0x4d, 0x1b, 0x40, 0x16, 0x03, 0x01, 0x02, 0x01, 0x02, 0x84, 0x00, 0x00, 0x01, 
	0x01, 0x00, 0x55, 0x00, 0x00, 0x00, 0x01, 0x5d, 0x00, 0x01, 0x00, 0x01, 0x4d, 0x59, 0x40, 0x0b, 
	0x00, 0x00, 0x00, 0x05, 0x00, 0x05, 0x11, 0x11, 0x04, 0x09, 0x16, 0x2b, 0xb1, 0x06, 0x00, 0x44, 
	0x11, 0x11, 0x33, 0x15, 0x23, 0x15, 0xfa, 0x7d, 0x02, 0x71, 0x01, 0x77, 0xfa, 0x7d, 0x00, 0x00, 
	0x00, 0x01, 0x00, 0x7d, 0x03, 0x6b, 0x02, 0xee, 0x03, 0xe8, 0x00, 0x03, 0x00, 0x26, 0xb1, 0x06, 
	0x64, 0x44, 0x40, 0x1b, 0x00, 0x00, 0x01, 0x01, 0x00, 0x55, 0x00, 0x00, 0x00, 0x01, 0x5d, 0x02, 
	0x01, 0x01, 0x00, 0x01, 0x4d, 0x00, 0x00, 0x00, 0x03, 0x00, 0x03, 0x11, 0x03, 0x09, 0x15, 0x2b, 
	0xb1, 0x06, 0x00, 0x44, 0x13, 0x35, 0x21, 0x15, 0x7d, 0x02, 0x71, 0x03, 0x6b, 0x7d, 0x7d, 0x00, 
	0x00, 0x02, 0x01, 0x77, 0x02, 0xee, 0x02, 0x71, 0x03, 0xe8, 0x00, 0x03, 0x00, 0x07, 0x00, 0x38, 
	0xb1, 0x06, 0x64, 0x44, 0x40, 0x2d, 0x04, 0x01, 0x01, 0x00, 0x00, 0x03, 0x01, 0x00, 0x65, 0x05, 
	0x01, 0x03, 0x02, 0x02, 0x03, 0x55, 0x05, 0x01, 0x03, 0x03, 0x02, 0x5d, 0x00, 0x02, 0x03, 0x02, 
	0x4d, 0x04, 0x04, 0x00, 0x00, 0x04, 0x07, 0x04, 0x07, 0x06, 0x05, 0x00, 0x03, 0x00, 0x03, 0x11, 
	0x06, 0x09, 0x15, 0x2b, 0xb1, 0x06, 0x00, 0x44, 0x01, 0x15, 0x23, 0x35, 0x17, 0x15, 0x23, 0x35, 
	0x01, 0xf4, 0x7d, 0xfa, 0x7d, 0x03, 0xe8, 0x7d, 0x7d, 0x7d, 0x7d, 0x7d, 0x00, 0x02, 0x01, 0x77, 
	0x02, 0xee, 0x02, 0x71, 0x03, 0xe8, 0x00, 0x03, 0x00, 0x07, 0x00, 0x32, 0xb1, 0x06, 0x64, 0x44, 
	0x40, 0x27, 0x04, 0x01, 0x01, 0x00, 0x00, 0x02, 0x01, 0x00, 0x65, 0x00, 0x02, 0x03, 0x03, 0x02, 
	0x55, 0x00, 0x02, 0x02, 0x03, 0x5d, 0x00, 0x03, 0x02, 0x03, 0x4d, 0x00, 0x00, 0x07, 0x06, 0x05, 
	0x04, 0x00, 0x03, 0x00, 0x03, 0x11, 0x05, 0x09, 0x15, 0x2b, 0xb1, 0x06, 0x00, 0x44, 0x01, 0x15, 
	0x23, 0x35, 0x07, 0x33, 0x15, 0x23, 0x02, 0x71, 0x7d, 0x7d, 0x7d, 0x7d, 0x03, 0xe8, 0x7d, 0x7d, 
	0x7d, 0x7d, 0x00, 0x00, 0x00, 0x02, 0x01, 0x77, 0x02, 0xee, 0x02, 0x71, 0x03, 0xe8, 0x00, 0x03, 
	0x00, 0x07, 0x00, 0x32, 0xb1, 0x06, 0x64, 0x44, 0x40, 0x27, 0x04, 0x01, 0x01, 0x00, 0x00, 0x02, 
	0x01, 0x00, 0x65, 0x00, 0x02, 0x03, 0x03, 0x02, 0x55, 0x00, 0x02, 0x02, 0x03, 0x5d, 0x00, 0x03, 
	0x02, 0x03, 0x4d, 0x00, 0x00, 0x07, 0x06, 0x05, 0x04, 0x00, 0x03, 0x00, 0x03, 0x11, 0x05, 0x09, 
	0x15, 0x2b, 0xb1, 0x06, 0x00, 0x44, 0x01, 0x15, 0x23, 0x35, 0x07, 0x33, 0x15, 0x23, 0x02, 0x71, 
	0x7d, 0x7d, 0x7d, 0x7d, 0x03, 0xe8, 0x7d, 0x7d, 0x7d, 0x7d, 0x00, 0x00, 0x00, 0x03, 0x00, 0x7d, 
	0x02, 0xee, 0x02, 0xee, 0x03, 0xe8, 0x00, 0x03, 0x00, 0x07, 0x00, 0x0b, 0x00, 0x3d, 0xb1, 0x06, 
	0x64, 0x44, 0x40, 0x32, 0x07, 0x03, 0x06, 0x03, 0x01, 0x02, 0x01, 0x00, 0x04, 0x01, 0x00, 0x65, 
	0x00, 0x04, 0x05, 0x05, 0x04, 0x55, 0x00, 0x04, 0x04, 0x05, 0x5d, 0x00, 0x05, 0x04, 0x05, 0x4d, 
	0x04, 0x04, 0x00, 0x00, 0x0b, 0x0a, 0x09, 0x08, 0x04, 0x07, 0x04, 0x07, 0x06, 0x05, 0x00, 0x03, 
	0x00, 0x03, 0x11, 0x08, 0x09, 0x15, 0x2b, 0xb1, 0x06, 0x00, 0x44, 0x13, 0x15, 0x23, 0x35, 0x21, 
	0x15, 0x23, 0x35, 0x05, 0x21, 0x15, 0x21, 0xfa, 0x7d, 0x02, 0x71, 0x7d, 0xfe, 0x89, 0x01, 0x77, 
	0xfe, 0x89, 0x03, 0xe8, 0x7d, 0x7d, 0x7d, 0x7d, 0x7d, 0x7d, 0x00, 0x00, 0x00, 0x01, 0x00, 0x7d, 
	0x02, 0xee, 0x02, 0xee, 0x03, 0xe8, 0x00, 0x0b, 0x00, 0x34, 0xb1, 0x06, 0x64, 0x44, 0x40, 0x29, 
	0x03, 0x01, 0x01, 0x04, 0x01, 0x00, 0x02, 0x01, 0x00, 0x65, 0x00, 0x02, 0x05, 0x05, 0x02, 0x55, 
	0x00, 0x02, 0x02, 0x05, 0x5d, 0x06, 0x01, 0x05, 0x02, 0x05, 0x4d, 0x00, 0x00, 0x00, 0x0b, 0x00, 
	0x0b, 0x11, 0x11, 0x11, 0x11, 0x11, 0x07, 0x09, 0x19, 0x2b, 0xb1, 0x06, 0x00, 0x44, 0x13, 0x35, 
	0x23, 0x35, 0x33, 0x15, 0x33, 0x35, 0x33, 0x15, 0x23, 0x15, 0xfa, 0x7d, 0xfa, 0x7d, 0xfa, 0x7d, 
	0x02, 0xee, 0x7d, 0x7d, 0x7d, 0x7d, 0x7d, 0x7d, 0x00, 0x02, 0x00, 0xfa, 0x00, 0x00, 0x02, 0x71, 
	0x00, 0xfa, 0x00, 0x03, 0x00, 0x07, 0x00, 0x32, 0xb1, 0x06, 0x64, 0x44, 0x40, 0x27, 0x04, 0x01, 
	0x01, 0x00, 0x00, 0x02, 0x01, 0x00, 0x65, 0x00, 0x02, 0x03, 0x03, 0x02, 0x55, 0x00, 0x02, 0x02, 
	0x03, 0x5d, 0x00, 0x03, 0x02, 0x03, 0x4d, 0x00, 0x00, 0x07, 0x06, 0x05, 0x04, 0x00, 0x03, 0x00, 
	0x03, 0x11, 0x05, 0x09, 0x15, 0x2b, 0xb1, 0x06, 0x00, 0x44, 0x25, 0x15, 0x23, 0x35, 0x07, 0x33, 
	0x15, 0x23, 0x02, 0x71, 0x7d, 0xfa, 0xfa, 0xfa, 0xfa, 0x7d, 0x7d, 0x7d, 0x7d, 0x00, 0x00, 0x00, 
	0x00, 0x01, 0x00, 0x7d, 0x02, 0xee, 0x02, 0xee, 0x03, 0xe8, 0x00, 0x0b, 0x00, 0x35, 0xb1, 0x06, 
	0x64, 0x44, 0x40, 0x2a, 0x00, 0x01, 0x00, 0x04, 0x00, 0x01, 0x04, 0x65, 0x02, 0x01, 0x00, 0x03, 
	0x03, 0x00, 0x55, 0x02, 0x01, 0x00, 0x00, 0x03, 0x5d, 0x06, 0x05, 0x02, 0x03, 0x00, 0x03, 0x4d, 
	0x00, 0x00, 0x00, 0x0b, 0x00, 0x0b, 0x11, 0x11, 0x11, 0x11, 0x11, 0x07, 0x09, 0x19, 0x2b, 0xb1, 
	0x06, 0x00, 0x44, 0x13, 0x35, 0x33, 0x35, 0x21, 0x15, 0x33, 0x15, 0x23, 0x35, 0x23, 0x15, 0x7d, 
	0x7d, 0x01, 0x77, 0x7d, 0xfa, 0x7d, 0x02, 0xee, 0x7d, 0x7d, 0x7d, 0x7d, 0x7d, 0x7d, 0x00, 0x00, 
	0x00, 0x02, 0x00, 0x7d, 0x03, 0x6b, 0x02, 0xee, 0x03, 0xe8, 0x00, 0x03, 0x00, 0x07, 0x00, 0x32, 
	0xb1, 0x06, 0x64, 0x44, 0x40, 0x27, 0x02, 0x01, 0x00, 0x01, 0x01, 0x00, 0x55, 0x02, 0x01, 0x00, 
	0x00, 0x01, 0x5d, 0x05, 0x03, 0x04, 0x03, 0x01, 0x00, 0x01, 0x4d, 0x04, 0x04, 0x00, 0x00, 0x04, 
	0x07, 0x04, 0x07, 0x06, 0x05, 0x00, 0x03, 0x00, 0x03, 0x11, 0x06, 0x09, 0x15, 0x2b, 0xb1, 0x06, 
	0x00, 0x44, 0x13, 0x35, 0x33, 0x15, 0x33, 0x35, 0x33, 0x15, 0x7d, 0xfa, 0x7d, 0xfa, 0x03, 0x6b, 
	0x7d, 0x7d, 0x7d, 0x7d, 0x00, 0x01, 0x01, 0x77, 0x03, 0x6b, 0x02, 0x71, 0x03, 0xe8, 0x00, 0x03, 
	0x00, 0x26, 0xb1, 0x06, 0x64, 0x44, 0x40, 0x1b, 0x00, 0x00, 0x01, 0x01, 0x00, 0x55, 0x00, 0x00, 
	0x00, 0x01, 0x5d, 0x02, 0x01, 0x01, 0x00, 0x01, 0x4d, 0x00, 0x00, 0x00, 0x03, 0x00, 0x03, 0x11, 
	0x03, 0x09, 0x15, 0x2b, 0xb1, 0x06, 0x00, 0x44, 0x01, 0x35, 0x33, 0x15, 0x01, 0x77, 0xfa, 0x03, 
	0x6b, 0x7d, 0x7d, 0x00, 0x00, 0x02, 0x01, 0x77, 0x02, 0xee, 0x02, 0x71, 0x03, 0xe8, 0x00, 0x03, 
	0x00, 0x07, 0x00, 0x38, 0xb1, 0x06, 0x64, 0x44, 0x40, 0x2d, 0x04, 0x01, 0x01, 0x00, 0x00, 0x03, 
	0x01, 0x00, 0x65, 0x05, 0x01, 0x03, 0x02, 0x02, 0x03, 0x55, 0x05, 0x01, 0x03, 0x03, 0x02, 0x5d, 
	0x00, 0x02, 0x03, 0x02, 0x4d, 0x04, 0x04, 0x00, 0x00, 0x04, 0x07, 0x04, 0x07, 0x06, 0x05, 0x00, 
	0x03, 0x00, 0x03, 0x11, 0x06, 0x09, 0x15, 0x2b, 0xb1, 0x06, 0x00, 0x44, 0x01, 0x15, 0x23, 0x35, 
	0x17, 0x15, 0x23, 0x35, 0x01, 0xf4, 0x7d, 0xfa, 0x7d, 0x03, 0xe8, 0x7d, 0x7d, 0x7d, 0x7d, 0x7d, 
	0x00, 0x04, 0x00, 0x7d, 0x02, 0xee, 0x02, 0xee, 0x03, 0xe8, 0x00, 0x03, 0x00, 0x07, 0x00, 0x0b, 
	0x00, 0x0f, 0x00, 0x3d, 0xb1, 0x06, 0x64, 0x44, 0x40, 0x32, 0x08, 0x03, 0x02, 0x00, 0x02, 0x01, 
	0x01, 0x04, 0x00, 0x01, 0x65, 0x06, 0x01, 0x04, 0x05, 0x05, 0x04, 0x55, 0x06, 0x01, 0x04, 0x04, 
	0x05, 0x5d, 0x07, 0x01, 0x05, 0x04, 0x05, 0x4d, 0x04, 0x04, 0x0f, 0x0e, 0x0d, 0x0c, 0x0b, 0x0a, 
	0x09, 0x08, 0x04, 0x07, 0x04, 0x07, 0x12, 0x11, 0x10, 0x09, 0x09, 0x17, 0x2b, 0xb1, 0x06, 0x00, 
	0x44, 0x13, 0x33, 0x15, 0x23, 0x25, 0x15, 0x23, 0x35, 0x05, 0x33, 0x15, 0x23, 0x25, 0x33, 0x15, 
	0x23, 0xfa, 0x7d, 0x7d, 0x01, 0xf4, 0x7d, 0xfe, 0x0c, 0x7d, 0x7d, 0x01, 0x77, 0x7d, 0x7d, 0x03, 
	0xe8, 0x7d, 0x7d, 0x7d, 0x7d, 0x7d, 0x7d, 0x7d, 0x7d, 0x00, 0x00, 0x00, 0x00, 0x01, 0x00, 0x7d, 
	0x03, 0x6b, 0x02, 0xee, 0x03, 0xe8, 0x00, 0x03, 0x00, 0x26, 0xb1, 0x06, 0x64, 0x44, 0x40, 0x1b, 
	0x00, 0x00, 0x01, 0x01, 0x00, 0x55, 0x00, 0x00, 0x00, 0x01, 0x5d, 0x02, 0x01, 0x01, 0x00, 0x01, 
	0x4d, 0x00, 0x00, 0x00, 0x03, 0x00, 0x03, 0x11, 0x03, 0x09, 0x15, 0x2b, 0xb1, 0x06, 0x00, 0x44, 
	0x13, 0x35, 0x21, 0x15, 0x7d, 0x02, 0x71, 0x03, 0x6b, 0x7d, 0x7d, 0x00, 0x00, 0x03, 0x00, 0xfa, 
	0x00, 0x00, 0x02, 0x71, 0x01, 0x77, 0x00, 0x03, 0x00, 0x07, 0x00, 0x0b, 0x00, 0x42, 0xb1, 0x06, 
	0x64, 0x44, 0x40, 0x37, 0x00, 0x01, 0x00, 0x00, 0x03, 0x01, 0x00, 0x65, 0x06, 0x01, 0x03, 0x00, 
	0x02, 0x05, 0x03, 0x02, 0x65, 0x07, 0x01, 0x05, 0x04, 0x04, 0x05, 0x55, 0x07, 0x01, 0x05, 0x05, 
	0x04, 0x5d, 0x00, 0x04, 0x05, 0x04, 0x4d, 0x08, 0x08, 0x04, 0x04, 0x08, 0x0b, 0x08, 0x0b, 0x0a, 
	0x09, 0x04, 0x07, 0x04, 0x07, 0x12, 0x11, 0x10, 0x08, 0x09, 0x17, 0x2b, 0xb1, 0x06, 0x00, 0x44, 
	0x25, 0x23, 0x35, 0x33, 0x07, 0x15, 0x23, 0x35, 0x05, 0x15, 0x23, 0x35, 0x01, 0xf4, 0x7d, 0x7d, 
	0x7d, 0x7d, 0x01, 0x77, 0xfa, 0xfa, 0x7d, 0x7d, 0x7d, 0x7d, 0x7d, 0x7d, 0x7d, 0x00, 0x00, 0x00, 
	0x00, 0x02, 0x00, 0x7d, 0x02, 0x71, 0x02, 0xee, 0x03, 0xe8, 0x00, 0x0b, 0x00, 0x0f, 0x00, 0x40, 
	0xb1, 0x06, 0x64, 0x44, 0x40, 0x35, 0x00, 0x02, 0x00, 0x07, 0x01, 0x02, 0x07, 0x65, 0x03, 0x01, 
	0x01, 0x04, 0x01, 0x00, 0x06, 0x01, 0x00, 0x65, 0x00, 0x06, 0x05, 0x05, 0x06, 0x55, 0x00, 0x06, 
	0x06, 0x05, 0x5d, 0x08, 0x01, 0x05, 0x06, 0x05, 0x4d, 0x00, 0x00, 0x0f, 0x0e, 0x0d, 0x0c, 0x00, 
	0x0b, 0x00, 0x0b, 0x11, 0x11, 0x11, 0x11, 0x11, 0x09, 0x09, 0x19, 0x2b, 0xb1, 0x06, 0x00, 0x44, 
	0x13, 0x35, 0x23, 0x35, 0x33, 0x35, 0x21, 0x15, 0x33, 0x15, 0x23, 0x15, 0x27, 0x33, 0x35, 0x23, 
	0xfa, 0x7d, 0x7d, 0x01, 0x77, 0x7d, 0x7d, 0xfa, 0x7d, 0x7d, 0x02, 0x71, 0x7d, 0x7d, 0x7d, 0x7d, 
	0x7d, 0x7d, 0x7d, 0x7d, 0x00, 0x03, 0x00, 0x7d, 0x02, 0xee, 0x02, 0xee, 0x03, 0xe8, 0x00, 0x07, 
	0x00, 0x0b, 0x00, 0x0f, 0x00, 0x3b, 0xb1, 0x06, 0x64, 0x44, 0x40, 0x30, 0x08, 0x05, 0x02, 0x03, 
	0x04, 0x01, 0x02, 0x00, 0x03, 0x02, 0x65, 0x06, 0x01, 0x00, 0x01, 0x01, 0x00, 0x55, 0x06, 0x01, 
	0x00, 0x00, 0x01, 0x5d, 0x07, 0x01, 0x01, 0x00, 0x01, 0x4d, 0x08, 0x08, 0x0f, 0x0e, 0x0d, 0x0c, 
	0x08, 0x0b, 0x08, 0x0b, 0x12, 0x11, 0x11, 0x11, 0x10, 0x09, 0x09, 0x19, 0x2b, 0xb1, 0x06, 0x00, 
	0x44, 0x01, 0x33, 0x15, 0x23, 0x35, 0x23, 0x35, 0x33, 0x33, 0x15, 0x23, 0x35, 0x05, 0x33, 0x15, 
	0x23, 0x01, 0xf4, 0x7d, 0xfa, 0x7d, 0xfa, 0xfa, 0x7d, 0xfe, 0x0c, 0x7d, 0x7d, 0x03, 0x6b, 0x7d, 
	0x7d, 0x7d, 0x7d, 0x7d, 0x7d, 0x7d, 0x00, 0x00, 0x00, 0x02, 0x01, 0x77, 0x02, 0xee, 0x02, 0x71, 
	0x03, 0xe8, 0x00, 0x03, 0x00, 0x07, 0x00, 0x32, 0xb1, 0x06, 0x64, 0x44, 0x40, 0x27, 0x04, 0x01, 
	0x01, 0x00, 0x00, 0x02, 0x01, 0x00, 0x65, 0x00, 0x02, 0x03, 0x03, 0x02, 0x55, 0x00, 0x02, 0x02, 
	0x03, 0x5d, 0x00, 0x03, 0x02, 0x03, 0x4d, 0x00, 0x00, 0x07, 0x06, 0x05, 0x04, 0x00, 0x03, 0x00, 
	0x03, 0x11, 0x05, 0x08, 0x15, 0x2b, 0xb1, 0x06, 0x00, 0x44, 0x01, 0x15, 0x23, 0x35, 0x07, 0x33, 
	0x15, 0x23, 0x02, 0x71, 0x7d, 0x7d, 0x7d, 0x7d, 0x03, 0xe8, 0x7d, 0x7d, 0x7d, 0x7d, 0x00, 0x00, 
	0x00, 0x04, 0x00, 0x7d, 0x02, 0xee, 0x03, 0x6b, 0x03, 0xe8, 0x00, 0x03, 0x00, 0x07, 0x00, 0x0b, 
	0x00, 0x0f, 0x00, 0x3a, 0xb1, 0x06, 0x64, 0x44, 0x40, 0x2f, 0x08, 0x05, 0x02, 0x03, 0x00, 0x04, 
	0x03, 0x02, 0x01, 0x06, 0x00, 0x01, 0x65, 0x00, 0x06, 0x07, 0x07, 0x06, 0x55, 0x00, 0x06, 0x06, 
	0x07, 0x5d, 0x00, 0x07, 0x06, 0x07, 0x4d, 0x08, 0x08, 0x0f, 0x0e, 0x0d, 0x0c, 0x08, 0x0b, 0x08, 
	0x0b, 0x12, 0x11, 0x11, 0x11, 0x10, 0x09, 0x08, 0x19, 0x2b, 0xb1, 0x06, 0x00, 0x44, 0x13, 0x33, 
	0x15, 0x23, 0x25, 0x33, 0x15, 0x23, 0x25, 0x15, 0x23, 0x35, 0x05, 0x33, 0x15, 0x23, 0x7d, 0x7d, 
	0x7d, 0x01, 0x77, 0x7d, 0x7d, 0x01, 0x77, 0x7d, 0xfe, 0x89, 0x7d, 0x7d, 0x03, 0xe8, 0x7d, 0x7d, 
	0x7d, 0x7d, 0x7d, 0x7d, 0x7d, 0x7d, 0x00, 0x00, 0x00, 0x03, 0xfc, 0xd6, 0x02, 0xee, 0xff, 0x47, 
	0x03, 0xe8, 0x00, 0x03, 0x00, 0x07, 0x00, 0x0b, 0x00, 0x0a, 0xb7, 0x0a, 0x08, 0x05, 0x04, 0x01, 
	0x00, 0x03, 0x30, 0x2b, 0x01, 0x15, 0x23, 0x35, 0x21, 0x15, 0x23, 0x35, 0x05, 0x21, 0x15, 0x21, 
	0xfd, 0x53, 0x7d, 0x02, 0x71, 0x7d, 0xfe, 0x89, 0x01, 0x77, 0xfe, 0x89, 0x03, 0xe8, 0x7d, 0x7d, 
	0x7d, 0x7d, 0x7d, 0x7d, 0x00, 0x03, 0x00, 0x7d, 0x00, 0x7d, 0x03, 0x6b, 0x03, 0xe8, 0x00, 0x03, 
	0x00, 0x0b, 0x00, 0x0f, 0x00, 0x0a, 0xb7, 0x0e, 0x0c, 0x06, 0x04, 0x01, 0x00, 0x03, 0x30, 0x2b, 
	0x37, 0x11, 0x21, 0x11, 0x01, 0x21, 0x11, 0x21, 0x15, 0x21, 0x15, 0x23, 0x11, 0x33, 0x35, 0x23, 
	0x7d, 0x02, 0xee, 0xfe, 0x0c, 0x01, 0x77, 0xfe, 0x0c, 0x01, 0x77, 0xfa, 0x7d, 0x7d, 0x7d, 0x03, 
	0x6b, 0xfc, 0x95, 0x01, 0x77, 0x01, 0x77, 0x7d, 0x7d, 0xfe, 0x89, 0x7d, 0x00, 0x01, 0x00, 0x7d, 
	0x00, 0x7d, 0x02, 0xee, 0x01, 0x77, 0x00, 0x05, 0x00, 0x06, 0xb3, 0x03, 0x00, 0x01, 0x30, 0x2b, 
	0x37, 0x35, 0x33, 0x35, 0x21, 0x15, 0x7d, 0xfa, 0x01, 0x77, 0x7d, 0x7d, 0x7d, 0xfa, 0x00, 0x00, 
	0x00, 0x01, 0x00, 0x00, 0x00, 0x03, 0x00, 0x00, 0x1a, 0x6f, 0x58, 0x35, 0x5f, 0x0f, 0x3c, 0xf5, 
	0x00, 0x03, 0x03, 0xe8, 0x00, 0x00, 0x00, 0x00, 0xd4, 0x27, 0x20, 0xf6, 0x00, 0x00, 0x00, 0x00, 
	0xd4, 0x76, 0xe3, 0x92, 0xfc, 0xd6, 0xfe, 0x8a, 0x03, 0xe8, 0x03, 0xe8, 0x00, 0x00, 0x00, 0x07, 
	0x00, 0x02, 0x00, 0x00, 0x00, 0x00, 0x00, 0x00, 0x00, 0x01, 0x00, 0x00, 0x03, 0xe8, 0x00, 0x00, 
	0x00, 0x00, 0x03, 0xe8, 0xfc, 0xd6, 0x00, 0x00, 0x03, 0xe8, 0x00, 0x01, 0x00, 0x00, 0x00, 0x00, 
	0x00, 0x00, 0x00, 0x00, 0x00, 0x00, 0x00, 0x00, 0x00, 0x00, 0x02, 0x91, 0x03, 0xe8, 0x00, 0x7d, 
	0x00, 0x00, 0x00, 0x00, 0x03, 0xe8, 0x00, 0x00, 0x03, 0xe8, 0x00, 0x00, 0x03, 0xe8, 0x00, 0x00, 
	0x03, 0xe8, 0x00, 0x00, 0x03, 0xe8, 0x00, 0x00, 0x03, 0xe8, 0x00, 0x00, 0x03, 0xe8, 0x00, 0x00, 
	0x03, 0xe8, 0x00, 0x00, 0x03, 0xe8, 0x00, 0x00, 0x03, 0xe8, 0x00, 0x00, 0x03, 0xe8, 0x00, 0x00, 
	0x03, 0xe8, 0x00, 0x00, 0x03, 0xe8, 0x00, 0x00, 0x03, 0xe8, 0x00, 0x00, 0x03, 0xe8, 0x00, 0x00, 
	0x03, 0xe8, 0x00, 0x00, 0x03, 0xe8, 0x00, 0x00, 0x03, 0xe8, 0x00, 0x00, 0x03, 0xe8, 0x00, 0x00, 
	0x03, 0xe8, 0x00, 0x00, 0x03, 0xe8, 0x00, 0x00, 0x03, 0xe8, 0x00, 0x00, 0x03, 0xe8, 0x00, 0x00, 
	0x03, 0xe8, 0x00, 0x00, 0x03, 0xe8, 0x00, 0x00, 0x03, 0xe8, 0x00, 0x00, 0x03, 0xe8, 0x00, 0x00, 
	0x03, 0xe8, 0x00, 0x00, 0x03, 0xe8, 0x00, 0x00, 0x03, 0xe8, 0x00, 0x00, 0x03, 0xe8, 0x00, 0x00, 
	0x03, 0xe8, 0x00, 0x00, 0x03, 0xe8, 0x00, 0x00, 0x03, 0xe8, 0x00, 0x00, 0x03, 0xe8, 0x00, 0x00, 
	0x03, 0xe8, 0x00, 0x00, 0x03, 0xe8, 0x00, 0x00, 0x03, 0xe8, 0x00, 0x00, 0x03, 0xe8, 0x00, 0x00, 
	0x03, 0xe8, 0x00, 0x00, 0x03, 0xe8, 0x00, 0x00, 0x03, 0xe8, 0x00, 0x00, 0x03, 0xe8, 0x00, 0x00, 
	0x03, 0xe8, 0x00, 0x7d, 0x03, 0xe8, 0x00, 0x00, 0x03, 0xe8, 0x00, 0x7d, 0x03, 0xe8, 0x00, 0x7d, 
	0x03, 0xe8, 0x00, 0x7d, 0x03, 0xe8, 0x00, 0x7d, 0x03, 0xe8, 0x00, 0x7d, 0x03, 0xe8, 0x00, 0x7d, 
	0x03, 0xe8, 0x00, 0x7d, 0x03, 0xe8, 0x00, 0x7d, 0x03, 0xe8, 0x00, 0x7d, 0x03, 0xe8, 0x00, 0x00, 
	0x03, 0xe8, 0x00, 0x00, 0x03, 0xe8, 0x00, 0x00, 0x03, 0xe8, 0x00, 0x00, 0x03, 0xe8, 0x00, 0x7d, 
	0x03, 0xe8, 0x00, 0x7d, 0x03, 0xe8, 0x00, 0x7d, 0x03, 0xe8, 0x00, 0x7d, 0x03, 0xe8, 0x00, 0x7d, 
	0x03, 0xe8, 0x00, 0x00, 0x03, 0xe8, 0x00, 0x00, 0x03, 0xe8, 0x00, 0x00, 0x03, 0xe8, 0x00, 0x00, 
	0x03, 0xe8, 0x00, 0x00, 0x03, 0xe8, 0x00, 0x00, 0x03, 0xe8, 0x00, 0x00, 0x03, 0xe8, 0x00, 0x00, 
	0x03, 0xe8, 0x00, 0x00, 0x03, 0xe8, 0x00, 0x00, 0x03, 0xe8, 0x00, 0x00, 0x03, 0xe8, 0x00, 0x00, 
	0x03, 0xe8, 0x00, 0x00, 0x03, 0xe8, 0x00, 0x00, 0x03, 0xe8, 0x00, 0x00, 0x03, 0xe8, 0x00, 0x00, 
	0x03, 0xe8, 0x00, 0x00, 0x03, 0xe8, 0x00, 0x00, 0x03, 0xe8, 0x00, 0x00, 0x03, 0xe8, 0x00, 0x00, 
	0x03, 0xe8, 0x00, 0x00, 0x03, 0xe8, 0x00, 0x00, 0x03, 0xe8, 0x00, 0x00, 0x03, 0xe8, 0x00, 0x00, 
	0x03, 0xe8, 0x00, 0x00, 0x03, 0xe8, 0x00, 0x00, 0x03, 0xe8, 0x00, 0x00, 0x03, 0xe8, 0x00, 0x00, 
	0x03, 0xe8, 0x00, 0x00, 0x03, 0xe8, 0x00, 0x00, 0x03, 0xe8, 0x00, 0x00, 0x03, 0xe8, 0x00, 0x7d, 
	0x03, 0xe8, 0x00, 0x7d, 0x03, 0xe8, 0x00, 0x7d, 0x03, 0xe8, 0x00, 0x7d, 0x03, 0xe8, 0x00, 0x00, 
	0x03, 0xe8, 0x00, 0x00, 0x03, 0xe8, 0x00, 0x00, 0x03, 0xe8, 0x00, 0x00, 0x03, 0xe8, 0x00, 0x00, 
	0x03, 0xe8, 0x00, 0x00, 0x03, 0xe8, 0x00, 0x00, 0x03, 0xe8, 0x00, 0x00, 0x03, 0xe8, 0x00, 0x00, 
	0x03, 0xe8, 0x00, 0x00, 0x03, 0xe8, 0x00, 0x00, 0x03, 0xe8, 0x00, 0x00, 0x03, 0xe8, 0x00, 0x00, 
	0x03, 0xe8, 0x00, 0x00, 0x03, 0xe8, 0x00, 0x00, 0x03, 0xe8, 0x00, 0x7d, 0x03, 0xe8, 0x00, 0x7d, 
	0x03, 0xe8, 0x00, 0x7d, 0x03, 0xe8, 0x00, 0x7d, 0x03, 0xe8, 0x00, 0x00, 0x03, 0xe8, 0x00, 0x00, 
	0x03, 0xe8, 0x00, 0x00, 0x03, 0xe8, 0x00, 0x00, 0x03, 0xe8, 0x00, 0x00, 0x03, 0xe8, 0x00, 0x00, 
	0x03, 0xe8, 0x00, 0x00, 0x03, 0xe8, 0x00, 0x00, 0x03, 0xe8, 0x00, 0x00, 0x03, 0xe8, 0x00, 0x00, 
	0x03, 0xe8, 0x00, 0x00, 0x03, 0xe8, 0x00, 0x00, 0x03, 0xe8, 0x00, 0x00, 0x03, 0xe8, 0x00, 0x00, 
	0x03, 0xe8, 0x00, 0x00, 0x03, 0xe8, 0x00, 0x00, 0x03, 0xe8, 0x00, 0x00, 0x03, 0xe8, 0x00, 0x00, 
	0x03, 0xe8, 0x00, 0x00, 0x03, 0xe8, 0x00, 0x00, 0x03, 0xe8, 0x00, 0x00, 0x03, 0xe8, 0x00, 0x00, 
	0x03, 0xe8, 0x00, 0x00, 0x03, 0xe8, 0x00, 0x00, 0x03, 0xe8, 0x00, 0x00, 0x03, 0xe8, 0x00, 0x00, 
	0x03, 0xe8, 0x00, 0x00, 0x03, 0xe8, 0x00, 0x00, 0x03, 0xe8, 0x00, 0x00, 0x03, 0xe8, 0x00, 0x00, 
	0x03, 0xe8, 0x00, 0x00, 0x03, 0xe8, 0x00, 0x00, 0x03, 0xe8, 0x00, 0x00, 0x03, 0xe8, 0x00, 0x00, 
	0x03, 0xe8, 0x00, 0x00, 0x03, 0xe8, 0x00, 0x00, 0x03, 0xe8, 0x00, 0x7d, 0x03, 0xe8, 0x00, 0x00, 
	0x03, 0xe8, 0x00, 0x00, 0x03, 0xe8, 0x00, 0x00, 0x03, 0xe8, 0x00, 0x00, 0x03, 0xe8, 0x00, 0x00, 
	0x03, 0xe8, 0x00, 0x00, 0x03, 0xe8, 0x00, 0x00, 0x03, 0xe8, 0x00, 0x00, 0x03, 0xe8, 0x00, 0x7d, 
	0x03, 0xe8, 0x00, 0x7d, 0x03, 0xe8, 0x00, 0x7d, 0x03, 0xe8, 0x00, 0x7d, 0x03, 0xe8, 0x00, 0x7d, 
	0x03, 0xe8, 0x00, 0x7d, 0x03, 0xe8, 0x00, 0x7d, 0x03, 0xe8, 0x00, 0x00, 0x03, 0xe8, 0x00, 0x7d, 
	0x03, 0xe8, 0x00, 0x7d, 0x03, 0xe8, 0x00, 0x7d, 0x03, 0xe8, 0x00, 0x7d, 0x03, 0xe8, 0x00, 0x7d, 
	0x03, 0xe8, 0x00, 0x00, 0x03, 0xe8, 0x00, 0x00, 0x03, 0xe8, 0x00, 0x00, 0x03, 0xe8, 0x00, 0x7d, 
	0x03, 0xe8, 0x00, 0x00, 0x03, 0xe8, 0x00, 0x00, 0x03, 0xe8, 0x00, 0x7d, 0x03, 0xe8, 0x00, 0x00, 
	0x03, 0xe8, 0x00, 0x7d, 0x03, 0xe8, 0x00, 0x00, 0x03, 0xe8, 0x00, 0x00, 0x03, 0xe8, 0x00, 0x00, 
	0x03, 0xe8, 0x00, 0x00, 0x03, 0xe8, 0x00, 0x00, 0x03, 0xe8, 0x00, 0x00, 0x03, 0xe8, 0x00, 0x00, 
	0x03, 0xe8, 0x00, 0x00, 0x03, 0xe8, 0x00, 0x00, 0x03, 0xe8, 0x00, 0x00, 0x03, 0xe8, 0x00, 0x00, 
	0x03, 0xe8, 0x00, 0x00, 0x03, 0xe8, 0x00, 0x00, 0x03, 0xe8, 0x00, 0x00, 0x03, 0xe8, 0x00, 0x00, 
	0x03, 0xe8, 0x00, 0x00, 0x03, 0xe8, 0x00, 0x00, 0x03, 0xe8, 0x00, 0x00, 0x03, 0xe8, 0x00, 0x00, 
	0x03, 0xe8, 0x00, 0x00, 0x03, 0xe8, 0x00, 0x00, 0x03, 0xe8, 0x00, 0x7d, 0x03, 0xe8, 0x00, 0x7d, 
	0x03, 0xe8, 0x00, 0x7d, 0x03, 0xe8, 0x00, 0x7d, 0x03, 0xe8, 0x00, 0x00, 0x03, 0xe8, 0x00, 0x00, 
	0x03, 0xe8, 0x00, 0x00, 0x03, 0xe8, 0x00, 0x00, 0x03, 0xe8, 0x00, 0x00, 0x03, 0xe8, 0x00, 0x7d, 
	0x03, 0xe8, 0x01, 0x77, 0x03, 0xe8, 0x00, 0x7d, 0x03, 0xe8, 0x00, 0x7d, 0x03, 0xe8, 0x00, 0x7d, 
	0x03, 0xe8, 0x00, 0x7d, 0x03, 0xe8, 0x00, 0x00, 0x03, 0xe8, 0x00, 0x00, 0x03, 0xe8, 0x00, 0x00, 
	0x03, 0xe8, 0x00, 0x00, 0x03, 0xe8, 0x00, 0x00, 0x03, 0xe8, 0x00, 0x00, 0x03, 0xe8, 0x00, 0x00, 
	0x03, 0xe8, 0x00, 0x00, 0x03, 0xe8, 0x00, 0x00, 0x03, 0xe8, 0x00, 0x00, 0x03, 0xe8, 0x00, 0x00, 
	0x03, 0xe8, 0x00, 0x7d, 0x03, 0xe8, 0x00, 0x00, 0x03, 0xe8, 0x00, 0x00, 0x03, 0xe8, 0x00, 0x00, 
	0x03, 0xe8, 0x00, 0x00, 0x03, 0xe8, 0x00, 0x00, 0x03, 0xe8, 0x00, 0x00, 0x03, 0xe8, 0x00, 0x00, 
	0x03, 0xe8, 0x00, 0x00, 0x03, 0xe8, 0x00, 0x00, 0x03, 0xe8, 0x00, 0x00, 0x03, 0xe8, 0x00, 0x00, 
	0x03, 0xe8, 0x00, 0x00, 0x03, 0xe8, 0x00, 0x00, 0x03, 0xe8, 0x00, 0x7d, 0x03, 0xe8, 0x00, 0x7d, 
	0x03, 0xe8, 0x00, 0x00, 0x03, 0xe8, 0x00, 0x00, 0x03, 0xe8, 0x00, 0x00, 0x03, 0xe8, 0x00, 0x7d, 
	0x03, 0xe8, 0x00, 0x7d, 0x03, 0xe8, 0x00, 0x7d, 0x03, 0xe8, 0x00, 0x00, 0x03, 0xe8, 0x00, 0x00, 
	0x03, 0xe8, 0x00, 0x00, 0x03, 0xe8, 0x00, 0x00, 0x03, 0xe8, 0x00, 0x00, 0x03, 0xe8, 0x00, 0x00, 
	0x03, 0xe8, 0x00, 0x00, 0x03, 0xe8, 0x00, 0x00, 0x03, 0xe8, 0x00, 0x00, 0x03, 0xe8, 0x00, 0x00, 
	0x03, 0xe8, 0x00, 0x00, 0x03, 0xe8, 0x00, 0x00, 0x03, 0xe8, 0x00, 0x00, 0x03, 0xe8, 0x00, 0x00, 
	0x03, 0xe8, 0x00, 0x00, 0x03, 0xe8, 0x00, 0x00, 0x03, 0xe8, 0x00, 0x00, 0x03, 0xe8, 0x00, 0x00, 
	0x03, 0xe8, 0x00, 0x7d, 0x03, 0xe8, 0x00, 0x00, 0x03, 0xe8, 0x00, 0x00, 0x03, 0xe8, 0x00, 0x00, 
	0x03, 0xe8, 0x00, 0x00, 0x03, 0xe8, 0x00, 0x00, 0x03, 0xe8, 0x00, 0x00, 0x03, 0xe8, 0x00, 0x00, 
	0x03, 0xe8, 0x00, 0x00, 0x03, 0xe8, 0x00, 0x00, 0x03, 0xe8, 0x00, 0x00, 0x03, 0xe8, 0x00, 0x00, 
	0x03, 0xe8, 0x00, 0x00, 0x03, 0xe8, 0x00, 0x00, 0x03, 0xe8, 0x00, 0x00, 0x03, 0xe8, 0x00, 0x00, 
	0x03, 0xe8, 0x00, 0x00, 0x03, 0xe8, 0x00, 0x00, 0x03, 0xe8, 0x00, 0x7d, 0x03, 0xe8, 0x00, 0x7d, 
	0x03, 0xe8, 0x00, 0x00, 0x03, 0xe8, 0x00, 0x00, 0x03, 0xe8, 0x00, 0x00, 0x03, 0xe8, 0x00, 0x00, 
	0x03, 0xe8, 0x00, 0x00, 0x03, 0xe8, 0x00, 0x00, 0x03, 0xe8, 0x00, 0x00, 0x03, 0xe8, 0x00, 0x00, 
	0x03, 0xe8, 0x00, 0x00, 0x03, 0xe8, 0x00, 0x00, 0x03, 0xe8, 0x00, 0x7d, 0x03, 0xe8, 0x00, 0x00, 
	0x03, 0xe8, 0x00, 0x00, 0x03, 0xe8, 0x00, 0x00, 0x03, 0xe8, 0x00, 0x00, 0x03, 0xe8, 0x00, 0x00, 
	0x03, 0xe8, 0x00, 0x00, 0x03, 0xe8, 0x00, 0x00, 0x03, 0xe8, 0x00, 0x00, 0x03, 0xe8, 0x00, 0x7d, 
	0x03, 0xe8, 0x00, 0x7d, 0x03, 0xe8, 0x00, 0x7d, 0x03, 0xe8, 0x00, 0x00, 0x03, 0xe8, 0x00, 0x00, 
	0x03, 0xe8, 0x00, 0x7d, 0x03, 0xe8, 0x00, 0x7d, 0x03, 0xe8, 0x00, 0x00, 0x03, 0xe8, 0x00, 0x00, 
	0x03, 0xe8, 0x00, 0x00, 0x03, 0xe8, 0x00, 0x00, 0x03, 0xe8, 0x00, 0x00, 0x03, 0xe8, 0x00, 0x00, 
	0x03, 0xe8, 0x00, 0x00, 0x03, 0xe8, 0x00, 0x00, 0x03, 0xe8, 0x00, 0x00, 0x03, 0xe8, 0x00, 0x00, 
	0x03, 0xe8, 0x00, 0x00, 0x03, 0xe8, 0x00, 0x00, 0x03, 0xe8, 0x00, 0x00, 0x03, 0xe8, 0x00, 0x00, 
	0x03, 0xe8, 0x00, 0x00, 0x03, 0xe8, 0x00, 0x00, 0x03, 0xe8, 0x00, 0x7d, 0x03, 0xe8, 0x00, 0x00, 
	0x03, 0xe8, 0x00, 0x00, 0x03, 0xe8, 0x00, 0x00, 0x03, 0xe8, 0x00, 0x00, 0x03, 0xe8, 0x00, 0x00, 
	0x03, 0xe8, 0x00, 0x00, 0x03, 0xe8, 0x00, 0x7d, 0x03, 0xe8, 0x00, 0x7d, 0x03, 0xe8, 0x00, 0x7d, 
	0x03, 0xe8, 0x00, 0x00, 0x03, 0xe8, 0x00, 0x00, 0x03, 0xe8, 0x00, 0x00, 0x03, 0xe8, 0x00, 0x00, 
	0x03, 0xe8, 0x00, 0x00, 0x03, 0xe8, 0x00, 0x00, 0x03, 0xe8, 0x00, 0x00, 0x03, 0xe8, 0x00, 0x00, 
	0x03, 0xe8, 0x00, 0x00, 0x03, 0xe8, 0x00, 0x00, 0x03, 0xe8, 0x00, 0x00, 0x03, 0xe8, 0x00, 0x00, 
	0x03, 0xe8, 0x00, 0x00, 0x03, 0xe8, 0x00, 0x00, 0x03, 0xe8, 0x00, 0x00, 0x03, 0xe8, 0x00, 0x00, 
	0x03, 0xe8, 0x00, 0x00, 0x03, 0xe8, 0x00, 0x00, 0x03, 0xe8, 0x00, 0x7d, 0x03, 0xe8, 0x00, 0x00, 
	0x03, 0xe8, 0x00, 0x00, 0x03, 0xe8, 0x00, 0x00, 0x03, 0xe8, 0x00, 0x00, 0x03, 0xe8, 0x00, 0x00, 
	0x03, 0xe8, 0x00, 0x00, 0x03, 0xe8, 0x00, 0x00, 0x03, 0xe8, 0x00, 0x00, 0x03, 0xe8, 0x00, 0x00, 
	0x03, 0xe8, 0x00, 0x00, 0x03, 0xe8, 0x00, 0x00, 0x03, 0xe8, 0x00, 0x00, 0x03, 0xe8, 0x00, 0x00, 
	0x03, 0xe8, 0x00, 0x00, 0x03, 0xe8, 0x00, 0x00, 0x03, 0xe8, 0x00, 0x00, 0x03, 0xe8, 0x00, 0x00, 
	0x03, 0xe8, 0x00, 0x7d, 0x03, 0xe8, 0x00, 0x7d, 0x03, 0xe8, 0x00, 0x7d, 0x03, 0xe8, 0x00, 0x00, 
	0x03, 0xe8, 0x00, 0x00, 0x03, 0xe8, 0x00, 0x00, 0x03, 0xe8, 0x00, 0x00, 0x03, 0xe8, 0x00, 0x00, 
	0x03, 0xe8, 0x00, 0x00, 0x03, 0xe8, 0x00, 0x00, 0x03, 0xe8, 0x00, 0x7d, 0x03, 0xe8, 0x00, 0x00, 
	0x03, 0xe8, 0x00, 0x7d, 0x03, 0xe8, 0x00, 0x00, 0x03, 0xe8, 0x00, 0x00, 0x03, 0xe8, 0x00, 0x00, 
	0x03, 0xe8, 0x00, 0x00, 0x03, 0xe8, 0x00, 0x00, 0x03, 0xe8, 0x00, 0x00, 0x03, 0xe8, 0x00, 0x00, 
	0x03, 0xe8, 0x00, 0x00, 0x03, 0xe8, 0x00, 0x7d, 0x03, 0xe8, 0x00, 0x7d, 0x03, 0xe8, 0x00, 0x7d, 
	0x03, 0xe8, 0x00, 0x00, 0x03, 0xe8, 0x00, 0x00, 0x03, 0xe8, 0x00, 0x00, 0x03, 0xe8, 0x00, 0x7d, 
	0x03, 0xe8, 0x00, 0x00, 0x03, 0xe8, 0x00, 0x00, 0x03, 0xe8, 0x00, 0x00, 0x03, 0xe8, 0x00, 0x00, 
	0x03, 0xe8, 0x00, 0x00, 0x03, 0xe8, 0x00, 0x00, 0x03, 0xe8, 0x00, 0x00, 0x03, 0xe8, 0x00, 0x00, 
	0x03, 0xe8, 0x00, 0x00, 0x03, 0xe8, 0x00, 0x00, 0x03, 0xe8, 0x00, 0x00, 0x03, 0xe8, 0x00, 0x00, 
	0x03, 0xe8, 0x00, 0x00, 0x03, 0xe8, 0x00, 0x00, 0x03, 0xe8, 0x00, 0x00, 0x03, 0xe8, 0x00, 0x00, 
	0x03, 0xe8, 0x00, 0x7d, 0x03, 0xe8, 0x00, 0x00, 0x03, 0xe8, 0x00, 0x00, 0x03, 0xe8, 0x00, 0x00, 
	0x03, 0xe8, 0x00, 0x00, 0x03, 0xe8, 0x00, 0x00, 0x03, 0xe8, 0x00, 0x00, 0x03, 0xe8, 0x00, 0x00, 
	0x03, 0xe8, 0x00, 0x00, 0x03, 0xe8, 0x00, 0x00, 0x03, 0xe8, 0x00, 0x7d, 0x03, 0xe8, 0x00, 0x00, 
	0x03, 0xe8, 0x00, 0x00, 0x03, 0xe8, 0x00, 0x00, 0x03, 0xe8, 0x00, 0x00, 0x03, 0xe8, 0x00, 0x00, 
	0x03, 0xe8, 0x00, 0x7d, 0x03, 0xe8, 0x00, 0x00, 0x03, 0xe8, 0x00, 0x00, 0x03, 0xe8, 0x00, 0x00, 
	0x03, 0xe8, 0x00, 0x00, 0x03, 0xe8, 0x00, 0x00, 0x03, 0xe8, 0x00, 0x00, 0x03, 0xe8, 0x00, 0x00, 
	0x03, 0xe8, 0x00, 0x00, 0x03, 0xe8, 0x00, 0x00, 0x03, 0xe8, 0x00, 0x7d, 0x03, 0xe8, 0x00, 0x7d, 
	0x03, 0xe8, 0x00, 0x00, 0x03, 0xe8, 0x00, 0x00, 0x03, 0xe8, 0x00, 0x00, 0x03, 0xe8, 0x00, 0x00, 
	0x03, 0xe8, 0x00, 0x00, 0x03, 0xe8, 0x00, 0x00, 0x03, 0xe8, 0x00, 0x00, 0x03, 0xe8, 0x00, 0x00, 
	0x03, 0xe8, 0x00, 0x00, 0x03, 0xe8, 0x00, 0x00, 0x03, 0xe8, 0x00, 0x00, 0x03, 0xe8, 0x00, 0x7d, 
	0x03, 0xe8, 0x00, 0x7d, 0x03, 0xe8, 0x00, 0x00, 0x03, 0xe8, 0x00, 0x00, 0x03, 0xe8, 0x00, 0x00, 
	0x03, 0xe8, 0x00, 0x00, 0x03, 0xe8, 0x00, 0x00, 0x03, 0xe8, 0x00, 0x00, 0x03, 0xe8, 0x00, 0x00, 
	0x03, 0xe8, 0x00, 0x00, 0x03, 0xe8, 0x00, 0x7d, 0x03, 0xe8, 0x00, 0x00, 0x03, 0xe8, 0x00, 0x00, 
	0x03, 0xe8, 0x00, 0x00, 0x03, 0xe8, 0x00, 0x00, 0x03, 0xe8, 0x00, 0x00, 0x03, 0xe8, 0x00, 0x00, 
	0x03, 0xe8, 0x00, 0x00, 0x03, 0xe8, 0x00, 0x00, 0x03, 0xe8, 0x00, 0x00, 0x03, 0xe8, 0x00, 0x00, 
	0x03, 0xe8, 0x00, 0x7d, 0x03, 0xe8, 0x00, 0x00, 0x03, 0xe8, 0x00, 0x00, 0x03, 0xe8, 0x00, 0x00, 
	0x03, 0xe8, 0x00, 0x00, 0x03, 0xe8, 0x00, 0x00, 0x03, 0xe8, 0x00, 0x7d, 0x03, 0xe8, 0x00, 0x00, 
	0x03, 0xe8, 0x00, 0x00, 0x03, 0xe8, 0x00, 0x00, 0x03, 0xe8, 0x00, 0x00, 0x03, 0xe8, 0x00, 0x00, 
	0x03, 0xe8, 0x00, 0x00, 0x03, 0xe8, 0x00, 0x00, 0x03, 0xe8, 0x00, 0x00, 0x03, 0xe8, 0x00, 0x00, 
	0x03, 0xe8, 0x00, 0x00, 0x03, 0xe8, 0x01, 0x77, 0x03, 0xe8, 0x00, 0x00, 0x03, 0xe8, 0x00, 0x7d, 
	0x03, 0xe8, 0x00, 0x00, 0x03, 0xe8, 0x00, 0x00, 0x03, 0xe8, 0x00, 0x00, 0x03, 0xe8, 0x00, 0x00, 
	0x03, 0xe8, 0x00, 0x00, 0x03, 0xe8, 0x00, 0x00, 0x03, 0xe8, 0x00, 0x00, 0x03, 0xe8, 0x00, 0x00, 
	0x03, 0xe8, 0x00, 0xfa, 0x03, 0xe8, 0x00, 0xfa, 0x03, 0xe8, 0x00, 0xfa, 0x03, 0xe8, 0x00, 0xfa, 
	0x03, 0xe8, 0x00, 0x00, 0x03, 0xe8, 0x00, 0x00, 0x03, 0xe8, 0x00, 0x00, 0x03, 0xe8, 0x00, 0x00, 
	0x03, 0xe8, 0x00, 0x00, 0x03, 0xe8, 0x00, 0x00, 0x03, 0xe8, 0x00, 0xfa, 0x03, 0xe8, 0x00, 0xfa, 
	0x03, 0xe8, 0x00, 0xfa, 0x03, 0xe8, 0x00, 0x7d, 0x03, 0xe8, 0x00, 0x00, 0x03, 0xe8, 0x00, 0xfa, 
	0x03, 0xe8, 0x00, 0xfa, 0x03, 0xe8, 0x00, 0x00, 0x03, 0xe8, 0x00, 0xfa, 0x03, 0xe8, 0x00, 0x00, 
	0x03, 0xe8, 0x00, 0x00, 0x03, 0xe8, 0x00, 0x7d, 0x03, 0xe8, 0x00, 0xfa, 0x03, 0xe8, 0x00, 0x7d, 
	0x03, 0xe8, 0x00, 0x00, 0x03, 0xe8, 0x00, 0x00, 0x03, 0xe8, 0x00, 0xfa, 0x03, 0xe8, 0x00, 0x7d, 
	0x03, 0xe8, 0x00, 0xfa, 0x03, 0xe8, 0x00, 0x7d, 0x03, 0xe8, 0x00, 0xfa, 0x03, 0xe8, 0x00, 0x7d, 
	0x03, 0xe8, 0x00, 0x00, 0x03, 0xe8, 0x00, 0x00, 0x03, 0xe8, 0x00, 0x00, 0x03, 0xe8, 0x00, 0x7d, 
	0x03, 0xe8, 0x00, 0x7d, 0x03, 0xe8, 0x00, 0x00, 0x03, 0xe8, 0x00, 0x00, 0x03, 0xe8, 0x00, 0xfa, 
	0x03, 0xe8, 0x00, 0x7d, 0x03, 0xe8, 0x00, 0x00, 0x03, 0xe8, 0x00, 0x7d, 0x03, 0xe8, 0x00, 0x7d, 
	0x03, 0xe8, 0x00, 0xfa, 0x03, 0xe8, 0x00, 0xfa, 0x03, 0xe8, 0x00, 0xfa, 0x03, 0xe8, 0x00, 0xfa, 
	0x03, 0xe8, 0x00, 0x7d, 0x03, 0xe8, 0x00, 0x00, 0x03, 0xe8, 0x00, 0x7d, 0x03, 0xe8, 0x00, 0x00, 
	0x03, 0xe8, 0x00, 0x7d, 0x03, 0xe8, 0x00, 0x00, 0x03, 0xe8, 0x00, 0x00, 0x03, 0xe8, 0x00, 0x00, 
	0x03, 0xe8, 0x00, 0x7d, 0x03, 0xe8, 0x00, 0x00, 0x03, 0xe8, 0x00, 0x00, 0x03, 0xe8, 0x00, 0x00, 
	0x03, 0xe8, 0x00, 0x7d, 0x03, 0xe8, 0x00, 0x7d, 0x03, 0xe8, 0x00, 0x7d, 0x03, 0xe8, 0x00, 0x00, 
	0x03, 0xe8, 0x00, 0x7d, 0x03, 0xe8, 0x00, 0x7d, 0x03, 0xe8, 0x00, 0x7d, 0x03, 0xe8, 0x00, 0x00, 
	0x03, 0xe8, 0x00, 0x00, 0x03, 0xe8, 0x00, 0x7d, 0x03, 0xe8, 0x00, 0x7d, 0x03, 0xe8, 0x00, 0xfa, 
	0x03, 0xe8, 0x00, 0xfa, 0x03, 0xe8, 0x00, 0x7d, 0x03, 0xe8, 0x00, 0x00, 0x03, 0xe8, 0x00, 0x00, 
	0x03, 0xe8, 0x00, 0x7d, 0x03, 0xe8, 0x00, 0x00, 0x03, 0xe8, 0x00, 0x7d, 0x03, 0xe8, 0x00, 0x00, 
	0x03, 0xe8, 0x00, 0x00, 0x03, 0xe8, 0x00, 0x00, 0x03, 0xe8, 0x00, 0x00, 0x03, 0xe8, 0x00, 0x00, 
	0x03, 0xe8, 0x00, 0x00, 0x03, 0xe8, 0x00, 0x00, 0x03, 0xe8, 0x00, 0x00, 0x03, 0xe8, 0x00, 0x00, 
	0x03, 0xe8, 0x00, 0x00, 0x03, 0xe8, 0x00, 0x00, 0x03, 0xe8, 0x00, 0x00, 0x03, 0xe8, 0x00, 0x00, 
	0x03, 0xe8, 0x00, 0x00, 0x03, 0xe8, 0x00, 0x00, 0x03, 0xe8, 0x00, 0x00, 0x03, 0xe8, 0x00, 0x00, 
	0x03, 0xe8, 0x00, 0x00, 0x03, 0xe8, 0x00, 0x00, 0x03, 0xe8, 0x00, 0x00, 0x03, 0xe8, 0x00, 0x7d, 
	0x03, 0xe8, 0x00, 0x00, 0x03, 0xe8, 0x00, 0x00, 0x03, 0xe8, 0x00, 0x00, 0x03, 0xe8, 0x00, 0x00, 
	0x03, 0xe8, 0x00, 0x00, 0x03, 0xe8, 0x00, 0x00, 0x03, 0xe8, 0x00, 0x7d, 0x03, 0xe8, 0x00, 0x7d, 
	0x03, 0xe8, 0x00, 0x00, 0x03, 0xe8, 0x00, 0x00, 0x03, 0xe8, 0x00, 0x7d, 0x03, 0xe8, 0x00, 0xfa, 
	0x03, 0xe8, 0x01, 0x77, 0x03, 0xe8, 0x01, 0x77, 0x03, 0xe8, 0x00, 0x7d, 0x03, 0xe8, 0x00, 0x7d, 
	0x03, 0xe8, 0x00, 0x00, 0x03, 0xe8, 0x00, 0x7d, 0x03, 0xe8, 0x00, 0x7d, 0x00, 0x00, 0xfd, 0x3a, 
	0x00, 0x00, 0xfd, 0x9e, 0x00, 0x00, 0xfd, 0x12, 0x00, 0x00, 0xfd, 0x1c, 0x03, 0xe8, 0x00, 0x00, 
	0x03, 0xe8, 0x00, 0x7d, 0x03, 0xe8, 0x01, 0x77, 0x03, 0xe8, 0x01, 0x77, 0x03, 0xe8, 0x01, 0x77, 
	0x03, 0xe8, 0x00, 0x7d, 0x03, 0xe8, 0x00, 0x7d, 0x03, 0xe8, 0x00, 0xfa, 0x03, 0xe8, 0x00, 0x7d, 
	0x03, 0xe8, 0x00, 0x7d, 0x03, 0xe8, 0x01, 0x77, 0x03, 0xe8, 0x01, 0x77, 0x03, 0xe8, 0x00, 0x7d, 
	0x03, 0xe8, 0x00, 0x7d, 0x03, 0xe8, 0x00, 0xfa, 0x03, 0xe8, 0x00, 0x7d, 0x03, 0xe8, 0x00, 0x7d, 
	0x03, 0xe8, 0x01, 0x77, 0x03, 0xe8, 0x00, 0x7d, 0x00, 0x00, 0xfc, 0xd6, 0x03, 0xe8, 0x00, 0x7d, 
	0x00, 0x7d, 0x00, 0x00, 0x00, 0x00, 0x00, 0x24, 0x00, 0x24, 0x00, 0x24, 0x00, 0x24, 0x00, 0x8a, 
	0x01, 0x0a, 0x01, 0x92, 0x02, 0x20, 0x02, 0xac, 0x03, 0x34, 0x03, 0xb4, 0x04, 0x46, 0x04, 0xc6, 
	0x05, 0x5e, 0x05, 0xcc, 0x06, 0x12, 0x06, 0x60, 0x06, 0xec, 0x07, 0x48, 0x07, 0xac, 0x08, 0x14, 
	0x08, 0x76, 0x08, 0xde, 0x09, 0x5c, 0x09, 0xde, 0x0a, 0x5c, 0x0a, 0x8a, 0x0a, 0xec, 0x0b, 0x60, 
	0x0b, 0xc6, 0x0c, 0x30, 0x0c, 0x7c, 0x0c, 0xbe, 0x0d, 0x28, 0x0d, 0x6a, 0x0d, 0xe2, 0x0e, 0x0c, 
	0x0e, 0x80, 0x0f, 0x02, 0x0f, 0x76, 0x10, 0x00, 0x10, 0x4c, 0x10, 0x78, 0x10, 0xae, 0x11, 0x08, 
	0x11, 0x32, 0x11, 0x78, 0x11, 0xb8, 0x12, 0x08, 0x12, 0x5c, 0x12, 0xa4, 0x12, 0xe2, 0x13, 0x2a, 
	0x13, 0x68, 0x13, 0xb8, 0x14, 0x24, 0x14, 0x50, 0x14, 0x8c, 0x15, 0x12, 0x15, 0xa8, 0x15, 0xc8, 
	0x15, 0xf8, 0x16, 0x42, 0x16, 0x74, 0x16, 0xa4, 0x16, 0xd6, 0x17, 0x10, 0x17, 0x4c, 0x17, 0x98, 
	0x17, 0xe8, 0x18, 0x3e, 0x18, 0x84, 0x18, 0xde, 0x19, 0x16, 0x19, 0x82, 0x19, 0xdc, 0x1a, 0x2a, 
	0x1a, 0x7e, 0x1a, 0xf2, 0x1b, 0x6c, 0x1b, 0xb6, 0x1c, 0x12, 0x1c, 0x8a, 0x1c, 0xca, 0x1d, 0x00, 
	0x1d, 0x3a, 0x1d, 0x8a, 0x1d, 0xfe, 0x1e, 0x86, 0x1f, 0x20, 0x1f, 0xb0, 0x20, 0x04, 0x20, 0x82, 
	0x21, 0x04, 0x21, 0x66, 0x21, 0xe4, 0x22, 0x06, 0x22, 0x3a, 0x22, 0x7e, 0x22, 0xb4, 0x22, 0xe0, 
	0x23, 0x24, 0x23, 0x76, 0x23, 0xc2, 0x24, 0x0a, 0x24, 0x52, 0x24, 0xa4, 0x24, 0xe2, 0x25, 0x52, 
	0x25, 0xb4, 0x26, 0x02, 0x26, 0x62, 0x26, 0xa2, 0x27, 0x16, 0x27, 0x98, 0x27, 0xe4, 0x28, 0x4e, 
	0x28, 0x94, 0x29, 0x00, 0x29, 0x80, 0x2a, 0x04, 0x2a, 0x8c, 0x2b, 0x08, 0x2b, 0x4a, 0x2b, 0xc8, 
	0x2c, 0x56, 0x2c, 0xd4, 0x2d, 0x32, 0x2d, 0xb6, 0x2e, 0x0a, 0x2e, 0x9c, 0x2f, 0x20, 0x2f, 0xa8, 
	0x30, 0x14, 0x30, 0x50, 0x30, 0x7e, 0x30, 0xe0, 0x31, 0x46, 0x31, 0x88, 0x31, 0xee, 0x32, 0x30, 
	0x32, 0x66, 0x32, 0xcc, 0x33, 0x14, 0x33, 0x56, 0x33, 0x94, 0x34, 0x0a, 0x34, 0x6a, 0x34, 0xc0, 
	0x35, 0x14, 0x35, 0x70, 0x35, 0xc2, 0x36, 0x40, 0x36, 0x92, 0x37, 0x1e, 0x37, 0x52, 0x37, 0x92, 
	0x37, 0xf4, 0x38, 0x4e, 0x38, 0xc6, 0x39, 0x1a, 0x39, 0x48, 0x39, 0x84, 0x39, 0xc6, 0x3a, 0x00, 
	0x3a, 0x28, 0x3a, 0x66, 0x3a, 0xb2, 0x3a, 0xf8, 0x3b, 0x3c, 0x3b, 0x7e, 0x3b, 0xd8, 0x3c, 0x12, 
	0x3c, 0x6a, 0x3c, 0xc0, 0x3c, 0xfc, 0x3d, 0x46, 0x3d, 0xb4, 0x3e, 0x48, 0x3e, 0xb2, 0x3e, 0xda, 
	0x3f, 0x18, 0x3f, 0x72, 0x3f, 0xaa, 0x3f, 0xe0, 0x40, 0x1a, 0x40, 0x48, 0x40, 0x70, 0x40, 0xca, 
	0x41, 0x0a, 0x41, 0x4c, 0x41, 0x82, 0x41, 0xe8, 0x42, 0x20, 0x42, 0x8c, 0x42, 0xe6, 0x43, 0x34, 
	0x43, 0x88, 0x43, 0xfc, 0x44, 0x76, 0x44, 0xc0, 0x45, 0x32, 0x45, 0xaa, 0x45, 0xf0, 0x46, 0x24, 
	0x46, 0x5c, 0x46, 0x92, 0x46, 0xc0, 0x47, 0x04, 0x47, 0x6e, 0x47, 0xb0, 0x47, 0xf0, 0x48, 0x6e, 
	0x48, 0xf0, 0x49, 0x48, 0x49, 0xc6, 0x4a, 0x16, 0x4a, 0x3a, 0x4a, 0x64, 0x4a, 0xa0, 0x4a, 0xe4, 
	0x4b, 0x22, 0x4b, 0x4a, 0x4b, 0x8a, 0x4b, 0xda, 0x4c, 0x22, 0x4c, 0x66, 0x4c, 0xaa, 0x4c, 0xf8, 
	0x4d, 0x32, 0x4d, 0xa0, 0x4e, 0x00, 0x4e, 0x4a, 0x4e, 0x94, 0x4e, 0xd2, 0x4f, 0x2c, 0x4f, 0xac, 
	0x4f, 0xe2, 0x50, 0x32, 0x50, 0x8a, 0x50, 0xe0, 0x51, 0x42, 0x51, 0xc6, 0x52, 0x4e, 0x52, 0xca, 
	0x53, 0x02, 0x53, 0x3c, 0x53, 0x94, 0x53, 0xc8, 0x54, 0x2e, 0x54, 0x68, 0x54, 0xae, 0x54, 0xe6, 
	0x55, 0x3c, 0x55, 0x5e, 0x55, 0x9c, 0x55, 0xca, 0x56, 0x34, 0x56, 0x80, 0x57, 0x12, 0x57, 0x66, 
	0x57, 0xa2, 0x57, 0xee, 0x58, 0x44, 0x58, 0x9a, 0x59, 0x14, 0x59, 0x62, 0x59, 0x9c, 0x59, 0xc8, 
	0x5a, 0x00, 0x5a, 0x24, 0x5a, 0x5a, 0x5a, 0xa8, 0x5a, 0xca, 0x5b, 0x08, 0x5b, 0x54, 0x5b, 0xa2, 
	0x5c, 0x24, 0x5c, 0x52, 0x5c, 0x80, 0x5c, 0xaa, 0x5c, 0xe0, 0x5d, 0x0c, 0x5d, 0x42, 0x5d, 0x7e, 
	0x5d, 0xb6, 0x5d, 0xf4, 0x5e, 0x32, 0x5e, 0x86, 0x5e, 0xde, 0x5f, 0x36, 0x5f, 0x60, 0x5f, 0xa8, 
	0x5f, 0xd4, 0x60, 0x0a, 0x60, 0x50, 0x60, 0xba, 0x60, 0xfa, 0x61, 0x3e, 0x61, 0xd6, 0x62, 0x1e, 
	0x62, 0x88, 0x62, 0xd4, 0x63, 0x34, 0x63, 0xd6, 0x64, 0x34, 0x64, 0x8c, 0x65, 0x06, 0x65, 0x7e, 
	0x65, 0xb0, 0x65, 0xda, 0x66, 0x34, 0x66, 0x60, 0x66, 0xac, 0x67, 0x0c, 0x67, 0x40, 0x67, 0x7e, 
	0x67, 0xac, 0x67, 0xd6, 0x68, 0x30, 0x68, 0x64, 0x68, 0xe4, 0x69, 0x70, 0x69, 0xb2, 0x69, 0xfc, 
	0x6a, 0x60, 0x6a, 0xcc, 0x6b, 0x18, 0x6b, 0x6e, 0x6b, 0xc2, 0x6c, 0x0a, 0x6c, 0x56, 0x6c, 0xac, 
	0x6d, 0x0a, 0x6d, 0x52, 0x6d, 0x9a, 0x6d, 0xec, 0x6e, 0x3c, 0x6e, 0x7c, 0x6e, 0xbe, 0x6f, 0x0a, 
	0x6f, 0x50, 0x6f, 0x88, 0x6f, 0xde, 0x70, 0x10, 0x70, 0x68, 0x70, 0xa6, 0x71, 0x24, 0x71, 0x80, 
	0x71, 0xc6, 0x72, 0x14, 0x72, 0x54, 0x72, 0xa8, 0x73, 0x04, 0x73, 0x5c, 0x73, 0xd6, 0x74, 0x24, 
	0x74, 0x66, 0x74, 0x90, 0x74, 0xc8, 0x74, 0xec, 0x75, 0x2c, 0x75, 0x6a, 0x75, 0x8c, 0x75, 0xc2, 
	0x76, 0x0e, 0x76, 0x5e, 0x76, 0xde, 0x77, 0x0a, 0x77, 0x38, 0x77, 0x62, 0x77, 0x98, 0x77, 0xc4, 
	0x77, 0xf8, 0x78, 0x32, 0x78, 0x68, 0x78, 0xa4, 0x78, 0xde, 0x79, 0x1e, 0x79, 0x64, 0x79, 0xaa, 
	0x79, 0xe4, 0x7a, 0x28, 0x7a, 0x64, 0x7a, 0xa0, 0x7a, 0xe6, 0x7b, 0x22, 0x7b, 0x68, 0x7b, 0xac, 
	0x7c, 0x18, 0x7c, 0x7c, 0x7c, 0xd0, 0x7d, 0x1c, 0x7d, 0x58, 0x7d, 0xa6, 0x7d, 0xfa, 0x7e, 0x68, 
	0x7e, 0xd2, 0x7f, 0x2e, 0x7f, 0x5e, 0x7f, 0x88, 0x7f, 0xcc, 0x7f, 0xf8, 0x80, 0x42, 0x80, 0xa2, 
	0x80, 0xd4, 0x81, 0x0e, 0x81, 0x46, 0x81, 0x6e, 0x81, 0xc8, 0x81, 0xfa, 0x82, 0x4e, 0x82, 0xac, 
	0x82, 0xfe, 0x83, 0x3c, 0x83, 0xa0, 0x84, 0x0c, 0x84, 0x5a, 0x84, 0xb0, 0x85, 0x04, 0x85, 0x68, 
	0x85, 0xb4, 0x86, 0x0a, 0x86, 0x68, 0x86, 0xb0, 0x86, 0xf8, 0x87, 0x4a, 0x87, 0x80, 0x87, 0xbe, 
	0x88, 0x08, 0x88, 0x50, 0x88, 0xbe, 0x89, 0x0e, 0x89, 0x74, 0x89, 0xba, 0x89, 0xda, 0x8a, 0x38, 
	0x8a, 0x66, 0x8a, 0x6e, 0x8a, 0x9a, 0x8a, 0xde, 0x8b, 0x08, 0x8b, 0x8e, 0x8b, 0xe4, 0x8c, 0x1e, 
	0x8c, 0x26, 0x8c, 0x60, 0x8c, 0x98, 0x8c, 0xbc, 0x8c, 0xf2, 0x8d, 0x7c, 0x8d, 0x9e, 0x8d, 0xea, 
	0x8e, 0x38, 0x8e, 0x40, 0x8e, 0x82, 0x8f, 0x00, 0x8f, 0x54, 0x8f, 0x92, 0x8f, 0xd0, 0x90, 0x0e, 
	0x90, 0x5e, 0x90, 0xc8, 0x91, 0x58, 0x91, 0xa0, 0x92, 0x0c, 0x92, 0x3e, 0x92, 0x8c, 0x92, 0xca, 
	0x93, 0x18, 0x93, 0x58, 0x93, 0xd8, 0x94, 0x12, 0x94, 0xa2, 0x94, 0xce, 0x95, 0x38, 0x95, 0xb4, 
	0x95, 0xe8, 0x96, 0x26, 0x96, 0xb8, 0x96, 0xf0, 0x97, 0x28, 0x97, 0x60, 0x97, 0xa0, 0x97, 0xfe, 
	0x98, 0x2c, 0x98, 0x66, 0x98, 0xb0, 0x99, 0x30, 0x99, 0x6c, 0x99, 0xb0, 0x99, 0xee, 0x9a, 0x34, 
	0x9a, 0x82, 0x9a, 0xdc, 0x9b, 0x34, 0x9b, 0x9a, 0x9c, 0x06, 0x9c, 0x64, 0x9c, 0xc8, 0x9d, 0x46, 
	0x9d, 0xb4, 0x9d, 0xe2, 0x9e, 0x5a, 0x9e, 0x84, 0x9f, 0x06, 0x9f, 0x7c, 0x9f, 0xe0, 0xa0, 0x22, 
	0xa0, 0x96, 0xa0, 0xfc, 0xa1, 0x58, 0xa1, 0xcc, 0xa1, 0xf6, 0xa2, 0x2a, 0xa2, 0x78, 0xa2, 0xb6, 
	0xa3, 0x14, 0xa3, 0xa8, 0xa4, 0x30, 0xa4, 0xcc, 0xa5, 0x14, 0xa5, 0x84, 0xa5, 0xa0, 0xa5, 0xc8, 
	0xa5, 0xf2, 0xa6, 0x14, 0xa6, 0x42, 0xa6, 0x72, 0xa6, 0xa2, 0xa6, 0xf0, 0xa7, 0x08, 0xa7, 0x78, 
	0xa7, 0xee, 0xa8, 0x14, 0xa8, 0x2e, 0xa8, 0x60, 0xa8, 0xbe, 0xa8, 0xdc, 0xa9, 0x1e, 0xa9, 0x60, 
	0xa9, 0x84, 0xa9, 0xa8, 0xaa, 0x0c, 0xaa, 0x70, 0xaa, 0x8c, 0xaa, 0xa8, 0xaa, 0xc4, 0xaa, 0xe0, 
	0xaa, 0xfc, 0xab, 0x84, 0xac, 0x0c, 0xac, 0x6a, 0xac, 0xc8, 0xac, 0xfc, 0xad, 0x30, 0xad, 0x66, 
	0xad, 0x88, 0xad, 0xac, 0xad, 0xce, 0xad, 0xea, 0xae, 0x1c, 0xae, 0x1c, 0xae, 0x40, 0xae, 0x96, 
	0xae, 0xfa, 0xaf, 0x5c, 0xaf, 0xba, 0xb0, 0x1a, 0xb0, 0x5c, 0xb0, 0xce, 0xb1, 0x18, 0xb1, 0x5c, 
	0xb1, 0x90, 0xb1, 0xd8, 0xb2, 0x22, 0xb2, 0x2a, 0xb2, 0x54, 0xb2, 0xc4, 0xb2, 0xfe, 0xb3, 0x26, 
	0xb3, 0x58, 0xb3, 0xd8, 0xb4, 0x58, 0xb4, 0x7e, 0xb4, 0xa6, 0xb4, 0xe0, 0xb5, 0x20, 0xb5, 0x62, 
	0xb5, 0x82, 0xb5, 0xbc, 0xb5, 0xe4, 0xb6, 0x08, 0xb6, 0x1e, 0xb6, 0x4a, 0xb6, 0x64, 0xb6, 0x98, 
	0xb6, 0xc4, 0xb7, 0x54, 0xb7, 0xea, 0xb8, 0x0a, 0xb8, 0x2c, 0xb8, 0x4c, 0xb8, 0x6e, 0xb8, 0xc6, 
	0xb8, 0xe0, 0xb8, 0xfc, 0xb9, 0x18, 0xb9, 0x34, 0xb9, 0x5c, 0xb9, 0x96, 0xb9, 0xba, 0xb9, 0xe2, 
	0xba, 0x06, 0xba, 0x2e, 0xba, 0x60, 0xba, 0x94, 0xba, 0xf0, 0xbb, 0x7e, 0xbb, 0xee, 0xbc, 0x5a, 
	0xbc, 0xf0, 0xbd, 0x9a, 0xbd, 0xb6, 0xbd, 0xf8, 0xbe, 0x12, 0xbe, 0x3e, 0xbe, 0x68, 0xbe, 0xa0, 
	0xbf, 0x06, 0xbf, 0x36, 0xbf, 0x56, 0xbf, 0x84, 0xbf, 0xb0, 0xbf, 0xda, 0xbf, 0xfa, 0xc0, 0x30, 
	0xc0, 0x50, 0xc0, 0x7e, 0xc0, 0xaa, 0xc0, 0xd6, 0xc1, 0x0e, 0xc1, 0x3c, 0xc1, 0x68, 0xc1, 0x98, 
	0xc1, 0xc2, 0xc1, 0xe2, 0xc2, 0x10, 0xc2, 0x4e, 0xc2, 0x6e, 0xc2, 0xa8, 0xc2, 0xe2, 0xc3, 0x1c, 
	0xc3, 0x48, 0xc3, 0x84, 0xc3, 0xa2, 0xc3, 0xc6, 0xc3, 0xd7, 0x00, 0x00, 0x00, 0x01, 0x00, 0x00, 
	0x02, 0x92, 0x00, 0x38, 0x00, 0x0c, 0x00, 0x24, 0x00, 0x07, 0x00, 0x02, 0x00, 0x40, 0x00, 0x51, 
	0x00, 0x8b, 0x00, 0x00, 0x00, 0xb8, 0x0d, 0x16, 0x00, 0x01, 0x00, 0x01, 0x00, 0x00, 0x00, 0x1a, 
	0x01, 0x3e, 0x00, 0x01, 0x00, 0x00, 0x00, 0x00, 0x00, 0x00, 0x00, 0x6d, 0x00, 0x00, 0x00, 0x01, 
	0x00, 0x00, 0x00, 0x00, 0x00, 0x01, 0x00, 0x0e, 0x00, 0x6d, 0x00, 0x01, 0x00, 0x00, 0x00, 0x00, 
	0x00, 0x02, 0x00, 0x07, 0x00, 0x7b, 0x00, 0x01, 0x00, 0x00, 0x00, 0x00, 0x00, 0x03, 0x00, 0x1f, 
	0x00, 0x82, 0x00, 0x01, 0x00, 0x00, 0x00, 0x00, 0x00, 0x04, 0x00, 0x16, 0x00, 0xa1, 0x00, 0x01, 
	0x00, 0x00, 0x00, 0x00, 0x00, 0x05, 0x00, 0x0d, 0x00, 0xb7, 0x00, 0x01, 0x00, 0x00, 0x00, 0x00, 
	0x00, 0x06, 0x00, 0x14, 0x00, 0xc4, 0x00, 0x01, 0x00, 0x00, 0x00, 0x00, 0x00, 0x08, 0x00, 0x09, 
	0x00, 0xd8, 0x00, 0x01, 0x00, 0x00, 0x00, 0x00, 0x00, 0x09, 0x00, 0x09, 0x00, 0xe1, 0x00, 0x01, 
	0x00, 0x00, 0x00, 0x00, 0x00, 0x0b, 0x00, 0x16, 0x00, 0xea, 0x00, 0x01, 0x00, 0x00, 0x00, 0x00, 
	0x00, 0x0c, 0x00, 0x16, 0x01, 0x00, 0x00, 0x01, 0x00, 0x00, 0x00, 0x00, 0x00, 0x0d, 0x00, 0x90, 
	0x01, 0x16, 0x00, 0x01, 0x00, 0x00, 0x00, 0x00, 0x00, 0x0e, 0x00, 0x1a, 0x01, 0xa6, 0x00, 0x03, 
	0x00, 0x01, 0x04, 0x09, 0x00, 0x00, 0x00, 0xda, 0x01, 0xc0, 0x00, 0x03, 0x00, 0x01, 0x04, 0x09, 
	0x00, 0x01, 0x00, 0x1c, 0x02, 0x9a, 0x00, 0x03, 0x00, 0x01, 0x04, 0x09, 0x00, 0x02, 0x00, 0x0e, 
	0x02, 0xb6, 0x00, 0x03, 0x00, 0x01, 0x04, 0x09, 0x00, 0x03, 0x00, 0x3e, 0x02, 0xc4, 0x00, 0x03, 
	0x00, 0x01, 0x04, 0x09, 0x00, 0x04, 0x00, 0x2c, 0x03, 0x02, 0x00, 0x03, 0x00, 0x01, 0x04, 0x09, 
	0x00, 0x05, 0x00, 0x1a, 0x03, 0x2e, 0x00, 0x03, 0x00, 0x01, 0x04, 0x09, 0x00, 0x06, 0x00, 0x28, 
	0x03, 0x48, 0x00, 0x03, 0x00, 0x01, 0x04, 0x09, 0x00, 0x08, 0x00, 0x12, 0x03, 0x70, 0x00, 0x03, 
	0x00, 0x01, 0x04, 0x09, 0x00, 0x09, 0x00, 0x12, 0x03, 0x82, 0x00, 0x03, 0x00, 0x01, 0x04, 0x09, 
	0x00, 0x0b, 0x00, 0x2c, 0x03, 0x94, 0x00, 0x03, 0x00, 0x01, 0x04, 0x09, 0x00, 0x0c, 0x00, 0x2c, 
	0x03, 0xc0, 0x00, 0x03, 0x00, 0x01, 0x04, 0x09, 0x00, 0x0d, 0x01, 0x20, 0x03, 0xec, 0x00, 0x03, 
	0x00, 0x01, 0x04, 0x09, 0x00, 0x0e, 0x00, 0x34, 0x05, 0x0c, 0x43, 0x6f, 0x70, 0x79, 0x72, 0x69, 
	0x67, 0x68, 0x74, 0x20, 0x32, 0x30, 0x31, 0x32, 0x20, 0x54, 0x68, 0x65, 0x20, 0x50, 0x72, 0x65, 
	0x73, 0x73, 0x20, 0x53, 0x74, 0x61, 0x72, 0x74, 0x20, 0x32, 0x50, 0x20, 0x50, 0x72, 0x6f, 0x6a, 
	0x65, 0x63, 0x74, 0x20, 0x41, 0x75, 0x74, 0x68, 0x6f, 0x72, 0x73, 0x20, 0x28, 0x63, 0x6f, 0x64, 
	0x79, 0x40, 0x7a, 0x6f, 0x6e, 0x65, 0x33, 0x38, 0x2e, 0x6e, 0x65, 0x74, 0x29, 0x2c, 0x20, 0x77, 
	0x69, 0x74, 0x68, 0x20, 0x52, 0x65, 0x73, 0x65, 0x72, 0x76, 0x65, 0x64, 0x20, 0x46, 0x6f, 0x6e, 
	0x74, 0x20, 0x4e, 0x61, 0x6d, 0x65, 0x20, 0x22, 0x50, 0x72, 0x65, 0x73, 0x73, 0x20, 0x53, 0x74, 
	0x61, 0x72, 0x74, 0x20, 0x32, 0x50, 0x22, 0x50, 0x72, 0x65, 0x73, 0x73, 0x20, 0x53, 0x74, 0x61, 
	0x72, 0x74, 0x20, 0x32, 0x50, 0x52, 0x65, 0x67, 0x75, 0x6c, 0x61, 0x72, 0x33, 0x2e, 0x30, 0x30, 
	0x30, 0x3b, 0x43, 0x59, 0x52, 0x45, 0x3b, 0x50, 0x72, 0x65, 0x73, 0x73, 0x53, 0x74, 0x61, 0x72, 
	0x74, 0x32, 0x50, 0x2d, 0x52, 0x65, 0x67, 0x75, 0x6c, 0x61, 0x72, 0x50, 0x72, 0x65, 0x73, 0x73, 
	0x20, 0x53, 0x74, 0x61, 0x72, 0x74, 0x20, 0x32, 0x50, 0x20, 0x52, 0x65, 0x67, 0x75, 0x6c, 0x61, 
	0x72, 0x56, 0x65, 0x72, 0x73, 0x69, 0x6f, 0x6e, 0x20, 0x33, 0x2e, 0x30, 0x30, 0x30, 0x50, 0x72, 
	0x65, 0x73, 0x73, 0x53, 0x74, 0x61, 0x72, 0x74, 0x32, 0x50, 0x2d, 0x52, 0x65, 0x67, 0x75, 0x6c, 
	0x61, 0x72, 0x43, 0x6f, 0x64, 0x65, 0x4d, 0x61, 0x6e, 0x33, 0x38, 0x43, 0x6f, 0x64, 0x65, 0x4d, 
	0x61, 0x6e, 0x33, 0x38, 0x68, 0x74, 0x74, 0x70, 0x3a, 0x2f, 0x2f, 0x77, 0x77, 0x77, 0x2e, 0x7a, 
	0x6f, 0x6e, 0x65, 0x33, 0x38, 0x2e, 0x6e, 0x65, 0x74, 0x2f, 0x68, 0x74, 0x74, 0x70, 0x3a, 0x2f, 
	0x2f, 0x77, 0x77, 0x77, 0x2e, 0x7a, 0x6f, 0x6e, 0x65, 0x33, 0x38, 0x2e, 0x6e, 0x65, 0x74, 0x2f, 
	0x54, 0x68, 0x69, 0x73, 0x20, 0x46, 0x6f, 0x6e, 0x74, 0x20, 0x53, 0x6f, 0x66, 0x74, 0x77, 0x61, 
	0x72, 0x65, 0x20, 0x69, 0x73, 0x20, 0x6c, 0x69, 0x63, 0x65, 0x6e, 0x73, 0x65, 0x64, 0x20, 0x75, 
	0x6e, 0x64, 0x65, 0x72, 0x20, 0x74, 0x68, 0x65, 0x20, 0x53, 0x49, 0x4c, 0x20, 0x4f, 0x70, 0x65, 
	0x6e, 0x20, 0x46, 0x6f, 0x6e, 0x74, 0x20, 0x4c, 0x69, 0x63, 0x65, 0x6e, 0x73, 0x65, 0x2c, 0x20, 
	0x56, 0x65, 0x72, 0x73, 0x69, 0x6f, 0x6e, 0x20, 0x31, 0x2e, 0x31, 0x2e, 0x20, 0x54, 0x68, 0x69, 
	0x73, 0x20, 0x6c, 0x69, 0x63, 0x65, 0x6e, 0x73, 0x65, 0x20, 0x69, 0x73, 0x20, 0x61, 0x76, 0x61, 
	0x69, 0x6c, 0x61, 0x62, 0x6c, 0x65, 0x20, 0x77, 0x69, 0x74, 0x68, 0x20, 0x61, 0x20, 0x46, 0x41, 
	0x51, 0x20, 0x61, 0x74, 0x3a, 0x20, 0x68, 0x74, 0x74, 0x70, 0x3a, 0x2f, 0x2f, 0x73, 0x63, 0x72, 
	0x69, 0x70, 0x74, 0x73, 0x2e, 0x73, 0x69, 0x6c, 0x2e, 0x6f, 0x72, 0x67, 0x2f, 0x4f, 0x46, 0x4c, 
	0x68, 0x74, 0x74, 0x70, 0x3a, 0x2f, 0x2f, 0x73, 0x63, 0x72, 0x69, 0x70, 0x74, 0x73, 0x2e, 0x73, 
	0x69, 0x6c, 0x2e, 0x6f, 0x72, 0x67, 0x2f, 0x4f, 0x46, 0x4c, 0x00, 0x43, 0x00, 0x6f, 0x00, 0x70, 
	0x00, 0x79, 0x00, 0x72, 0x00, 0x69, 0x00, 0x67, 0x00, 0x68, 0x00, 0x74, 0x00, 0x20, 0x00, 0x32, 
	0x00, 0x30, 0x00, 0x31, 0x00, 0x32, 0x00, 0x20, 0x00, 0x54, 0x00, 0x68, 0x00, 0x65, 0x00, 0x20, 
	0x00, 0x50, 0x00, 0x72, 0x00, 0x65, 0x00, 0x73, 0x00, 0x73, 0x00, 0x20, 0x00, 0x53, 0x00, 0x74, 
	0x00, 0x61, 0x00, 0x72, 0x00, 0x74, 0x00, 0x20, 0x00, 0x32, 0x00, 0x50, 0x00, 0x20, 0x00, 0x50, 
	0x00, 0x72, 0x00, 0x6f, 0x00, 0x6a, 0x00, 0x65, 0x00, 0x63, 0x00, 0x74, 0x00, 0x20, 0x00, 0x41, 
	0x00, 0x75, 0x00, 0x74, 0x00, 0x68, 0x00, 0x6f, 0x00, 0x72, 0x00, 0x73, 0x00, 0x20, 0x00, 0x28, 
	0x00, 0x63, 0x00, 0x6f, 0x00, 0x64, 0x00, 0x79, 0x00, 0x40, 0x00, 0x7a, 0x00, 0x6f, 0x00, 0x6e, 
	0x00, 0x65, 0x00, 0x33, 0x00, 0x38, 0x00, 0x2e, 0x00, 0x6e, 0x00, 0x65, 0x00, 0x74, 0x00, 0x29, 
	0x00, 0x2c, 0x00, 0x20, 0x00, 0x77, 0x00, 0x69, 0x00, 0x74, 0x00, 0x68, 0x00, 0x20, 0x00, 0x52, 
	0x00, 0x65, 0x00, 0x73, 0x00, 0x65, 0x00, 0x72, 0x00, 0x76, 0x00, 0x65, 0x00, 0x64, 0x00, 0x20, 
	0x00, 0x46, 0x00, 0x6f, 0x00, 0x6e, 0x00, 0x74, 0x00, 0x20, 0x00, 0x4e, 0x00, 0x61, 0x00, 0x6d, 
	0x00, 0x65, 0x00, 0x20, 0x00, 0x22, 0x00, 0x50, 0x00, 0x72, 0x00, 0x65, 0x00, 0x73, 0x00, 0x73, 
	0x00, 0x20, 0x00, 0x53, 0x00, 0x74, 0x00, 0x61, 0x00, 0x72, 0x00, 0x74, 0x00, 0x20, 0x00, 0x32, 
	0x00, 0x50, 0x00, 0x22, 0x00, 0x50, 0x00, 0x72, 0x00, 0x65, 0x00, 0x73, 0x00, 0x73, 0x00, 0x20, 
	0x00, 0x53, 0x00, 0x74, 0x00, 0x61, 0x00, 0x72, 0x00, 0x74, 0x00, 0x20, 0x00, 0x32, 0x00, 0x50, 
	0x00, 0x52, 0x00, 0x65, 0x00, 0x67, 0x00, 0x75, 0x00, 0x6c, 0x00, 0x61, 0x00, 0x72, 0x00, 0x33, 
	0x00, 0x2e, 0x00, 0x30, 0x00, 0x30, 0x00, 0x30, 0x00, 0x3b, 0x00, 0x43, 0x00, 0x59, 0x00, 0x52, 
	0x00, 0x45, 0x00, 0x3b, 0x00, 0x50, 0x00, 0x72, 0x00, 0x65, 0x00, 0x73, 0x00, 0x73, 0x00, 0x53, 
	0x00, 0x74, 0x00, 0x61, 0x00, 0x72, 0x00, 0x74, 0x00, 0x32, 0x00, 0x50, 0x00, 0x2d, 0x00, 0x52, 
	0x00, 0x65, 0x00, 0x67, 0x00, 0x75, 0x00, 0x6c, 0x00, 0x61, 0x00, 0x72, 0x00, 0x50, 0x00, 0x72, 
	0x00, 0x65, 0x00, 0x73, 0x00, 0x73, 0x00, 0x20, 0x00, 0x53, 0x00, 0x74, 0x00, 0x61, 0x00, 0x72, 
	0x00, 0x74, 0x00, 0x20, 0x00, 0x32, 0x00, 0x50, 0x00, 0x20, 0x00, 0x52, 0x00, 0x65, 0x00, 0x67, 
	0x00, 0x75, 0x00, 0x6c, 0x00, 0x61, 0x00, 0x72, 0x00, 0x56, 0x00, 0x65, 0x00, 0x72, 0x00, 0x73, 
	0x00, 0x69, 0x00, 0x6f, 0x00, 0x6e, 0x00, 0x20, 0x00, 0x33, 0x00, 0x2e, 0x00, 0x30, 0x00, 0x30, 
	0x00, 0x30, 0x00, 0x50, 0x00, 0x72, 0x00, 0x65, 0x00, 0x73, 0x00, 0x73, 0x00, 0x53, 0x00, 0x74, 
	0x00, 0x61, 0x00, 0x72, 0x00, 0x74, 0x00, 0x32, 0x00, 0x50, 0x00, 0x2d, 0x00, 0x52, 0x00, 0x65, 
	0x00, 0x67, 0x00, 0x75, 0x00, 0x6c, 0x00, 0x61, 0x00, 0x72, 0x00, 0x43, 0x00, 0x6f, 0x00, 0x64, 
	0x00, 0x65, 0x00, 0x4d, 0x00, 0x61, 0x00, 0x6e, 0x00, 0x33, 0x00, 0x38, 0x00, 0x43, 0x00, 0x6f, 
	0x00, 0x64, 0x00, 0x65, 0x00, 0x4d, 0x00, 0x61, 0x00, 0x6e, 0x00, 0x33, 0x00, 0x38, 0x00, 0x68, 
	0x00, 0x74, 0x00, 0x74, 0x00, 0x70, 0x00, 0x3a, 0x00, 0x2f, 0x00, 0x2f, 0x00, 0x77, 0x00, 0x77, 
	0x00, 0x77, 0x00, 0x2e, 0x00, 0x7a, 0x00, 0x6f, 0x00, 0x6e, 0x00, 0x65, 0x00, 0x33, 0x00, 0x38, 
	0x00, 0x2e, 0x00, 0x6e, 0x00, 0x65, 0x00, 0x74, 0x00, 0x2f, 0x00, 0x68, 0x00, 0x74, 0x00, 0x74, 
	0x00, 0x70, 0x00, 0x3a, 0x00, 0x2f, 0x00, 0x2f, 0x00, 0x77, 0x00, 0x77, 0x00, 0x77, 0x00, 0x2e, 
	0x00, 0x7a, 0x00, 0x6f, 0x00, 0x6e, 0x00, 0x65, 0x00, 0x33, 0x00, 0x38, 0x00, 0x2e, 0x00, 0x6e, 
	0x00, 0x65, 0x00, 0x74, 0x00, 0x2f, 0x00, 0x54, 0x00, 0x68, 0x00, 0x69, 0x00, 0x73, 0x00, 0x20, 
	0x00, 0x46, 0x00, 0x6f, 0x00, 0x6e, 0x00, 0x74, 0x00, 0x20, 0x00, 0x53, 0x00, 0x6f, 0x00, 0x66, 
	0x00, 0x74, 0x00, 0x77, 0x00, 0x61, 0x00, 0x72, 0x00, 0x65, 0x00, 0x20, 0x00, 0x69, 0x00, 0x73, 
	0x00, 0x20, 0x00, 0x6c, 0x00, 0x69, 0x00, 0x63, 0x00, 0x65, 0x00, 0x6e, 0x00, 0x73, 0x00, 0x65, 
	0x00, 0x64, 0x00, 0x20, 0x00, 0x75, 0x00, 0x6e, 0x00, 0x64, 0x00, 0x65, 0x00, 0x72, 0x00, 0x20, 
	0x00, 0x74, 0x00, 0x68, 0x00, 0x65, 0x00, 0x20, 0x00, 0x53, 0x00, 0x49, 0x00, 0x4c, 0x00, 0x20, 
	0x00, 0x4f, 0x00, 0x70, 0x00, 0x65, 0x00, 0x6e, 0x00, 0x20, 0x00, 0x46, 0x00, 0x6f, 0x00, 0x6e, 
	0x00, 0x74, 0x00, 0x20, 0x00, 0x4c, 0x00, 0x69, 0x00, 0x63, 0x00, 0x65, 0x00, 0x6e, 0x00, 0x73, 
	0x00, 0x65, 0x00, 0x2c, 0x00, 0x20, 0x00, 0x56, 0x00, 0x65, 0x00, 0x72, 0x00, 0x73, 0x00, 0x69, 
	0x00, 0x6f, 0x00, 0x6e, 0x00, 0x20, 0x00, 0x31, 0x00, 0x2e, 0x00, 0x31, 0x00, 0x2e, 0x00, 0x20, 
	0x00, 0x54, 0x00, 0x68, 0x00, 0x69, 0x00, 0x73, 0x00, 0x20, 0x00, 0x6c, 0x00, 0x69, 0x00, 0x63, 
	0x00, 0x65, 0x00, 0x6e, 0x00, 0x73, 0x00, 0x65, 0x00, 0x20, 0x00, 0x69, 0x00, 0x73, 0x00, 0x20, 
	0x00, 0x61, 0x00, 0x76, 0x00, 0x61, 0x00, 0x69, 0x00, 0x6c, 0x00, 0x61, 0x00, 0x62, 0x00, 0x6c, 
	0x00, 0x65, 0x00, 0x20, 0x00, 0x77, 0x00, 0x69, 0x00, 0x74, 0x00, 0x68, 0x00, 0x20, 0x00, 0x61, 
	0x00, 0x20, 0x00, 0x46, 0x00, 0x41, 0x00, 0x51, 0x00, 0x20, 0x00, 0x61, 0x00, 0x74, 0x00, 0x3a, 
	0x00, 0x20, 0x00, 0x68, 0x00, 0x74, 0x00, 0x74, 0x00, 0x70, 0x00, 0x3a, 0x00, 0x2f, 0x00, 0x2f, 
	0x00, 0x73, 0x00, 0x63, 0x00, 0x72, 0x00, 0x69, 0x00, 0x70, 0x00, 0x74, 0x00, 0x73, 0x00, 0x2e, 
	0x00, 0x73, 0x00, 0x69, 0x00, 0x6c, 0x00, 0x2e, 0x00, 0x6f, 0x00, 0x72, 0x00, 0x67, 0x00, 0x2f, 
	0x00, 0x4f, 0x00, 0x46, 0x00, 0x4c, 0x00, 0x68, 0x00, 0x74, 0x00, 0x74, 0x00, 0x70, 0x00, 0x3a, 
	0x00, 0x2f, 0x00, 0x2f, 0x00, 0x73, 0x00, 0x63, 0x00, 0x72, 0x00, 0x69, 0x00, 0x70, 0x00, 0x74, 
	0x00, 0x73, 0x00, 0x2e, 0x00, 0x73, 0x00, 0x69, 0x00, 0x6c, 0x00, 0x2e, 0x00, 0x6f, 0x00, 0x72, 
	0x00, 0x67, 0x00, 0x2f, 0x00, 0x4f, 0x00, 0x46, 0x00, 0x4c, 0x00, 0x00, 0x00, 0x02, 0x00, 0x00, 
	0x00, 0x00, 0x00, 0x00, 0xff, 0xb5, 0x00, 0x32, 0x00, 0x00, 0x00, 0x00, 0x00, 0x00, 0x00, 0x00, 
	0x00, 0x00, 0x00, 0x00, 0x00, 0x00, 0x00, 0x00, 0x00, 0x00, 0x00, 0x00, 0x02, 0x92, 0x00, 0x00, 
	0x01, 0x02, 0x00, 0x02, 0x00, 0x03, 0x00, 0x24, 0x00, 0xc9, 0x01, 0x03, 0x00, 0xc7, 0x00, 0x62, 
	0x00, 0xad, 0x01, 0x04, 0x01, 0x05, 0x00, 0x63, 0x00, 0xae, 0x00, 0x90, 0x00, 0x25, 0x00, 0x26, 
	0x00, 0xfd, 0x00, 0xff, 0x00, 0x64, 0x01, 0x06, 0x01, 0x07, 0x00, 0x27, 0x00, 0xe9, 0x01, 0x08, 
	0x01, 0x09, 0x00, 0x28, 0x00, 0x65, 0x01, 0x0a, 0x01, 0x0b, 0x00, 0xc8, 0x00, 0xca, 0x01, 0x0c, 
	0x00, 0xcb, 0x01, 0x0d, 0x01, 0x0e, 0x00, 0x29, 0x00, 0x2a, 0x00, 0xf8, 0x01, 0x0f, 0x01, 0x10, 
	0x01, 0x11, 0x00, 0x2b, 0x01, 0x12, 0x01, 0x13, 0x00, 0x2c, 0x01, 0x14, 0x00, 0xcc, 0x01, 0x15, 
	0x00, 0xcd, 0x00, 0xce, 0x00, 0xfa, 0x00, 0xcf, 0x01, 0x16, 0x01, 0x17, 0x01, 0x18, 0x00, 0x2d, 
	0x01, 0x19, 0x00, 0x2e, 0x01, 0x1a, 0x00, 0x2f, 0x01, 0x1b, 0x01, 0x1c, 0x01, 0x1d, 0x01, 0x1e, 
	0x00, 0xe2, 0x00, 0x30, 0x00, 0x31, 0x01, 0x1f, 0x01, 0x20, 0x01, 0x21, 0x01, 0x22, 0x00, 0x66, 
	0x00, 0x32, 0x00, 0xd0, 0x01, 0x23, 0x00, 0xd1, 0x00, 0x67, 0x00, 0xd3, 0x01, 0x24, 0x01, 0x25, 
	0x00, 0x91, 0x00, 0xaf, 0x00, 0xb0, 0x00, 0x33, 0x00, 0xed, 0x00, 0x34, 0x00, 0x35, 0x01, 0x26, 
	0x01, 0x27, 0x01, 0x28, 0x00, 0x36, 0x01, 0x29, 0x00, 0xe4, 0x00, 0xfb, 0x01, 0x2a, 0x00, 0x37, 
	0x01, 0x2b, 0x01, 0x2c, 0x01, 0x2d, 0x00, 0x38, 0x00, 0xd4, 0x01, 0x2e, 0x00, 0xd5, 0x00, 0x68, 
	0x00, 0xd6, 0x01, 0x2f, 0x01, 0x30, 0x01, 0x31, 0x01, 0x32, 0x01, 0x33, 0x00, 0x39, 0x00, 0x3a, 
	0x01, 0x34, 0x00, 0x3b, 0x00, 0x3c, 0x00, 0xeb, 0x01, 0x35, 0x00, 0xbb, 0x00, 0x3d, 0x01, 0x36, 
	0x00, 0xe6, 0x01, 0x37, 0x00, 0x44, 0x00, 0x69, 0x01, 0x38, 0x00, 0x6b, 0x00, 0x6c, 0x00, 0x6a, 
	0x01, 0x39, 0x01, 0x3a, 0x00, 0x6e, 0x00, 0x6d, 0x00, 0xa0, 0x00, 0x45, 0x00, 0x46, 0x00, 0xfe, 
	0x01, 0x00, 0x00, 0x6f, 0x01, 0x3b, 0x01, 0x3c, 0x00, 0x47, 0x00, 0xea, 0x01, 0x3d, 0x01, 0x01, 
	0x00, 0x48, 0x00, 0x70, 0x01, 0x3e, 0x01, 0x3f, 0x00, 0x72, 0x00, 0x73, 0x01, 0x40, 0x00, 0x71, 
	0x01, 0x41, 0x01, 0x42, 0x00, 0x49, 0x00, 0x4a, 0x00, 0xf9, 0x01, 0x43, 0x01, 0x44, 0x01, 0x45, 
	0x00, 0x4b, 0x01, 0x46, 0x01, 0x47, 0x00, 0x4c, 0x00, 0xd7, 0x00, 0x74, 0x01, 0x48, 0x00, 0x76, 
	0x00, 0x77, 0x00, 0x75, 0x01, 0x49, 0x01, 0x4a, 0x01, 0x4b, 0x01, 0x4c, 0x00, 0x4d, 0x01, 0x4d, 
	0x00, 0x4e, 0x01, 0x4e, 0x01, 0x4f, 0x00, 0x4f, 0x01, 0x50, 0x01, 0x51, 0x01, 0x52, 0x01, 0x53, 
	0x00, 0xe3, 0x00, 0x50, 0x00, 0x51, 0x01, 0x54, 0x01, 0x55, 0x01, 0x56, 0x01, 0x57, 0x00, 0x78, 
	0x00, 0x52, 0x00, 0x79, 0x01, 0x58, 0x00, 0x7b, 0x00, 0x7c, 0x00, 0x7a, 0x01, 0x59, 0x01, 0x5a, 
	0x00, 0xa1, 0x00, 0x7d, 0x00, 0xb1, 0x00, 0x53, 0x00, 0xee, 0x00, 0x54, 0x00, 0x55, 0x01, 0x5b, 
	0x01, 0x5c, 0x01, 0x5d, 0x00, 0x56, 0x01, 0x5e, 0x00, 0xe5, 0x00, 0xfc, 0x01, 0x5f, 0x00, 0x89, 
	0x01, 0x60, 0x00, 0x57, 0x01, 0x61, 0x01, 0x62, 0x01, 0x63, 0x00, 0x58, 0x00, 0x7e, 0x01, 0x64, 
	0x00, 0x80, 0x00, 0x81, 0x00, 0x7f, 0x01, 0x65, 0x01, 0x66, 0x01, 0x67, 0x01, 0x68, 0x01, 0x69, 
	0x00, 0x59, 0x00, 0x5a, 0x01, 0x6a, 0x00, 0x5b, 0x00, 0x5c, 0x00, 0xec, 0x01, 0x6b, 0x00, 0xba, 
	0x00, 0x5d, 0x01, 0x6c, 0x00, 0xe7, 0x01, 0x6d, 0x00, 0xc0, 0x00, 0xc1, 0x00, 0x9d, 0x00, 0x9e, 
	0x01, 0x6e, 0x01, 0x6f, 0x01, 0x70, 0x01, 0x71, 0x01, 0x72, 0x01, 0x73, 0x01, 0x74, 0x01, 0x75, 
	0x01, 0x76, 0x01, 0x77, 0x01, 0x78, 0x01, 0x79, 0x01, 0x7a, 0x01, 0x7b, 0x01, 0x7c, 0x01, 0x7d, 
	0x01, 0x7e, 0x01, 0x7f, 0x01, 0x80, 0x01, 0x81, 0x01, 0x82, 0x01, 0x83, 0x01, 0x84, 0x01, 0x85, 
	0x01, 0x86, 0x01, 0x87, 0x01, 0x88, 0x01, 0x89, 0x01, 0x8a, 0x01, 0x8b, 0x01, 0x8c, 0x01, 0x8d, 
	0x01, 0x8e, 0x01, 0x8f, 0x01, 0x90, 0x01, 0x91, 0x01, 0x92, 0x01, 0x93, 0x01, 0x94, 0x01, 0x95, 
	0x01, 0x96, 0x01, 0x97, 0x01, 0x98, 0x01, 0x99, 0x01, 0x9a, 0x01, 0x9b, 0x01, 0x9c, 0x01, 0x9d, 
	0x01, 0x9e, 0x01, 0x9f, 0x01, 0xa0, 0x01, 0xa1, 0x01, 0xa2, 0x01, 0xa3, 0x01, 0xa4, 0x01, 0xa5, 
	0x01, 0xa6, 0x01, 0xa7, 0x01, 0xa8, 0x01, 0xa9, 0x01, 0xaa, 0x01, 0xab, 0x01, 0xac, 0x01, 0xad, 
	0x01, 0xae, 0x01, 0xaf, 0x01, 0xb0, 0x01, 0xb1, 0x01, 0xb2, 0x01, 0xb3, 0x01, 0xb4, 0x01, 0xb5, 
	0x01, 0xb6, 0x01, 0xb7, 0x01, 0xb8, 0x01, 0xb9, 0x01, 0xba, 0x01, 0xbb, 0x01, 0xbc, 0x01, 0xbd, 
	0x01, 0xbe, 0x01, 0xbf, 0x01, 0xc0, 0x01, 0xc1, 0x01, 0xc2, 0x01, 0xc3, 0x01, 0xc4, 0x01, 0xc5, 
	0x01, 0xc6, 0x01, 0xc7, 0x01, 0xc8, 0x01, 0xc9, 0x01, 0xca, 0x01, 0xcb, 0x01, 0xcc, 0x01, 0xcd, 
	0x01, 0xce, 0x01, 0xcf, 0x01, 0xd0, 0x01, 0xd1, 0x01, 0xd2, 0x01, 0xd3, 0x01, 0xd4, 0x01, 0xd5, 
	0x01, 0xd6, 0x01, 0xd7, 0x01, 0xd8, 0x01, 0xd9, 0x01, 0xda, 0x01, 0xdb, 0x01, 0xdc, 0x01, 0xdd, 
	0x01, 0xde, 0x01, 0xdf, 0x01, 0xe0, 0x01, 0xe1, 0x01, 0xe2, 0x01, 0xe3, 0x01, 0xe4, 0x01, 0xe5, 
	0x01, 0xe6, 0x01, 0xe7, 0x01, 0xe8, 0x01, 0xe9, 0x01, 0xea, 0x01, 0xeb, 0x01, 0xec, 0x01, 0xed, 
	0x01, 0xee, 0x01, 0xef, 0x01, 0xf0, 0x01, 0xf1, 0x01, 0xf2, 0x01, 0xf3, 0x01, 0xf4, 0x01, 0xf5, 
	0x01, 0xf6, 0x01, 0xf7, 0x01, 0xf8, 0x01, 0xf9, 0x01, 0xfa, 0x01, 0xfb, 0x01, 0xfc, 0x01, 0xfd, 
	0x01, 0xfe, 0x01, 0xff, 0x02, 0x00, 0x02, 0x01, 0x02, 0x02, 0x02, 0x03, 0x02, 0x04, 0x02, 0x05, 
	0x02, 0x06, 0x02, 0x07, 0x02, 0x08, 0x02, 0x09, 0x02, 0x0a, 0x02, 0x0b, 0x02, 0x0c, 0x02, 0x0d, 
	0x02, 0x0e, 0x02, 0x0f, 0x02, 0x10, 0x02, 0x11, 0x02, 0x12, 0x02, 0x13, 0x02, 0x14, 0x02, 0x15, 
	0x02, 0x16, 0x02, 0x17, 0x02, 0x18, 0x02, 0x19, 0x02, 0x1a, 0x02, 0x1b, 0x02, 0x1c, 0x02, 0x1d, 
	0x02, 0x1e, 0x02, 0x1f, 0x02, 0x20, 0x02, 0x21, 0x02, 0x22, 0x02, 0x23, 0x02, 0x24, 0x02, 0x25, 
	0x02, 0x26, 0x02, 0x27, 0x02, 0x28, 0x02, 0x29, 0x02, 0x2a, 0x02, 0x2b, 0x02, 0x2c, 0x02, 0x2d, 
	0x02, 0x2e, 0x02, 0x2f, 0x02, 0x30, 0x02, 0x31, 0x02, 0x32, 0x02, 0x33, 0x02, 0x34, 0x02, 0x35, 
	0x02, 0x36, 0x02, 0x37, 0x02, 0x38, 0x02, 0x39, 0x02, 0x3a, 0x02, 0x3b, 0x02, 0x3c, 0x02, 0x3d, 
	0x02, 0x3e, 0x02, 0x3f, 0x02, 0x40, 0x02, 0x41, 0x02, 0x42, 0x02, 0x43, 0x02, 0x44, 0x02, 0x45, 
	0x02, 0x46, 0x02, 0x47, 0x02, 0x48, 0x02, 0x49, 0x02, 0x4a, 0x02, 0x4b, 0x02, 0x4c, 0x02, 0x4d, 
	0x02, 0x4e, 0x02, 0x4f, 0x02, 0x50, 0x02, 0x51, 0x02, 0x52, 0x02, 0x53, 0x02, 0x54, 0x02, 0x55, 
	0x00, 0x9b, 0x02, 0x56, 0x02, 0x57, 0x02, 0x58, 0x02, 0x59, 0x02, 0x5a, 0x02, 0x5b, 0x02, 0x5c, 
	0x02, 0x5d, 0x02, 0x5e, 0x02, 0x5f, 0x02, 0x60, 0x02, 0x61, 0x02, 0x62, 0x02, 0x63, 0x02, 0x64, 
	0x02, 0x65, 0x02, 0x66, 0x02, 0x67, 0x02, 0x68, 0x02, 0x69, 0x02, 0x6a, 0x00, 0x13, 0x00, 0x14, 
	0x00, 0x15, 0x00, 0x16, 0x00, 0x17, 0x00, 0x18, 0x00, 0x19, 0x00, 0x1a, 0x00, 0x1b, 0x00, 0x1c, 
	0x02, 0x6b, 0x02, 0x6c, 0x02, 0x6d, 0x02, 0x6e, 0x00, 0xbc, 0x00, 0xf4, 0x00, 0xf5, 0x00, 0xf6, 
	0x00, 0x0d, 0x00, 0x3f, 0x00, 0xc3, 0x00, 0x87, 0x00, 0x1d, 0x00, 0x0f, 0x00, 0xab, 0x00, 0x04, 
	0x00, 0xa3, 0x00, 0x06, 0x00, 0x11, 0x00, 0x22, 0x00, 0xa2, 0x00, 0x05, 0x00, 0x0a, 0x00, 0x1e, 
	0x00, 0x12, 0x00, 0x42, 0x00, 0x5e, 0x00, 0x60, 0x00, 0x3e, 0x00, 0x40, 0x00, 0x0b, 0x00, 0x0c, 
	0x00, 0xb3, 0x00, 0xb2, 0x02, 0x6f, 0x00, 0x10, 0x02, 0x70, 0x00, 0xa9, 0x00, 0xaa, 0x00, 0xbe, 
	0x00, 0xbf, 0x00, 0xc5, 0x00, 0xb4, 0x00, 0xb5, 0x00, 0xb6, 0x00, 0xb7, 0x00, 0xc4, 0x02, 0x71, 
	0x02, 0x72, 0x02, 0x73, 0x02, 0x74, 0x00, 0x84, 0x00, 0xbd, 0x00, 0x07, 0x02, 0x75, 0x02, 0x76, 
	0x00, 0xa6, 0x02, 0x77, 0x02, 0x78, 0x00, 0x85, 0x02, 0x79, 0x02, 0x7a, 0x00, 0x96, 0x02, 0x7b, 
	0x00, 0x0e, 0x00, 0xf0, 0x00, 0xb8, 0x00, 0x20, 0x00, 0x8f, 0x00, 0x21, 0x00, 0x1f, 0x00, 0x95, 
	0x00, 0x94, 0x00, 0x93, 0x00, 0xa7, 0x00, 0x61, 0x00, 0xa4, 0x00, 0x92, 0x00, 0x9c, 0x02, 0x7c, 
	0x00, 0x9a, 0x00, 0x99, 0x00, 0xa5, 0x02, 0x7d, 0x00, 0x98, 0x00, 0x08, 0x00, 0xc6, 0x02, 0x7e, 
	0x02, 0x7f, 0x02, 0x80, 0x02, 0x81, 0x00, 0xb9, 0x02, 0x82, 0x02, 0x83, 0x02, 0x84, 0x02, 0x85, 
	0x02, 0x86, 0x02, 0x87, 0x02, 0x88, 0x02, 0x89, 0x02, 0x8a, 0x02, 0x8b, 0x02, 0x8c, 0x02, 0x8d, 
	0x00, 0x23, 0x00, 0x09, 0x00, 0x88, 0x00, 0x86, 0x00, 0x8b, 0x00, 0x8a, 0x00, 0x8c, 0x00, 0x83, 
	0x00, 0x5f, 0x00, 0xe8, 0x00, 0x82, 0x00, 0xc2, 0x02, 0x8e, 0x00, 0x41, 0x02, 0x8f, 0x02, 0x90, 
	0x02, 0x91, 0x02, 0x92, 0x02, 0x93, 0x02, 0x94, 0x02, 0x95, 0x02, 0x96, 0x02, 0x97, 0x00, 0x8d, 
	0x00, 0xdb, 0x00, 0xe1, 0x00, 0xde, 0x00, 0xd8, 0x00, 0x8e, 0x00, 0xdc, 0x00, 0x43, 0x00, 0xdf, 
	0x00, 0xda, 0x00, 0xe0, 0x00, 0xdd, 0x00, 0xd9, 0x02, 0x98, 0x02, 0x99, 0x02, 0x9a, 0x02, 0x9b, 
	0x02, 0x9c, 0x04, 0x4e, 0x55, 0x4c, 0x4c, 0x06, 0x41, 0x62, 0x72, 0x65, 0x76, 0x65, 0x07, 0x41, 
	0x6d, 0x61, 0x63, 0x72, 0x6f, 0x6e, 0x07, 0x41, 0x6f, 0x67, 0x6f, 0x6e, 0x65, 0x6b, 0x0b, 0x43, 
	0x63, 0x69, 0x72, 0x63, 0x75, 0x6d, 0x66, 0x6c, 0x65, 0x78, 0x0a, 0x43, 0x64, 0x6f, 0x74, 0x61, 
	0x63, 0x63, 0x65, 0x6e, 0x74, 0x06, 0x44, 0x63, 0x61, 0x72, 0x6f, 0x6e, 0x06, 0x44, 0x63, 0x72, 
	0x6f, 0x61, 0x74, 0x06, 0x45, 0x62, 0x72, 0x65, 0x76, 0x65, 0x06, 0x45, 0x63, 0x61, 0x72, 0x6f, 
	0x6e, 0x0a, 0x45, 0x64, 0x6f, 0x74, 0x61, 0x63, 0x63, 0x65, 0x6e, 0x74, 0x07, 0x45, 0x6d, 0x61, 
	0x63, 0x72, 0x6f, 0x6e, 0x07, 0x45, 0x6f, 0x67, 0x6f, 0x6e, 0x65, 0x6b, 0x0b, 0x47, 0x63, 0x69, 
	0x72, 0x63, 0x75, 0x6d, 0x66, 0x6c, 0x65, 0x78, 0x0c, 0x47, 0x63, 0x6f, 0x6d, 0x6d, 0x61, 0x61, 
	0x63, 0x63, 0x65, 0x6e, 0x74, 0x0a, 0x47, 0x64, 0x6f, 0x74, 0x61, 0x63, 0x63, 0x65, 0x6e, 0x74, 
	0x04, 0x48, 0x62, 0x61, 0x72, 0x0b, 0x48, 0x63, 0x69, 0x72, 0x63, 0x75, 0x6d, 0x66, 0x6c, 0x65, 
	0x78, 0x02, 0x49, 0x4a, 0x06, 0x49, 0x62, 0x72, 0x65, 0x76, 0x65, 0x07, 0x49, 0x6d, 0x61, 0x63, 
	0x72, 0x6f, 0x6e, 0x07, 0x49, 0x6f, 0x67, 0x6f, 0x6e, 0x65, 0x6b, 0x06, 0x49, 0x74, 0x69, 0x6c, 
	0x64, 0x65, 0x0b, 0x4a, 0x63, 0x69, 0x72, 0x63, 0x75, 0x6d, 0x66, 0x6c, 0x65, 0x78, 0x0c, 0x4b, 
	0x63, 0x6f, 0x6d, 0x6d, 0x61, 0x61, 0x63, 0x63, 0x65, 0x6e, 0x74, 0x06, 0x4c, 0x61, 0x63, 0x75, 
	0x74, 0x65, 0x06, 0x4c, 0x63, 0x61, 0x72, 0x6f, 0x6e, 0x0c, 0x4c, 0x63, 0x6f, 0x6d, 0x6d, 0x61, 
	0x61, 0x63, 0x63, 0x65, 0x6e, 0x74, 0x04, 0x4c, 0x64, 0x6f, 0x74, 0x06, 0x4e, 0x61, 0x63, 0x75, 
	0x74, 0x65, 0x06, 0x4e, 0x63, 0x61, 0x72, 0x6f, 0x6e, 0x0c, 0x4e, 0x63, 0x6f, 0x6d, 0x6d, 0x61, 
	0x61, 0x63, 0x63, 0x65, 0x6e, 0x74, 0x03, 0x45, 0x6e, 0x67, 0x06, 0x4f, 0x62, 0x72, 0x65, 0x76, 
	0x65, 0x0d, 0x4f, 0x68, 0x75, 0x6e, 0x67, 0x61, 0x72, 0x75, 0x6d, 0x6c, 0x61, 0x75, 0x74, 0x07, 
	0x4f, 0x6d, 0x61, 0x63, 0x72, 0x6f, 0x6e, 0x06, 0x52, 0x61, 0x63, 0x75, 0x74, 0x65, 0x06, 0x52, 
	0x63, 0x61, 0x72, 0x6f, 0x6e, 0x0c, 0x52, 0x63, 0x6f, 0x6d, 0x6d, 0x61, 0x61, 0x63, 0x63, 0x65, 
	0x6e, 0x74, 0x06, 0x53, 0x61, 0x63, 0x75, 0x74, 0x65, 0x0b, 0x53, 0x63, 0x69, 0x72, 0x63, 0x75, 
	0x6d, 0x66, 0x6c, 0x65, 0x78, 0x04, 0x54, 0x62, 0x61, 0x72, 0x06, 0x54, 0x63, 0x61, 0x72, 0x6f, 
	0x6e, 0x07, 0x75, 0x6e, 0x69, 0x30, 0x32, 0x31, 0x41, 0x06, 0x55, 0x62, 0x72, 0x65, 0x76, 0x65, 
	0x0d, 0x55, 0x68, 0x75, 0x6e, 0x67, 0x61, 0x72, 0x75, 0x6d, 0x6c, 0x61, 0x75, 0x74, 0x07, 0x55, 
	0x6d, 0x61, 0x63, 0x72, 0x6f, 0x6e, 0x07, 0x55, 0x6f, 0x67, 0x6f, 0x6e, 0x65, 0x6b, 0x05, 0x55, 
	0x72, 0x69, 0x6e, 0x67, 0x06, 0x55, 0x74, 0x69, 0x6c, 0x64, 0x65, 0x0b, 0x57, 0x63, 0x69, 0x72, 
	0x63, 0x75, 0x6d, 0x66, 0x6c, 0x65, 0x78, 0x0b, 0x59, 0x63, 0x69, 0x72, 0x63, 0x75, 0x6d, 0x66, 
	0x6c, 0x65, 0x78, 0x06, 0x5a, 0x61, 0x63, 0x75, 0x74, 0x65, 0x0a, 0x5a, 0x64, 0x6f, 0x74, 0x61, 
	0x63, 0x63, 0x65, 0x6e, 0x74, 0x06, 0x61, 0x62, 0x72, 0x65, 0x76, 0x65, 0x07, 0x61, 0x6d, 0x61, 
	0x63, 0x72, 0x6f, 0x6e, 0x07, 0x61, 0x6f, 0x67, 0x6f, 0x6e, 0x65, 0x6b, 0x0b, 0x63, 0x63, 0x69, 
	0x72, 0x63, 0x75, 0x6d, 0x66, 0x6c, 0x65, 0x78, 0x0a, 0x63, 0x64, 0x6f, 0x74, 0x61, 0x63, 0x63, 
	0x65, 0x6e, 0x74, 0x06, 0x64, 0x63, 0x61, 0x72, 0x6f, 0x6e, 0x06, 0x65, 0x62, 0x72, 0x65, 0x76, 
	0x65, 0x06, 0x65, 0x63, 0x61, 0x72, 0x6f, 0x6e, 0x0a, 0x65, 0x64, 0x6f, 0x74, 0x61, 0x63, 0x63, 
	0x65, 0x6e, 0x74, 0x07, 0x65, 0x6d, 0x61, 0x63, 0x72, 0x6f, 0x6e, 0x07, 0x65, 0x6f, 0x67, 0x6f, 
	0x6e, 0x65, 0x6b, 0x0b, 0x67, 0x63, 0x69, 0x72, 0x63, 0x75, 0x6d, 0x66, 0x6c, 0x65, 0x78, 0x0c, 
	0x67, 0x63, 0x6f, 0x6d, 0x6d, 0x61, 0x61, 0x63, 0x63, 0x65, 0x6e, 0x74, 0x0a, 0x67, 0x64, 0x6f, 
	0x74, 0x61, 0x63, 0x63, 0x65, 0x6e, 0x74, 0x04, 0x68, 0x62, 0x61, 0x72, 0x0b, 0x68, 0x63, 0x69, 
	0x72, 0x63, 0x75, 0x6d, 0x66, 0x6c, 0x65, 0x78, 0x06, 0x69, 0x62, 0x72, 0x65, 0x76, 0x65, 0x02, 
	0x69, 0x6a, 0x07, 0x69, 0x6d, 0x61, 0x63, 0x72, 0x6f, 0x6e, 0x07, 0x69, 0x6f, 0x67, 0x6f, 0x6e, 
	0x65, 0x6b, 0x06, 0x69, 0x74, 0x69, 0x6c, 0x64, 0x65, 0x0b, 0x6a, 0x63, 0x69, 0x72, 0x63, 0x75, 
	0x6d, 0x66, 0x6c, 0x65, 0x78, 0x0c, 0x6b, 0x63, 0x6f, 0x6d, 0x6d, 0x61, 0x61, 0x63, 0x63, 0x65, 
	0x6e, 0x74, 0x0c, 0x6b, 0x67, 0x72, 0x65, 0x65, 0x6e, 0x6c, 0x61, 0x6e, 0x64, 0x69, 0x63, 0x06, 
	0x6c, 0x61, 0x63, 0x75, 0x74, 0x65, 0x06, 0x6c, 0x63, 0x61, 0x72, 0x6f, 0x6e, 0x0c, 0x6c, 0x63, 
	0x6f, 0x6d, 0x6d, 0x61, 0x61, 0x63, 0x63, 0x65, 0x6e, 0x74, 0x04, 0x6c, 0x64, 0x6f, 0x74, 0x06, 
	0x6e, 0x61, 0x63, 0x75, 0x74, 0x65, 0x06, 0x6e, 0x63, 0x61, 0x72, 0x6f, 0x6e, 0x0c, 0x6e, 0x63, 
	0x6f, 0x6d, 0x6d, 0x61, 0x61, 0x63, 0x63, 0x65, 0x6e, 0x74, 0x03, 0x65, 0x6e, 0x67, 0x06, 0x6f, 
	0x62, 0x72, 0x65, 0x76, 0x65, 0x0d, 0x6f, 0x68, 0x75, 0x6e, 0x67, 0x61, 0x72, 0x75, 0x6d, 0x6c, 
	0x61, 0x75, 0x74, 0x07, 0x6f, 0x6d, 0x61, 0x63, 0x72, 0x6f, 0x6e, 0x06, 0x72, 0x61, 0x63, 0x75, 
	0x74, 0x65, 0x06, 0x72, 0x63, 0x61, 0x72, 0x6f, 0x6e, 0x0c, 0x72, 0x63, 0x6f, 0x6d, 0x6d, 0x61, 
	0x61, 0x63, 0x63, 0x65, 0x6e, 0x74, 0x06, 0x73, 0x61, 0x63, 0x75, 0x74, 0x65, 0x0b, 0x73, 0x63, 
	0x69, 0x72, 0x63, 0x75, 0x6d, 0x66, 0x6c, 0x65, 0x78, 0x05, 0x6c, 0x6f, 0x6e, 0x67, 0x73, 0x04, 
	0x74, 0x62, 0x61, 0x72, 0x06, 0x74, 0x63, 0x61, 0x72, 0x6f, 0x6e, 0x07, 0x75, 0x6e, 0x69, 0x30, 
	0x32, 0x31, 0x42, 0x06, 0x75, 0x62, 0x72, 0x65, 0x76, 0x65, 0x0d, 0x75, 0x68, 0x75, 0x6e, 0x67, 
	0x61, 0x72, 0x75, 0x6d, 0x6c, 0x61, 0x75, 0x74, 0x07, 0x75, 0x6d, 0x61, 0x63, 0x72, 0x6f, 0x6e, 
	0x07, 0x75, 0x6f, 0x67, 0x6f, 0x6e, 0x65, 0x6b, 0x05, 0x75, 0x72, 0x69, 0x6e, 0x67, 0x06, 0x75, 
	0x74, 0x69, 0x6c, 0x64, 0x65, 0x0b, 0x77, 0x63, 0x69, 0x72, 0x63, 0x75, 0x6d, 0x66, 0x6c, 0x65, 
	0x78, 0x0b, 0x79, 0x63, 0x69, 0x72, 0x63, 0x75, 0x6d, 0x66, 0x6c, 0x65, 0x78, 0x06, 0x7a, 0x61, 
	0x63, 0x75, 0x74, 0x65, 0x0a, 0x7a, 0x64, 0x6f, 0x74, 0x61, 0x63, 0x63, 0x65, 0x6e, 0x74, 0x07, 
	0x75, 0x6e, 0x69, 0x30, 0x34, 0x31, 0x30, 0x07, 0x75, 0x6e, 0x69, 0x30, 0x34, 0x31, 0x31, 0x07, 
	0x75, 0x6e, 0x69, 0x30, 0x34, 0x31, 0x32, 0x07, 0x75, 0x6e, 0x69, 0x30, 0x34, 0x31, 0x33, 0x07, 
	0x75, 0x6e, 0x69, 0x30, 0x34, 0x30, 0x33, 0x07, 0x75, 0x6e, 0x69, 0x30, 0x34, 0x39, 0x30, 0x07, 
	0x75, 0x6e, 0x69, 0x30, 0x34, 0x31, 0x34, 0x07, 0x75, 0x6e, 0x69, 0x30, 0x34, 0x31, 0x35, 0x07, 
	0x75, 0x6e, 0x69, 0x30, 0x34, 0x30, 0x30, 0x07, 0x75, 0x6e, 0x69, 0x30, 0x34, 0x30, 0x31, 0x07, 
	0x75, 0x6e, 0x69, 0x30, 0x34, 0x31, 0x36, 0x07, 0x75, 0x6e, 0x69, 0x30, 0x34, 0x31, 0x37, 0x07, 
	0x75, 0x6e, 0x69, 0x30, 0x34, 0x31, 0x38, 0x07, 0x75, 0x6e, 0x69, 0x30, 0x34, 0x31, 0x39, 0x07, 
	0x75, 0x6e, 0x69, 0x30, 0x34, 0x30, 0x44, 0x07, 0x75, 0x6e, 0x69, 0x30, 0x34, 0x31, 0x41, 0x07, 
	0x75, 0x6e, 0x69, 0x30, 0x34, 0x30, 0x43, 0x07, 0x75, 0x6e, 0x69, 0x30, 0x34, 0x31, 0x42, 0x07, 
	0x75, 0x6e, 0x69, 0x30, 0x34, 0x31, 0x43, 0x07, 0x75, 0x6e, 0x69, 0x30, 0x34, 0x31, 0x44, 0x07, 
	0x75, 0x6e, 0x69, 0x30, 0x34, 0x31, 0x45, 0x07, 0x75, 0x6e, 0x69, 0x30, 0x34, 0x31, 0x46, 0x07, 
	0x75, 0x6e, 0x69, 0x30, 0x34, 0x32, 0x30, 0x07, 0x75, 0x6e, 0x69, 0x30, 0x34, 0x32, 0x31, 0x07, 
	0x75, 0x6e, 0x69, 0x30, 0x34, 0x32, 0x32, 0x07, 0x75, 0x6e, 0x69, 0x30, 0x34, 0x32, 0x33, 0x07, 
	0x75, 0x6e, 0x69, 0x30, 0x34, 0x30, 0x45, 0x07, 0x75, 0x6e, 0x69, 0x30, 0x34, 0x32, 0x34, 0x07, 
	0x75, 0x6e, 0x69, 0x30, 0x34, 0x32, 0x35, 0x07, 0x75, 0x6e, 0x69, 0x30, 0x34, 0x32, 0x37, 0x07, 
	0x75, 0x6e, 0x69, 0x30, 0x34, 0x32, 0x36, 0x07, 0x75, 0x6e, 0x69, 0x30, 0x34, 0x32, 0x38, 0x07, 
	0x75, 0x6e, 0x69, 0x30, 0x34, 0x32, 0x39, 0x07, 0x75, 0x6e, 0x69, 0x30, 0x34, 0x30, 0x46, 0x07, 
	0x75, 0x6e, 0x69, 0x30, 0x34, 0x32, 0x43, 0x07, 0x75, 0x6e, 0x69, 0x30, 0x34, 0x32, 0x41, 0x07, 
	0x75, 0x6e, 0x69, 0x30, 0x34, 0x32, 0x42, 0x07, 0x75, 0x6e, 0x69, 0x30, 0x34, 0x30, 0x39, 0x07, 
	0x75, 0x6e, 0x69, 0x30, 0x34, 0x30, 0x41, 0x07, 0x75, 0x6e, 0x69, 0x30, 0x34, 0x30, 0x35, 0x07, 
	0x75, 0x6e, 0x69, 0x30, 0x34, 0x30, 0x34, 0x07, 0x75, 0x6e, 0x69, 0x30, 0x34, 0x32, 0x44, 0x07, 
	0x75, 0x6e, 0x69, 0x30, 0x34, 0x30, 0x36, 0x07, 0x75, 0x6e, 0x69, 0x30, 0x34, 0x30, 0x37, 0x07, 
	0x75, 0x6e, 0x69, 0x30, 0x34, 0x30, 0x38, 0x07, 0x75, 0x6e, 0x69, 0x30, 0x34, 0x30, 0x42, 0x07, 
	0x75, 0x6e, 0x69, 0x30, 0x34, 0x32, 0x45, 0x07, 0x75, 0x6e, 0x69, 0x30, 0x34, 0x32, 0x46, 0x07, 
	0x75, 0x6e, 0x69, 0x30, 0x34, 0x30, 0x32, 0x07, 0x75, 0x6e, 0x69, 0x30, 0x34, 0x36, 0x32, 0x07, 
	0x75, 0x6e, 0x69, 0x30, 0x34, 0x36, 0x41, 0x07, 0x75, 0x6e, 0x69, 0x30, 0x34, 0x37, 0x32, 0x07, 
	0x75, 0x6e, 0x69, 0x30, 0x34, 0x37, 0x34, 0x07, 0x75, 0x6e, 0x69, 0x30, 0x34, 0x39, 0x32, 0x07, 
	0x75, 0x6e, 0x69, 0x30, 0x34, 0x39, 0x34, 0x07, 0x75, 0x6e, 0x69, 0x30, 0x34, 0x39, 0x36, 0x07, 
	0x75, 0x6e, 0x69, 0x30, 0x34, 0x39, 0x38, 0x07, 0x75, 0x6e, 0x69, 0x30, 0x34, 0x39, 0x41, 0x07, 
	0x75, 0x6e, 0x69, 0x30, 0x34, 0x39, 0x43, 0x07, 0x75, 0x6e, 0x69, 0x30, 0x34, 0x41, 0x30, 0x07, 
	0x75, 0x6e, 0x69, 0x30, 0x34, 0x41, 0x32, 0x07, 0x75, 0x6e, 0x69, 0x30, 0x35, 0x32, 0x34, 0x07, 
	0x75, 0x6e, 0x69, 0x30, 0x34, 0x41, 0x41, 0x07, 0x75, 0x6e, 0x69, 0x30, 0x34, 0x41, 0x43, 0x07, 
	0x75, 0x6e, 0x69, 0x30, 0x34, 0x41, 0x45, 0x07, 0x75, 0x6e, 0x69, 0x30, 0x34, 0x42, 0x30, 0x07, 
	0x75, 0x6e, 0x69, 0x30, 0x34, 0x42, 0x36, 0x07, 0x75, 0x6e, 0x69, 0x30, 0x34, 0x42, 0x38, 0x07, 
	0x75, 0x6e, 0x69, 0x30, 0x34, 0x42, 0x41, 0x07, 0x75, 0x6e, 0x69, 0x30, 0x34, 0x43, 0x30, 0x07, 
	0x75, 0x6e, 0x69, 0x30, 0x34, 0x43, 0x31, 0x07, 0x75, 0x6e, 0x69, 0x30, 0x34, 0x43, 0x42, 0x07, 
	0x75, 0x6e, 0x69, 0x30, 0x34, 0x44, 0x30, 0x07, 0x75, 0x6e, 0x69, 0x30, 0x34, 0x44, 0x32, 0x07, 
	0x75, 0x6e, 0x69, 0x30, 0x34, 0x44, 0x36, 0x07, 0x75, 0x6e, 0x69, 0x30, 0x34, 0x44, 0x38, 0x07, 
	0x75, 0x6e, 0x69, 0x30, 0x34, 0x44, 0x43, 0x07, 0x75, 0x6e, 0x69, 0x30, 0x34, 0x44, 0x45, 0x07, 
	0x75, 0x6e, 0x69, 0x30, 0x34, 0x45, 0x32, 0x07, 0x75, 0x6e, 0x69, 0x30, 0x34, 0x45, 0x34, 0x07, 
	0x75, 0x6e, 0x69, 0x30, 0x34, 0x45, 0x36, 0x07, 0x75, 0x6e, 0x69, 0x30, 0x34, 0x45, 0x38, 0x07, 
	0x75, 0x6e, 0x69, 0x30, 0x34, 0x45, 0x45, 0x07, 0x75, 0x6e, 0x69, 0x30, 0x34, 0x46, 0x30, 0x07, 
	0x75, 0x6e, 0x69, 0x30, 0x34, 0x46, 0x32, 0x07, 0x75, 0x6e, 0x69, 0x30, 0x34, 0x46, 0x34, 0x07, 
	0x75, 0x6e, 0x69, 0x30, 0x34, 0x46, 0x36, 0x07, 0x75, 0x6e, 0x69, 0x30, 0x34, 0x46, 0x38, 0x07, 
	0x75, 0x6e, 0x69, 0x30, 0x35, 0x31, 0x41, 0x07, 0x75, 0x6e, 0x69, 0x30, 0x35, 0x31, 0x43, 0x07, 
	0x75, 0x6e, 0x69, 0x30, 0x34, 0x33, 0x30, 0x07, 0x75, 0x6e, 0x69, 0x30, 0x34, 0x33, 0x31, 0x07, 
	0x75, 0x6e, 0x69, 0x30, 0x34, 0x33, 0x32, 0x07, 0x75, 0x6e, 0x69, 0x30, 0x34, 0x33, 0x33, 0x07, 
	0x75, 0x6e, 0x69, 0x30, 0x34, 0x35, 0x33, 0x07, 0x75, 0x6e, 0x69, 0x30, 0x34, 0x39, 0x31, 0x07, 
	0x75, 0x6e, 0x69, 0x30, 0x34, 0x33, 0x34, 0x07, 0x75, 0x6e, 0x69, 0x30, 0x34, 0x33, 0x35, 0x07, 
	0x75, 0x6e, 0x69, 0x30, 0x34, 0x35, 0x30, 0x07, 0x75, 0x6e, 0x69, 0x30, 0x34, 0x35, 0x31, 0x07, 
	0x75, 0x6e, 0x69, 0x30, 0x34, 0x33, 0x36, 0x07, 0x75, 0x6e, 0x69, 0x30, 0x34, 0x33, 0x37, 0x07, 
	0x75, 0x6e, 0x69, 0x30, 0x34, 0x33, 0x38, 0x07, 0x75, 0x6e, 0x69, 0x30, 0x34, 0x33, 0x39, 0x07, 
	0x75, 0x6e, 0x69, 0x30, 0x34, 0x35, 0x44, 0x07, 0x75, 0x6e, 0x69, 0x30, 0x34, 0x33, 0x41, 0x07, 
	0x75, 0x6e, 0x69, 0x30, 0x34, 0x35, 0x43, 0x07, 0x75, 0x6e, 0x69, 0x30, 0x34, 0x33, 0x42, 0x07, 
	0x75, 0x6e, 0x69, 0x30, 0x34, 0x33, 0x43, 0x07, 0x75, 0x6e, 0x69, 0x30, 0x34, 0x33, 0x44, 0x07, 
	0x75, 0x6e, 0x69, 0x30, 0x34, 0x33, 0x45, 0x07, 0x75, 0x6e, 0x69, 0x30, 0x34, 0x33, 0x46, 0x07, 
	0x75, 0x6e, 0x69, 0x30, 0x34, 0x34, 0x30, 0x07, 0x75, 0x6e, 0x69, 0x30, 0x34, 0x34, 0x31, 0x07, 
	0x75, 0x6e, 0x69, 0x30, 0x34, 0x34, 0x32, 0x07, 0x75, 0x6e, 0x69, 0x30, 0x34, 0x34, 0x33, 0x07, 
	0x75, 0x6e, 0x69, 0x30, 0x34, 0x35, 0x45, 0x07, 0x75, 0x6e, 0x69, 0x30, 0x34, 0x34, 0x34, 0x07, 
	0x75, 0x6e, 0x69, 0x30, 0x34, 0x34, 0x35, 0x07, 0x75, 0x6e, 0x69, 0x30, 0x34, 0x34, 0x37, 0x07, 
	0x75, 0x6e, 0x69, 0x30, 0x34, 0x34, 0x36, 0x07, 0x75, 0x6e, 0x69, 0x30, 0x34, 0x34, 0x38, 0x07, 
	0x75, 0x6e, 0x69, 0x30, 0x34, 0x34, 0x39, 0x07, 0x75, 0x6e, 0x69, 0x30, 0x34, 0x35, 0x46, 0x07, 
	0x75, 0x6e, 0x69, 0x30, 0x34, 0x34, 0x43, 0x07, 0x75, 0x6e, 0x69, 0x30, 0x34, 0x34, 0x41, 0x07, 
	0x75, 0x6e, 0x69, 0x30, 0x34, 0x34, 0x42, 0x07, 0x75, 0x6e, 0x69, 0x30, 0x34, 0x35, 0x39, 0x07, 
	0x75, 0x6e, 0x69, 0x30, 0x34, 0x35, 0x41, 0x07, 0x75, 0x6e, 0x69, 0x30, 0x34, 0x35, 0x35, 0x07, 
	0x75, 0x6e, 0x69, 0x30, 0x34, 0x35, 0x34, 0x07, 0x75, 0x6e, 0x69, 0x30, 0x34, 0x34, 0x44, 0x07, 
	0x75, 0x6e, 0x69, 0x30, 0x34, 0x35, 0x36, 0x07, 0x75, 0x6e, 0x69, 0x30, 0x34, 0x35, 0x37, 0x07, 
	0x75, 0x6e, 0x69, 0x30, 0x34, 0x35, 0x38, 0x07, 0x75, 0x6e, 0x69, 0x30, 0x34, 0x35, 0x42, 0x07, 
	0x75, 0x6e, 0x69, 0x30, 0x34, 0x34, 0x45, 0x07, 0x75, 0x6e, 0x69, 0x30, 0x34, 0x34, 0x46, 0x07, 
	0x75, 0x6e, 0x69, 0x30, 0x34, 0x35, 0x32, 0x07, 0x75, 0x6e, 0x69, 0x30, 0x34, 0x36, 0x33, 0x07, 
	0x75, 0x6e, 0x69, 0x30, 0x34, 0x36, 0x42, 0x07, 0x75, 0x6e, 0x69, 0x30, 0x34, 0x37, 0x33, 0x07, 
	0x75, 0x6e, 0x69, 0x30, 0x34, 0x37, 0x35, 0x07, 0x75, 0x6e, 0x69, 0x30, 0x34, 0x39, 0x33, 0x07, 
	0x75, 0x6e, 0x69, 0x30, 0x34, 0x39, 0x35, 0x07, 0x75, 0x6e, 0x69, 0x30, 0x34, 0x39, 0x37, 0x07, 
	0x75, 0x6e, 0x69, 0x30, 0x34, 0x39, 0x39, 0x07, 0x75, 0x6e, 0x69, 0x30, 0x34, 0x39, 0x42, 0x07, 
	0x75, 0x6e, 0x69, 0x30, 0x34, 0x39, 0x44, 0x07, 0x75, 0x6e, 0x69, 0x30, 0x34, 0x41, 0x31, 0x07, 
	0x75, 0x6e, 0x69, 0x30, 0x34, 0x41, 0x33, 0x07, 0x75, 0x6e, 0x69, 0x30, 0x35, 0x32, 0x35, 0x07, 
	0x75, 0x6e, 0x69, 0x30, 0x34, 0x41, 0x42, 0x07, 0x75, 0x6e, 0x69, 0x30, 0x34, 0x41, 0x44, 0x07, 
	0x75, 0x6e, 0x69, 0x30, 0x34, 0x41, 0x46, 0x07, 0x75, 0x6e, 0x69, 0x30, 0x34, 0x42, 0x31, 0x07, 
	0x75, 0x6e, 0x69, 0x30, 0x34, 0x42, 0x37, 0x07, 0x75, 0x6e, 0x69, 0x30, 0x34, 0x42, 0x39, 0x07, 
	0x75, 0x6e, 0x69, 0x30, 0x34, 0x42, 0x42, 0x07, 0x75, 0x6e, 0x69, 0x30, 0x34, 0x43, 0x46, 0x07, 
	0x75, 0x6e, 0x69, 0x30, 0x34, 0x43, 0x32, 0x07, 0x75, 0x6e, 0x69, 0x30, 0x34, 0x43, 0x43, 0x07, 
	0x75, 0x6e, 0x69, 0x30, 0x34, 0x44, 0x31, 0x07, 0x75, 0x6e, 0x69, 0x30, 0x34, 0x44, 0x33, 0x07, 
	0x75, 0x6e, 0x69, 0x30, 0x34, 0x44, 0x37, 0x07, 0x75, 0x6e, 0x69, 0x30, 0x34, 0x44, 0x39, 0x07, 
	0x75, 0x6e, 0x69, 0x30, 0x34, 0x44, 0x44, 0x07, 0x75, 0x6e, 0x69, 0x30, 0x34, 0x44, 0x46, 0x07, 
	0x75, 0x6e, 0x69, 0x30, 0x34, 0x45, 0x33, 0x07, 0x75, 0x6e, 0x69, 0x30, 0x34, 0x45, 0x35, 0x07, 
	0x75, 0x6e, 0x69, 0x30, 0x34, 0x45, 0x37, 0x07, 0x75, 0x6e, 0x69, 0x30, 0x34, 0x45, 0x39, 0x07, 
	0x75, 0x6e, 0x69, 0x30, 0x34, 0x45, 0x46, 0x07, 0x75, 0x6e, 0x69, 0x30, 0x34, 0x46, 0x31, 0x07, 
	0x75, 0x6e, 0x69, 0x30, 0x34, 0x46, 0x33, 0x07, 0x75, 0x6e, 0x69, 0x30, 0x34, 0x46, 0x35, 0x07, 
	0x75, 0x6e, 0x69, 0x30, 0x34, 0x46, 0x37, 0x07, 0x75, 0x6e, 0x69, 0x30, 0x34, 0x46, 0x39, 0x07, 
	0x75, 0x6e, 0x69, 0x30, 0x35, 0x31, 0x42, 0x07, 0x75, 0x6e, 0x69, 0x30, 0x35, 0x31, 0x44, 0x07, 
	0x75, 0x6e, 0x69, 0x30, 0x34, 0x41, 0x34, 0x07, 0x75, 0x6e, 0x69, 0x30, 0x34, 0x41, 0x35, 0x07, 
	0x75, 0x6e, 0x69, 0x30, 0x34, 0x44, 0x34, 0x07, 0x75, 0x6e, 0x69, 0x30, 0x34, 0x44, 0x35, 0x05, 
	0x41, 0x6c, 0x70, 0x68, 0x61, 0x04, 0x42, 0x65, 0x74, 0x61, 0x05, 0x47, 0x61, 0x6d, 0x6d, 0x61, 
	0x07, 0x75, 0x6e, 0x69, 0x30, 0x33, 0x39, 0x34, 0x07, 0x45, 0x70, 0x73, 0x69, 0x6c, 0x6f, 0x6e, 
	0x04, 0x5a, 0x65, 0x74, 0x61, 0x03, 0x45, 0x74, 0x61, 0x05, 0x54, 0x68, 0x65, 0x74, 0x61, 0x04, 
	0x49, 0x6f, 0x74, 0x61, 0x05, 0x4b, 0x61, 0x70, 0x70, 0x61, 0x06, 0x4c, 0x61, 0x6d, 0x62, 0x64, 
	0x61, 0x02, 0x4d, 0x75, 0x02, 0x4e, 0x75, 0x02, 0x58, 0x69, 0x07, 0x4f, 0x6d, 0x69, 0x63, 0x72, 
	0x6f, 0x6e, 0x02, 0x50, 0x69, 0x03, 0x52, 0x68, 0x6f, 0x05, 0x53, 0x69, 0x67, 0x6d, 0x61, 0x03, 
	0x54, 0x61, 0x75, 0x07, 0x55, 0x70, 0x73, 0x69, 0x6c, 0x6f, 0x6e, 0x03, 0x50, 0x68, 0x69, 0x03, 
	0x43, 0x68, 0x69, 0x03, 0x50, 0x73, 0x69, 0x07, 0x75, 0x6e, 0x69, 0x30, 0x33, 0x41, 0x39, 0x0a, 
	0x41, 0x6c, 0x70, 0x68, 0x61, 0x74, 0x6f, 0x6e, 0x6f, 0x73, 0x0c, 0x45, 0x70, 0x73, 0x69, 0x6c, 
	0x6f, 0x6e, 0x74, 0x6f, 0x6e, 0x6f, 0x73, 0x08, 0x45, 0x74, 0x61, 0x74, 0x6f, 0x6e, 0x6f, 0x73, 
	0x09, 0x49, 0x6f, 0x74, 0x61, 0x74, 0x6f, 0x6e, 0x6f, 0x73, 0x0c, 0x4f, 0x6d, 0x69, 0x63, 0x72, 
	0x6f, 0x6e, 0x74, 0x6f, 0x6e, 0x6f, 0x73, 0x0c, 0x55, 0x70, 0x73, 0x69, 0x6c, 0x6f, 0x6e, 0x74, 
	0x6f, 0x6e, 0x6f, 0x73, 0x0a, 0x4f, 0x6d, 0x65, 0x67, 0x61, 0x74, 0x6f, 0x6e, 0x6f, 0x73, 0x0c, 
	0x49, 0x6f, 0x74, 0x61, 0x64, 0x69, 0x65, 0x72, 0x65, 0x73, 0x69, 0x73, 0x0f, 0x55, 0x70, 0x73, 
	0x69, 0x6c, 0x6f, 0x6e, 0x64, 0x69, 0x65, 0x72, 0x65, 0x73, 0x69, 0x73, 0x05, 0x61, 0x6c, 0x70, 
	0x68, 0x61, 0x04, 0x62, 0x65, 0x74, 0x61, 0x05, 0x67, 0x61, 0x6d, 0x6d, 0x61, 0x05, 0x64, 0x65, 
	0x6c, 0x74, 0x61, 0x07, 0x65, 0x70, 0x73, 0x69, 0x6c, 0x6f, 0x6e, 0x04, 0x7a, 0x65, 0x74, 0x61, 
	0x03, 0x65, 0x74, 0x61, 0x05, 0x74, 0x68, 0x65, 0x74, 0x61, 0x04, 0x69, 0x6f, 0x74, 0x61, 0x05, 
	0x6b, 0x61, 0x70, 0x70, 0x61, 0x06, 0x6c, 0x61, 0x6d, 0x62, 0x64, 0x61, 0x07, 0x75, 0x6e, 0x69, 
	0x30, 0x33, 0x42, 0x43, 0x02, 0x6e, 0x75, 0x02, 0x78, 0x69, 0x07, 0x6f, 0x6d, 0x69, 0x63, 0x72, 
	0x6f, 0x6e, 0x03, 0x72, 0x68, 0x6f, 0x07, 0x75, 0x6e, 0x69, 0x30, 0x33, 0x43, 0x32, 0x05, 0x73, 
	0x69, 0x67, 0x6d, 0x61, 0x03, 0x74, 0x61, 0x75, 0x07, 0x75, 0x70, 0x73, 0x69, 0x6c, 0x6f, 0x6e, 
	0x03, 0x70, 0x68, 0x69, 0x03, 0x63, 0x68, 0x69, 0x03, 0x70, 0x73, 0x69, 0x05, 0x6f, 0x6d, 0x65, 
	0x67, 0x61, 0x09, 0x69, 0x6f, 0x74, 0x61, 0x74, 0x6f, 0x6e, 0x6f, 0x73, 0x0c, 0x69, 0x6f, 0x74, 
	0x61, 0x64, 0x69, 0x65, 0x72, 0x65, 0x73, 0x69, 0x73, 0x11, 0x69, 0x6f, 0x74, 0x61, 0x64, 0x69, 
	0x65, 0x72, 0x65, 0x73, 0x69, 0x73, 0x74, 0x6f, 0x6e, 0x6f, 0x73, 0x0c, 0x75, 0x70, 0x73, 0x69, 
	0x6c, 0x6f, 0x6e, 0x74, 0x6f, 0x6e, 0x6f, 0x73, 0x0f, 0x75, 0x70, 0x73, 0x69, 0x6c, 0x6f, 0x6e, 
	0x64, 0x69, 0x65, 0x72, 0x65, 0x73, 0x69, 0x73, 0x14, 0x75, 0x70, 0x73, 0x69, 0x6c, 0x6f, 0x6e, 
	0x64, 0x69, 0x65, 0x72, 0x65, 0x73, 0x69, 0x73, 0x74, 0x6f, 0x6e, 0x6f, 0x73, 0x0c, 0x6f, 0x6d, 
	0x69, 0x63, 0x72, 0x6f, 0x6e, 0x74, 0x6f, 0x6e, 0x6f, 0x73, 0x0a, 0x6f, 0x6d, 0x65, 0x67, 0x61, 
	0x74, 0x6f, 0x6e, 0x6f, 0x73, 0x0a, 0x61, 0x6c, 0x70, 0x68, 0x61, 0x74, 0x6f, 0x6e, 0x6f, 0x73, 
	0x0c, 0x65, 0x70, 0x73, 0x69, 0x6c, 0x6f, 0x6e, 0x74, 0x6f, 0x6e, 0x6f, 0x73, 0x08, 0x65, 0x74, 
	0x61, 0x74, 0x6f, 0x6e, 0x6f, 0x73, 0x07, 0x75, 0x6e, 0x69, 0x30, 0x33, 0x37, 0x41, 0x07, 0x75, 
	0x6e, 0x69, 0x30, 0x30, 0x42, 0x39, 0x07, 0x75, 0x6e, 0x69, 0x30, 0x30, 0x42, 0x32, 0x07, 0x75, 
	0x6e, 0x69, 0x30, 0x30, 0x42, 0x33, 0x07, 0x75, 0x6e, 0x69, 0x32, 0x30, 0x37, 0x34, 0x07, 0x75, 
	0x6e, 0x69, 0x32, 0x30, 0x31, 0x35, 0x07, 0x75, 0x6e, 0x69, 0x30, 0x30, 0x41, 0x44, 0x09, 0x61, 
	0x6e, 0x6f, 0x74, 0x65, 0x6c, 0x65, 0x69, 0x61, 0x07, 0x75, 0x6e, 0x69, 0x30, 0x33, 0x37, 0x45, 
	0x07, 0x75, 0x6e, 0x69, 0x30, 0x30, 0x41, 0x30, 0x03, 0x44, 0x45, 0x4c, 0x07, 0x75, 0x6e, 0x69, 
	0x32, 0x30, 0x41, 0x46, 0x04, 0x45, 0x75, 0x72, 0x6f, 0x07, 0x75, 0x6e, 0x69, 0x32, 0x30, 0x42, 
	0x34, 0x07, 0x75, 0x6e, 0x69, 0x32, 0x30, 0x42, 0x44, 0x07, 0x75, 0x6e, 0x69, 0x32, 0x30, 0x42, 
	0x38, 0x07, 0x75, 0x6e, 0x69, 0x32, 0x30, 0x41, 0x45, 0x07, 0x75, 0x6e, 0x69, 0x32, 0x32, 0x31, 
	0x35, 0x07, 0x75, 0x6e, 0x69, 0x32, 0x32, 0x30, 0x36, 0x07, 0x75, 0x6e, 0x69, 0x30, 0x30, 0x42, 
	0x35, 0x07, 0x61, 0x72, 0x72, 0x6f, 0x77, 0x75, 0x70, 0x0a, 0x61, 0x72, 0x72, 0x6f, 0x77, 0x72, 
	0x69, 0x67, 0x68, 0x74, 0x09, 0x61, 0x72, 0x72, 0x6f, 0x77, 0x64, 0x6f, 0x77, 0x6e, 0x09, 0x61, 
	0x72, 0x72, 0x6f, 0x77, 0x6c, 0x65, 0x66, 0x74, 0x07, 0x74, 0x72, 0x69, 0x61, 0x67, 0x75, 0x70, 
	0x07, 0x75, 0x6e, 0x69, 0x32, 0x35, 0x42, 0x36, 0x07, 0x74, 0x72, 0x69, 0x61, 0x67, 0x64, 0x6e, 
	0x07, 0x75, 0x6e, 0x69, 0x32, 0x35, 0x43, 0x30, 0x07, 0x75, 0x6e, 0x69, 0x32, 0x36, 0x30, 0x35, 
	0x07, 0x75, 0x6e, 0x69, 0x32, 0x36, 0x30, 0x36, 0x05, 0x73, 0x70, 0x61, 0x64, 0x65, 0x04, 0x63, 
	0x6c, 0x75, 0x62, 0x05, 0x68, 0x65, 0x61, 0x72, 0x74, 0x07, 0x64, 0x69, 0x61, 0x6d, 0x6f, 0x6e, 
	0x64, 0x0b, 0x6d, 0x75, 0x73, 0x69, 0x63, 0x61, 0x6c, 0x6e, 0x6f, 0x74, 0x65, 0x07, 0x75, 0x6e, 
	0x69, 0x46, 0x38, 0x46, 0x46, 0x07, 0x75, 0x6e, 0x69, 0x32, 0x31, 0x31, 0x36, 0x07, 0x75, 0x6e, 
	0x69, 0x30, 0x32, 0x44, 0x37, 0x09, 0x67, 0x72, 0x61, 0x76, 0x65, 0x63, 0x6f, 0x6d, 0x62, 0x09, 
	0x61, 0x63, 0x75, 0x74, 0x65, 0x63, 0x6f, 0x6d, 0x62, 0x07, 0x75, 0x6e, 0x69, 0x30, 0x33, 0x32, 
	0x36, 0x07, 0x75, 0x6e, 0x69, 0x30, 0x33, 0x33, 0x35, 0x07, 0x75, 0x6e, 0x69, 0x30, 0x32, 0x42, 
	0x43, 0x07, 0x75, 0x6e, 0x69, 0x30, 0x32, 0x43, 0x39, 0x07, 0x75, 0x6e, 0x69, 0x30, 0x32, 0x43, 
	0x42, 0x07, 0x75, 0x6e, 0x69, 0x30, 0x32, 0x43, 0x41, 0x05, 0x74, 0x6f, 0x6e, 0x6f, 0x73, 0x0d, 
	0x64, 0x69, 0x65, 0x72, 0x65, 0x73, 0x69, 0x73, 0x74, 0x6f, 0x6e, 0x6f, 0x73, 0x0b, 0x62, 0x72, 
	0x65, 0x76, 0x65, 0x63, 0x6f, 0x6d, 0x62, 0x63, 0x79, 0x07, 0x75, 0x6e, 0x69, 0x46, 0x31, 0x30, 
	0x30, 0x07, 0x75, 0x6e, 0x69, 0x46, 0x31, 0x30, 0x31, 0x00, 0x00, 0x00, 0x00, 0x01, 0x00, 0x01, 
	0xff, 0xff, 0x00, 0x0f, 0x00, 0x00, 0x00, 0x00, 0x00, 0x00, 0x00, 0x00, 0x00, 0x00, 0x00, 0x00, 
	0x00, 0x00, 0x00, 0x00, 0x00, 0x00, 0x00, 0x00, 0x00, 0x00, 0x00, 0x00, 0x00, 0x00, 0x00, 0x00, 
	0x00, 0x00, 0x00, 0x00, 0x00, 0x00, 0x00, 0x00, 0x00, 0x00, 0x00, 0xfa, 0x00, 0xfa, 0x02, 0x71, 
	0x00, 0x9c, 0x00, 0x7d, 0x00, 0x7d, 0x01, 0x77, 0x00, 0x5d, 0x03, 0xe8, 0x00, 0x7d, 0x02, 0xee, 
	0x00, 0x7d, 0x00, 0x00, 0x03, 0xe8, 0xfe, 0x8a, 0x03, 0xe8, 0x00, 0x7d, 0x02, 0xee, 0x00, 0x7d, 
	0x00, 0x00, 0x03, 0xe8, 0xfe, 0x8a, 0x00, 0xfa, 0x00, 0xfa, 0x02, 0x71, 0x00, 0x9c, 0x00, 0x7d, 
	0x00, 0x7d, 0x01, 0x77, 0x00, 0x5d, 0x03, 0xe8, 0x00, 0x7d, 0x03, 0xe8, 0x02, 0xee, 0x00, 0x7d, 
	0x00, 0x00, 0x03, 0xe8, 0xfe, 0x8a, 0x03, 0xe8, 0x00, 0x7d, 0x03, 0xe8, 0x02, 0xee, 0x00, 0x7d, 
	0x00, 0x00, 0x03, 0xe8, 0xfe, 0x8a, 0x00, 0xfa, 0x00, 0xfa, 0x02, 0x71, 0x00, 0x9c, 0x00, 0x7d, 
	0x00, 0x7d, 0x01, 0x77, 0x00, 0x5d, 0x03, 0xe8, 0x00, 0x7d, 0x03, 0xe8, 0x02, 0xee, 0x00, 0x7d, 
	0x00, 0x00, 0x03, 0xe8, 0xfe, 0x8a, 0x03, 0xe8, 0x00, 0x7d, 0x03, 0xe8, 0x02, 0xee, 0x00, 0x7d, 
	0x00, 0x00, 0x03, 0xe8, 0xfe, 0x8a, 0x00, 0xfa, 0x00, 0xfa, 0x02, 0x71, 0x00, 0x9c, 0x00, 0x7d, 
	0x00, 0x7d, 0x01, 0x77, 0x00, 0x5d, 0x03, 0xe8, 0x00, 0x7d, 0x03, 0xe8, 0x02, 0xee, 0x00, 0x7d, 
	0x00, 0x00, 0x03, 0xe8, 0xfe, 0x8a, 0x03, 0xe8, 0x00, 0x7d, 0x03, 0xe8, 0x02, 0xee, 0x00, 0x7d, 
	0x00, 0x00, 0x03, 0xe8, 0xfe, 0x8a, 0x00, 0x00, 0xb0, 0x00, 0x2c, 0x20, 0xb0, 0x00, 0x55, 0x58, 
	0x45, 0x59, 0x20, 0x20, 0x4b, 0xb8, 0x00, 0x0e, 0x51, 0x4b, 0xb0, 0x06, 0x53, 0x5a, 0x58, 0xb0, 
	0x34, 0x1b, 0xb0, 0x28, 0x59, 0x60, 0x66, 0x20, 0x8a, 0x55, 0x58, 0xb0, 0x02, 0x25, 0x61, 0xb9, 
	0x08, 0x00, 0x08, 0x00, 0x63, 0x63, 0x23, 0x62, 0x1b, 0x21, 0x21, 0xb0, 0x00, 0x59, 0xb0, 0x00, 
	0x43, 0x23, 0x44, 0xb2, 0x00, 0x01, 0x00, 0x43, 0x60, 0x42, 0x2d, 0xb0, 0x01, 0x2c, 0xb0, 0x20, 
	0x60, 0x66, 0x2d, 0xb0, 0x02, 0x2c, 0x20, 0x64, 0x20, 0xb0, 0xc0, 0x50, 0xb0, 0x04, 0x26, 0x5a, 
	0xb2, 0x28, 0x01, 0x0a, 0x43, 0x45, 0x63, 0x45, 0xb0, 0x06, 0x45, 0x58, 0x21, 0xb0, 0x03, 0x25, 
	0x59, 0x52, 0x5b, 0x58, 0x21, 0x23, 0x21, 0x1b, 0x8a, 0x58, 0x20, 0xb0, 0x50, 0x50, 0x58, 0x21, 
	0xb0, 0x40, 0x59, 0x1b, 0x20, 0xb0, 0x38, 0x50, 0x58, 0x21, 0xb0, 0x38, 0x59, 0x59, 0x20, 0xb1, 
	0x01, 0x0a, 0x43, 0x45, 0x63, 0x45, 0x61, 0x64, 0xb0, 0x28, 0x50, 0x58, 0x21, 0xb1, 0x01, 0x0a, 
	0x43, 0x45, 0x63, 0x45, 0x20, 0xb0, 0x30, 0x50, 0x58, 0x21, 0xb0, 0x30, 0x59, 0x1b, 0x20, 0xb0, 
	0xc0, 0x50, 0x58, 0x20, 0x66, 0x20, 0x8a, 0x8a, 0x61, 0x20, 0xb0, 0x0a, 0x50, 0x58, 0x60, 0x1b, 
	0x20, 0xb0, 0x20, 0x50, 0x58, 0x21, 0xb0, 0x0a, 0x60, 0x1b, 0x20, 0xb0, 0x36, 0x50, 0x58, 0x21, 
	0xb0, 0x36, 0x60, 0x1b, 0x60, 0x59, 0x59, 0x59, 0x1b, 0xb0, 0x01, 0x2b, 0x59, 0x59, 0x23, 0xb0, 
	0x00, 0x50, 0x58, 0x65, 0x59, 0x59, 0x2d, 0xb0, 0x03, 0x2c, 0x20, 0x45, 0x20, 0xb0, 0x04, 0x25, 
	0x61, 0x64, 0x20, 0xb0, 0x05, 0x43, 0x50, 0x58, 0xb0, 0x05, 0x23, 0x42, 0xb0, 0x06, 0x23, 0x42, 
	0x1b, 0x21, 0x21, 0x59, 0xb0, 0x01, 0x60, 0x2d, 0xb0, 0x04, 0x2c, 0x23, 0x21, 0x23, 0x21, 0x20, 
	0x64, 0xb1, 0x05, 0x62, 0x42, 0x20, 0xb0, 0x06, 0x23, 0x42, 0xb0, 0x06, 0x45, 0x58, 0x1b, 0xb1, 
	0x01, 0x0a, 0x43, 0x45, 0x63, 0xb1, 0x01, 0x0a, 0x43, 0xb0, 0x04, 0x60, 0x45, 0x63, 0xb0, 0x03, 
	0x2a, 0x21, 0x20, 0xb0, 0x06, 0x43, 0x20, 0x8a, 0x20, 0x8a, 0xb0, 0x01, 0x2b, 0xb1, 0x30, 0x05, 
	0x25, 0xb0, 0x04, 0x26, 0x51, 0x58, 0x60, 0x50, 0x1b, 0x61, 0x52, 0x59, 0x58, 0x23, 0x59, 0x21, 
	0x59, 0x20, 0xb0, 0x40, 0x53, 0x58, 0xb0, 0x01, 0x2b, 0x1b, 0x21, 0xb0, 0x40, 0x59, 0x23, 0xb0, 
	0x00, 0x50, 0x58, 0x65, 0x59, 0x2d, 0xb0, 0x05, 0x2c, 0xb0, 0x07, 0x43, 0x2b, 0xb2, 0x00, 0x02, 
	0x00, 0x43, 0x60, 0x42, 0x2d, 0xb0, 0x06, 0x2c, 0xb0, 0x07, 0x23, 0x42, 0x23, 0x20, 0xb0, 0x00, 
	0x23, 0x42, 0x61, 0xb0, 0x02, 0x62, 0x66, 0xb0, 0x01, 0x63, 0xb0, 0x01, 0x60, 0xb0, 0x05, 0x2a, 
	0x2d, 0xb0, 0x07, 0x2c, 0x20, 0x20, 0x45, 0x20, 0xb0, 0x0b, 0x43, 0x63, 0xb8, 0x04, 0x00, 0x62, 
	0x20, 0xb0, 0x00, 0x50, 0x58, 0xb0, 0x40, 0x60, 0x59, 0x66, 0xb0, 0x01, 0x63, 0x60, 0x44, 0xb0, 
	0x01, 0x60, 0x2d, 0xb0, 0x08, 0x2c, 0xb2, 0x07, 0x0b, 0x00, 0x43, 0x45, 0x42, 0x2a, 0x21, 0xb2, 
	0x00, 0x01, 0x00, 0x43, 0x60, 0x42, 0x2d, 0xb0, 0x09, 0x2c, 0xb0, 0x00, 0x43, 0x23, 0x44, 0xb2, 
	0x00, 0x01, 0x00, 0x43, 0x60, 0x42, 0x2d, 0xb0, 0x0a, 0x2c, 0x20, 0x20, 0x45, 0x20, 0xb0, 0x01, 
	0x2b, 0x23, 0xb0, 0x00, 0x43, 0xb0, 0x04, 0x25, 0x60, 0x20, 0x45, 0x8a, 0x23, 0x61, 0x20, 0x64, 
	0x20, 0xb0, 0x20, 0x50, 0x58, 0x21, 0xb0, 0x00, 0x1b, 0xb0, 0x30, 0x50, 0x58, 0xb0, 0x20, 0x1b, 
	0xb0, 0x40, 0x59, 0x59, 0x23, 0xb0, 0x00, 0x50, 0x58, 0x65, 0x59, 0xb0, 0x03, 0x25, 0x23, 0x61, 
	0x44, 0x44, 0xb0, 0x01, 0x60, 0x2d, 0xb0, 0x0b, 0x2c, 0x20, 0x20, 0x45, 0x20, 0xb0, 0x01, 0x2b, 
	0x23, 0xb0, 0x00, 0x43, 0xb0, 0x04, 0x25, 0x60, 0x20, 0x45, 0x8a, 0x23, 0x61, 0x20, 0x64, 0xb0, 
	0x24, 0x50, 0x58, 0xb0, 0x00, 0x1b, 0xb0, 0x40, 0x59, 0x23, 0xb0, 0x00, 0x50, 0x58, 0x65, 0x59, 
	0xb0, 0x03, 0x25, 0x23, 0x61, 0x44, 0x44, 0xb0, 0x01, 0x60, 0x2d, 0xb0, 0x0c, 0x2c, 0x20, 0xb0, 
	0x00, 0x23, 0x42, 0xb2, 0x0b, 0x0a, 0x03, 0x45, 0x58, 0x21, 0x1b, 0x23, 0x21, 0x59, 0x2a, 0x21, 
	0x2d, 0xb0, 0x0d, 0x2c, 0xb1, 0x02, 0x02, 0x45, 0xb0, 0x64, 0x61, 0x44, 0x2d, 0xb0, 0x0e, 0x2c, 
	0xb0, 0x01, 0x60, 0x20, 0x20, 0xb0, 0x0c, 0x43, 0x4a, 0xb0, 0x00, 0x50, 0x58, 0x20, 0xb0, 0x0c, 
	0x23, 0x42, 0x59, 0xb0, 0x0d, 0x43, 0x4a, 0xb0, 0x00, 0x52, 0x58, 0x20, 0xb0, 0x0d, 0x23, 0x42, 
	0x59, 0x2d, 0xb0, 0x0f, 0x2c, 0x20, 0xb0, 0x10, 0x62, 0x66, 0xb0, 0x01, 0x63, 0x20, 0xb8, 0x04, 
	0x00, 0x63, 0x8a, 0x23, 0x61, 0xb0, 0x0e, 0x43, 0x60, 0x20, 0x8a, 0x60, 0x20, 0xb0, 0x0e, 0x23, 
	0x42, 0x23, 0x2d, 0xb0, 0x10, 0x2c, 0x4b, 0x54, 0x58, 0xb1, 0x04, 0x64, 0x44, 0x59, 0x24, 0xb0, 
	0x0d, 0x65, 0x23, 0x78, 0x2d, 0xb0, 0x11, 0x2c, 0x4b, 0x51, 0x58, 0x4b, 0x53, 0x58, 0xb1, 0x04, 
	0x64, 0x44, 0x59, 0x1b, 0x21, 0x59, 0x24, 0xb0, 0x13, 0x65, 0x23, 0x78, 0x2d, 0xb0, 0x12, 0x2c, 
	0xb1, 0x00, 0x0f, 0x43, 0x55, 0x58, 0xb1, 0x0f, 0x0f, 0x43, 0xb0, 0x01, 0x61, 0x42, 0xb0, 0x0f, 
	0x2b, 0x59, 0xb0, 0x00, 0x43, 0xb0, 0x02, 0x25, 0x42, 0xb1, 0x0c, 0x02, 0x25, 0x42, 0xb1, 0x0d, 
	0x02, 0x25, 0x42, 0xb0, 0x01, 0x16, 0x23, 0x20, 0xb0, 0x03, 0x25, 0x50, 0x58, 0xb1, 0x01, 0x00, 
	0x43, 0x60, 0xb0, 0x04, 0x25, 0x42, 0x8a, 0x8a, 0x20, 0x8a, 0x23, 0x61, 0xb0, 0x0e, 0x2a, 0x21, 
	0x23, 0xb0, 0x01, 0x61, 0x20, 0x8a, 0x23, 0x61, 0xb0, 0x0e, 0x2a, 0x21, 0x1b, 0xb1, 0x01, 0x00, 
	0x43, 0x60, 0xb0, 0x02, 0x25, 0x42, 0xb0, 0x02, 0x25, 0x61, 0xb0, 0x0e, 0x2a, 0x21, 0x59, 0xb0, 
	0x0c, 0x43, 0x47, 0xb0, 0x0d, 0x43, 0x47, 0x60, 0xb0, 0x02, 0x62, 0x20, 0xb0, 0x00, 0x50, 0x58, 
	0xb0, 0x40, 0x60, 0x59, 0x66, 0xb0, 0x01, 0x63, 0x20, 0xb0, 0x0b, 0x43, 0x63, 0xb8, 0x04, 0x00, 
	0x62, 0x20, 0xb0, 0x00, 0x50, 0x58, 0xb0, 0x40, 0x60, 0x59, 0x66, 0xb0, 0x01, 0x63, 0x60, 0xb1, 
	0x00, 0x00, 0x13, 0x23, 0x44, 0xb0, 0x01, 0x43, 0xb0, 0x00, 0x3e, 0xb2, 0x01, 0x01, 0x01, 0x43, 
	0x60, 0x42, 0x2d, 0xb0, 0x13, 0x2c, 0x00, 0xb1, 0x00, 0x02, 0x45, 0x54, 0x58, 0xb0, 0x0f, 0x23, 
	0x42, 0x20, 0x45, 0xb0, 0x0b, 0x23, 0x42, 0xb0, 0x0a, 0x23, 0xb0, 0x04, 0x60, 0x42, 0x20, 0x60, 
	0xb0, 0x01, 0x61, 0xb5, 0x11, 0x11, 0x01, 0x00, 0x0e, 0x00, 0x42, 0x42, 0x8a, 0x60, 0xb1, 0x12, 
	0x06, 0x2b, 0xb0, 0x89, 0x2b, 0x1b, 0x22, 0x59, 0x2d, 0xb0, 0x14, 0x2c, 0xb1, 0x00, 0x13, 0x2b, 
	0x2d, 0xb0, 0x15, 0x2c, 0xb1, 0x01, 0x13, 0x2b, 0x2d, 0xb0, 0x16, 0x2c, 0xb1, 0x02, 0x13, 0x2b, 
	0x2d, 0xb0, 0x17, 0x2c, 0xb1, 0x03, 0x13, 0x2b, 0x2d, 0xb0, 0x18, 0x2c, 0xb1, 0x04, 0x13, 0x2b, 
	0x2d, 0xb0, 0x19, 0x2c, 0xb1, 0x05, 0x13, 0x2b, 0x2d, 0xb0, 0x1a, 0x2c, 0xb1, 0x06, 0x13, 0x2b, 
	0x2d, 0xb0, 0x1b, 0x2c, 0xb1, 0x07, 0x13, 0x2b, 0x2d, 0xb0, 0x1c, 0x2c, 0xb1, 0x08, 0x13, 0x2b, 
	0x2d, 0xb0, 0x1d, 0x2c, 0xb1, 0x09, 0x13, 0x2b, 0x2d, 0xb0, 0x29, 0x2c, 0x23, 0x20, 0xb0, 0x10, 
	0x62, 0x66, 0xb0, 0x01, 0x63, 0xb0, 0x06, 0x60, 0x4b, 0x54, 0x58, 0x23, 0x20, 0x2e, 0xb0, 0x01, 
	0x5d, 0x1b, 0x21, 0x21, 0x59, 0x2d, 0xb0, 0x2a, 0x2c, 0x23, 0x20, 0xb0, 0x10, 0x62, 0x66, 0xb0, 
	0x01, 0x63, 0xb0, 0x16, 0x60, 0x4b, 0x54, 0x58, 0x23, 0x20, 0x2e, 0xb0, 0x01, 0x71, 0x1b, 0x21, 
	0x21, 0x59, 0x2d, 0xb0, 0x2b, 0x2c, 0x23, 0x20, 0xb0, 0x10, 0x62, 0x66, 0xb0, 0x01, 0x63, 0xb0, 
	0x26, 0x60, 0x4b, 0x54, 0x58, 0x23, 0x20, 0x2e, 0xb0, 0x01, 0x72, 0x1b, 0x21, 0x21, 0x59, 0x2d, 
	0xb0, 0x1e, 0x2c, 0x00, 0xb0, 0x0d, 0x2b, 0xb1, 0x00, 0x02, 0x45, 0x54, 0x58, 0xb0, 0x0f, 0x23, 
	0x42, 0x20, 0x45, 0xb0, 0x0b, 0x23, 0x42, 0xb0, 0x0a, 0x23, 0xb0, 0x04, 0x60, 0x42, 0x20, 0x60, 
	0xb0, 0x01, 0x61, 0xb5, 0x11, 0x11, 0x01, 0x00, 0x0e, 0x00, 0x42, 0x42, 0x8a, 0x60, 0xb1, 0x12, 
	0x06, 0x2b, 0xb0, 0x89, 0x2b, 0x1b, 0x22, 0x59, 0x2d, 0xb0, 0x1f, 0x2c, 0xb1, 0x00, 0x1e, 0x2b, 
	0x2d, 0xb0, 0x20, 0x2c, 0xb1, 0x01, 0x1e, 0x2b, 0x2d, 0xb0, 0x21, 0x2c, 0xb1, 0x02, 0x1e, 0x2b, 
	0x2d, 0xb0, 0x22, 0x2c, 0xb1, 0x03, 0x1e, 0x2b, 0x2d, 0xb0, 0x23, 0x2c, 0xb1, 0x04, 0x1e, 0x2b, 
	0x2d, 0xb0, 0x24, 0x2c, 0xb1, 0x05, 0x1e, 0x2b, 0x2d, 0xb0, 0x25, 0x2c, 0xb1, 0x06, 0x1e, 0x2b, 
	0x2d, 0xb0, 0x26, 0x2c, 0xb1, 0x07, 0x1e, 0x2b, 0x2d, 0xb0, 0x27, 0x2c, 0xb1, 0x08, 0x1e, 0x2b, 
	0x2d, 0xb0, 0x28, 0x2c, 0xb1, 0x09, 0x1e, 0x2b, 0x2d, 0xb0, 0x2c, 0x2c, 0x20, 0x3c, 0xb0, 0x01, 
	0x60, 0x2d, 0xb0, 0x2d, 0x2c, 0x20, 0x60, 0xb0, 0x11, 0x60, 0x20, 0x43, 0x23, 0xb0, 0x01, 0x60, 
	0x43, 0xb0, 0x02, 0x25, 0x61, 0xb0, 0x01, 0x60, 0xb0, 0x2c, 0x2a, 0x21, 0x2d, 0xb0, 0x2e, 0x2c, 
	0xb0, 0x2d, 0x2b, 0xb0, 0x2d, 0x2a, 0x2d, 0xb0, 0x2f, 0x2c, 0x20, 0x20, 0x47, 0x20, 0x20, 0xb0, 
	0x0b, 0x43, 0x63, 0xb8, 0x04, 0x00, 0x62, 0x20, 0xb0, 0x00, 0x50, 0x58, 0xb0, 0x40, 0x60, 0x59, 
	0x66, 0xb0, 0x01, 0x63, 0x60, 0x23, 0x61, 0x38, 0x23, 0x20, 0x8a, 0x55, 0x58, 0x20, 0x47, 0x20, 
	0x20, 0xb0, 0x0b, 0x43, 0x63, 0xb8, 0x04, 0x00, 0x62, 0x20, 0xb0, 0x00, 0x50, 0x58, 0xb0, 0x40, 
	0x60, 0x59, 0x66, 0xb0, 0x01, 0x63, 0x60, 0x23, 0x61, 0x38, 0x1b, 0x21, 0x59, 0x2d, 0xb0, 0x30, 
	0x2c, 0x00, 0xb1, 0x00, 0x02, 0x45, 0x54, 0x58, 0xb0, 0x01, 0x16, 0xb0, 0x2f, 0x2a, 0xb1, 0x05, 
	0x01, 0x15, 0x45, 0x58, 0x30, 0x59, 0x1b, 0x22, 0x59, 0x2d, 0xb0, 0x31, 0x2c, 0x00, 0xb0, 0x0d, 
	0x2b, 0xb1, 0x00, 0x02, 0x45, 0x54, 0x58, 0xb0, 0x01, 0x16, 0xb0, 0x2f, 0x2a, 0xb1, 0x05, 0x01, 
	0x15, 0x45, 0x58, 0x30, 0x59, 0x1b, 0x22, 0x59, 0x2d, 0xb0, 0x32, 0x2c, 0x20, 0x35, 0xb0, 0x01, 
	0x60, 0x2d, 0xb0, 0x33, 0x2c, 0x00, 0xb0, 0x01, 0x45, 0x63, 0xb8, 0x04, 0x00, 0x62, 0x20, 0xb0, 
	0x00, 0x50, 0x58, 0xb0, 0x40, 0x60, 0x59, 0x66, 0xb0, 0x01, 0x63, 0xb0, 0x01, 0x2b, 0xb0, 0x0b, 
	0x43, 0x63, 0xb8, 0x04, 0x00, 0x62, 0x20, 0xb0, 0x00, 0x50, 0x58, 0xb0, 0x40, 0x60, 0x59, 0x66, 
	0xb0, 0x01, 0x63, 0xb0, 0x01, 0x2b, 0xb0, 0x00, 0x16, 0xb4, 0x00, 0x00, 0x00, 0x00, 0x00, 0x44, 
	0x3e, 0x23, 0x38, 0xb1, 0x32, 0x01, 0x15, 0x2a, 0x21, 0x2d, 0xb0, 0x34, 0x2c, 0x20, 0x3c, 0x20, 
	0x47, 0x20, 0xb0, 0x0b, 0x43, 0x63, 0xb8, 0x04, 0x00, 0x62, 0x20, 0xb0, 0x00, 0x50, 0x58, 0xb0, 
	0x40, 0x60, 0x59, 0x66, 0xb0, 0x01, 0x63, 0x60, 0xb0, 0x00, 0x43, 0x61, 0x38, 0x2d, 0xb0, 0x35, 
	0x2c, 0x2e, 0x17, 0x3c, 0x2d, 0xb0, 0x36, 0x2c, 0x20, 0x3c, 0x20, 0x47, 0x20, 0xb0, 0x0b, 0x43, 
	0x63, 0xb8, 0x04, 0x00, 0x62, 0x20, 0xb0, 0x00, 0x50, 0x58, 0xb0, 0x40, 0x60, 0x59, 0x66, 0xb0, 
	0x01, 0x63, 0x60, 0xb0, 0x00, 0x43, 0x61, 0xb0, 0x01, 0x43, 0x63, 0x38, 0x2d, 0xb0, 0x37, 0x2c, 
	0xb1, 0x02, 0x00, 0x16, 0x25, 0x20, 0x2e, 0x20, 0x47, 0xb0, 0x00, 0x23, 0x42, 0xb0, 0x02, 0x25, 
	0x49, 0x8a, 0x8a, 0x47, 0x23, 0x47, 0x23, 0x61, 0x20, 0x58, 0x62, 0x1b, 0x21, 0x59, 0xb0, 0x01, 
	0x23, 0x42, 0xb2, 0x36, 0x01, 0x01, 0x15, 0x14, 0x2a, 0x2d, 0xb0, 0x38, 0x2c, 0xb0, 0x00, 0x16, 
	0xb0, 0x10, 0x23, 0x42, 0xb0, 0x04, 0x25, 0xb0, 0x04, 0x25, 0x47, 0x23, 0x47, 0x23, 0x61, 0xb0, 
	0x09, 0x43, 0x2b, 0x65, 0x8a, 0x2e, 0x23, 0x20, 0x20, 0x3c, 0x8a, 0x38, 0x2d, 0xb0, 0x39, 0x2c, 
	0xb0, 0x00, 0x16, 0xb0, 0x10, 0x23, 0x42, 0xb0, 0x04, 0x25, 0xb0, 0x04, 0x25, 0x20, 0x2e, 0x47, 
	0x23, 0x47, 0x23, 0x61, 0x20, 0xb0, 0x04, 0x23, 0x42, 0xb0, 0x09, 0x43, 0x2b, 0x20, 0xb0, 0x60, 
	0x50, 0x58, 0x20, 0xb0, 0x40, 0x51, 0x58, 0xb3, 0x02, 0x20, 0x03, 0x20, 0x1b, 0xb3, 0x02, 0x26, 
	0x03, 0x1a, 0x59, 0x42, 0x42, 0x23, 0x20, 0xb0, 0x08, 0x43, 0x20, 0x8a, 0x23, 0x47, 0x23, 0x47, 
	0x23, 0x61, 0x23, 0x46, 0x60, 0xb0, 0x04, 0x43, 0xb0, 0x02, 0x62, 0x20, 0xb0, 0x00, 0x50, 0x58, 
	0xb0, 0x40, 0x60, 0x59, 0x66, 0xb0, 0x01, 0x63, 0x60, 0x20, 0xb0, 0x01, 0x2b, 0x20, 0x8a, 0x8a, 
	0x61, 0x20, 0xb0, 0x02, 0x43, 0x60, 0x64, 0x23, 0xb0, 0x03, 0x43, 0x61, 0x64, 0x50, 0x58, 0xb0, 
	0x02, 0x43, 0x61, 0x1b, 0xb0, 0x03, 0x43, 0x60, 0x59, 0xb0, 0x03, 0x25, 0xb0, 0x02, 0x62, 0x20, 
	0xb0, 0x00, 0x50, 0x58, 0xb0, 0x40, 0x60, 0x59, 0x66, 0xb0, 0x01, 0x63, 0x61, 0x23, 0x20, 0x20, 
	0xb0, 0x04, 0x26, 0x23, 0x46, 0x61, 0x38, 0x1b, 0x23, 0xb0, 0x08, 0x43, 0x46, 0xb0, 0x02, 0x25, 
	0xb0, 0x08, 0x43, 0x47, 0x23, 0x47, 0x23, 0x61, 0x60, 0x20, 0xb0, 0x04, 0x43, 0xb0, 0x02, 0x62, 
	0x20, 0xb0, 0x00, 0x50, 0x58, 0xb0, 0x40, 0x60, 0x59, 0x66, 0xb0, 0x01, 0x63, 0x60, 0x23, 0x20, 
	0xb0, 0x01, 0x2b, 0x23, 0xb0, 0x04, 0x43, 0x60, 0xb0, 0x01, 0x2b, 0xb0, 0x05, 0x25, 0x61, 0xb0, 
	0x05, 0x25, 0xb0, 0x02, 0x62, 0x20, 0xb0, 0x00, 0x50, 0x58, 0xb0, 0x40, 0x60, 0x59, 0x66, 0xb0, 
	0x01, 0x63, 0xb0, 0x04, 0x26, 0x61, 0x20, 0xb0, 0x04, 0x25, 0x60, 0x64, 0x23, 0xb0, 0x03, 0x25, 
	0x60, 0x64, 0x50, 0x58, 0x21, 0x1b, 0x23, 0x21, 0x59, 0x23, 0x20, 0x20, 0xb0, 0x04, 0x26, 0x23, 
	0x46, 0x61, 0x38, 0x59, 0x2d, 0xb0, 0x3a, 0x2c, 0xb0, 0x00, 0x16, 0xb0, 0x10, 0x23, 0x42, 0x20, 
	0x20, 0x20, 0xb0, 0x05, 0x26, 0x20, 0x2e, 0x47, 0x23, 0x47, 0x23, 0x61, 0x23, 0x3c, 0x38, 0x2d, 
	0xb0, 0x3b, 0x2c, 0xb0, 0x00, 0x16, 0xb0, 0x10, 0x23, 0x42, 0x20, 0xb0, 0x08, 0x23, 0x42, 0x20, 
	0x20, 0x20, 0x46, 0x23, 0x47, 0xb0, 0x01, 0x2b, 0x23, 0x61, 0x38, 0x2d, 0xb0, 0x3c, 0x2c, 0xb0, 
	0x00, 0x16, 0xb0, 0x10, 0x23, 0x42, 0xb0, 0x03, 0x25, 0xb0, 0x02, 0x25, 0x47, 0x23, 0x47, 0x23, 
	0x61, 0xb0, 0x00, 0x54, 0x58, 0x2e, 0x20, 0x3c, 0x23, 0x21, 0x1b, 0xb0, 0x02, 0x25, 0xb0, 0x02, 
	0x25, 0x47, 0x23, 0x47, 0x23, 0x61, 0x20, 0xb0, 0x05, 0x25, 0xb0, 0x04, 0x25, 0x47, 0x23, 0x47, 
	0x23, 0x61, 0xb0, 0x06, 0x25, 0xb0, 0x05, 0x25, 0x49, 0xb0, 0x02, 0x25, 0x61, 0xb9, 0x08, 0x00, 
	0x08, 0x00, 0x63, 0x63, 0x23, 0x20, 0x58, 0x62, 0x1b, 0x21, 0x59, 0x63, 0xb8, 0x04, 0x00, 0x62, 
	0x20, 0xb0, 0x00, 0x50, 0x58, 0xb0, 0x40, 0x60, 0x59, 0x66, 0xb0, 0x01, 0x63, 0x60, 0x23, 0x2e, 
	0x23, 0x20, 0x20, 0x3c, 0x8a, 0x38, 0x23, 0x21, 0x59, 0x2d, 0xb0, 0x3d, 0x2c, 0xb0, 0x00, 0x16, 
	0xb0, 0x10, 0x23, 0x42, 0x20, 0xb0, 0x08, 0x43, 0x20, 0x2e, 0x47, 0x23, 0x47, 0x23, 0x61, 0x20, 
	0x60, 0xb0, 0x20, 0x60, 0x66, 0xb0, 0x02, 0x62, 0x20, 0xb0, 0x00, 0x50, 0x58, 0xb0, 0x40, 0x60, 
	0x59, 0x66, 0xb0, 0x01, 0x63, 0x23, 0x20, 0x20, 0x3c, 0x8a, 0x38, 0x2d, 0xb0, 0x3e, 0x2c, 0x23, 
	0x20, 0x2e, 0x46, 0xb0, 0x02, 0x25, 0x46, 0xb0, 0x10, 0x43, 0x58, 0x50, 0x1b, 0x52, 0x59, 0x58, 
	0x20, 0x3c, 0x59, 0x2e, 0xb1, 0x2e, 0x01, 0x14, 0x2b, 0x2d, 0xb0, 0x3f, 0x2c, 0x23, 0x20, 0x2e, 
	0x46, 0xb0, 0x02, 0x25, 0x46, 0xb0, 0x10, 0x43, 0x58, 0x52, 0x1b, 0x50, 0x59, 0x58, 0x20, 0x3c, 
	0x59, 0x2e, 0xb1, 0x2e, 0x01, 0x14, 0x2b, 0x2d, 0xb0, 0x40, 0x2c, 0x23, 0x20, 0x2e, 0x46, 0xb0, 
	0x02, 0x25, 0x46, 0xb0, 0x10, 0x43, 0x58, 0x50, 0x1b, 0x52, 0x59, 0x58, 0x20, 0x3c, 0x59, 0x23, 
	0x20, 0x2e, 0x46, 0xb0, 0x02, 0x25, 0x46, 0xb0, 0x10, 0x43, 0x58, 0x52, 0x1b, 0x50, 0x59, 0x58, 
	0x20, 0x3c, 0x59, 0x2e, 0xb1, 0x2e, 0x01, 0x14, 0x2b, 0x2d, 0xb0, 0x41, 0x2c, 0xb0, 0x38, 0x2b, 
	0x23, 0x20, 0x2e, 0x46, 0xb0, 0x02, 0x25, 0x46, 0xb0, 0x10, 0x43, 0x58, 0x50, 0x1b, 0x52, 0x59, 
	0x58, 0x20, 0x3c, 0x59, 0x2e, 0xb1, 0x2e, 0x01, 0x14, 0x2b, 0x2d, 0xb0, 0x42, 0x2c, 0xb0, 0x39, 
	0x2b, 0x8a, 0x20, 0x20, 0x3c, 0xb0, 0x04, 0x23, 0x42, 0x8a, 0x38, 0x23, 0x20, 0x2e, 0x46, 0xb0, 
	0x02, 0x25, 0x46, 0xb0, 0x10, 0x43, 0x58, 0x50, 0x1b, 0x52, 0x59, 0x58, 0x20, 0x3c, 0x59, 0x2e, 
	0xb1, 0x2e, 0x01, 0x14, 0x2b, 0xb0, 0x04, 0x43, 0x2e, 0xb0, 0x2e, 0x2b, 0x2d, 0xb0, 0x43, 0x2c, 
	0xb0, 0x00, 0x16, 0xb0, 0x04, 0x25, 0xb0, 0x04, 0x26, 0x20, 0x2e, 0x47, 0x23, 0x47, 0x23, 0x61, 
	0xb0, 0x09, 0x43, 0x2b, 0x23, 0x20, 0x3c, 0x20, 0x2e, 0x23, 0x38, 0xb1, 0x2e, 0x01, 0x14, 0x2b, 
	0x2d, 0xb0, 0x44, 0x2c, 0xb1, 0x08, 0x04, 0x25, 0x42, 0xb0, 0x00, 0x16, 0xb0, 0x04, 0x25, 0xb0, 
	0x04, 0x25, 0x20, 0x2e, 0x47, 0x23, 0x47, 0x23, 0x61, 0x20, 0xb0, 0x04, 0x23, 0x42, 0xb0, 0x09, 
	0x43, 0x2b, 0x20, 0xb0, 0x60, 0x50, 0x58, 0x20, 0xb0, 0x40, 0x51, 0x58, 0xb3, 0x02, 0x20, 0x03, 
	0x20, 0x1b, 0xb3, 0x02, 0x26, 0x03, 0x1a, 0x59, 0x42, 0x42, 0x23, 0x20, 0x47, 0xb0, 0x04, 0x43, 
	0xb0, 0x02, 0x62, 0x20, 0xb0, 0x00, 0x50, 0x58, 0xb0, 0x40, 0x60, 0x59, 0x66, 0xb0, 0x01, 0x63, 
	0x60, 0x20, 0xb0, 0x01, 0x2b, 0x20, 0x8a, 0x8a, 0x61, 0x20, 0xb0, 0x02, 0x43, 0x60, 0x64, 0x23, 
	0xb0, 0x03, 0x43, 0x61, 0x64, 0x50, 0x58, 0xb0, 0x02, 0x43, 0x61, 0x1b, 0xb0, 0x03, 0x43, 0x60, 
	0x59, 0xb0, 0x03, 0x25, 0xb0, 0x02, 0x62, 0x20, 0xb0, 0x00, 0x50, 0x58, 0xb0, 0x40, 0x60, 0x59, 
	0x66, 0xb0, 0x01, 0x63, 0x61, 0xb0, 0x02, 0x25, 0x46, 0x61, 0x38, 0x23, 0x20, 0x3c, 0x23, 0x38, 
	0x1b, 0x21, 0x20, 0x20, 0x46, 0x23, 0x47, 0xb0, 0x01, 0x2b, 0x23, 0x61, 0x38, 0x21, 0x59, 0xb1, 
	0x2e, 0x01, 0x14, 0x2b, 0x2d, 0xb0, 0x45, 0x2c, 0xb1, 0x00, 0x38, 0x2b, 0x2e, 0xb1, 0x2e, 0x01, 
	0x14, 0x2b, 0x2d, 0xb0, 0x46, 0x2c, 0xb1, 0x00, 0x39, 0x2b, 0x21, 0x23, 0x20, 0x20, 0x3c, 0xb0, 
	0x04, 0x23, 0x42, 0x23, 0x38, 0xb1, 0x2e, 0x01, 0x14, 0x2b, 0xb0, 0x04, 0x43, 0x2e, 0xb0, 0x2e, 
	0x2b, 0x2d, 0xb0, 0x47, 0x2c, 0xb0, 0x00, 0x15, 0x20, 0x47, 0xb0, 0x00, 0x23, 0x42, 0xb2, 0x00, 
	0x01, 0x01, 0x15, 0x14, 0x13, 0x2e, 0xb0, 0x34, 0x2a, 0x2d, 0xb0, 0x48, 0x2c, 0xb0, 0x00, 0x15, 
	0x20, 0x47, 0xb0, 0x00, 0x23, 0x42, 0xb2, 0x00, 0x01, 0x01, 0x15, 0x14, 0x13, 0x2e, 0xb0, 0x34, 
	0x2a, 0x2d, 0xb0, 0x49, 0x2c, 0xb1, 0x00, 0x01, 0x14, 0x13, 0xb0, 0x35, 0x2a, 0x2d, 0xb0, 0x4a, 
	0x2c, 0xb0, 0x37, 0x2a, 0x2d, 0xb0, 0x4b, 0x2c, 0xb0, 0x00, 0x16, 0x45, 0x23, 0x20, 0x2e, 0x20, 
	0x46, 0x8a, 0x23, 0x61, 0x38, 0xb1, 0x2e, 0x01, 0x14, 0x2b, 0x2d, 0xb0, 0x4c, 0x2c, 0xb0, 0x08, 
	0x23, 0x42, 0xb0, 0x4b, 0x2b, 0x2d, 0xb0, 0x4d, 0x2c, 0xb2, 0x00, 0x00, 0x44, 0x2b, 0x2d, 0xb0, 
	0x4e, 0x2c, 0xb2, 0x00, 0x01, 0x44, 0x2b, 0x2d, 0xb0, 0x4f, 0x2c, 0xb2, 0x01, 0x00, 0x44, 0x2b, 
	0x2d, 0xb0, 0x50, 0x2c, 0xb2, 0x01, 0x01, 0x44, 0x2b, 0x2d, 0xb0, 0x51, 0x2c, 0xb2, 0x00, 0x00, 
	0x45, 0x2b, 0x2d, 0xb0, 0x52, 0x2c, 0xb2, 0x00, 0x01, 0x45, 0x2b, 0x2d, 0xb0, 0x53, 0x2c, 0xb2, 
	0x01, 0x00, 0x45, 0x2b, 0x2d, 0xb0, 0x54, 0x2c, 0xb2, 0x01, 0x01, 0x45, 0x2b, 0x2d, 0xb0, 0x55, 
	0x2c, 0xb3, 0x00, 0x00, 0x00, 0x41, 0x2b, 0x2d, 0xb0, 0x56, 0x2c, 0xb3, 0x00, 0x01, 0x00, 0x41, 
	0x2b, 0x2d, 0xb0, 0x57, 0x2c, 0xb3, 0x01, 0x00, 0x00, 0x41, 0x2b, 0x2d, 0xb0, 0x58, 0x2c, 0xb3, 
	0x01, 0x01, 0x00, 0x41, 0x2b, 0x2d, 0xb0, 0x59, 0x2c, 0xb3, 0x00, 0x00, 0x01, 0x41, 0x2b, 0x2d, 
	0xb0, 0x5a, 0x2c, 0xb3, 0x00, 0x01, 0x01, 0x41, 0x2b, 0x2d, 0xb0, 0x5b, 0x2c, 0xb3, 0x01, 0x00, 
	0x01, 0x41, 0x2b, 0x2d, 0xb0, 0x5c, 0x2c, 0xb3, 0x01, 0x01, 0x01, 0x41, 0x2b, 0x2d, 0xb0, 0x5d, 
	0x2c, 0xb2, 0x00, 0x00, 0x43, 0x2b, 0x2d, 0xb0, 0x5e, 0x2c, 0xb2, 0x00, 0x01, 0x43, 0x2b, 0x2d, 
	0xb0, 0x5f, 0x2c, 0xb2, 0x01, 0x00, 0x43, 0x2b, 0x2d, 0xb0, 0x60, 0x2c, 0xb2, 0x01, 0x01, 0x43, 
	0x2b, 0x2d, 0xb0, 0x61, 0x2c, 0xb2, 0x00, 0x00, 0x46, 0x2b, 0x2d, 0xb0, 0x62, 0x2c, 0xb2, 0x00, 
	0x01, 0x46, 0x2b, 0x2d, 0xb0, 0x63, 0x2c, 0xb2, 0x01, 0x00, 0x46, 0x2b, 0x2d, 0xb0, 0x64, 0x2c, 
	0xb2, 0x01, 0x01, 0x46, 0x2b, 0x2d, 0xb0, 0x65, 0x2c, 0xb3, 0x00, 0x00, 0x00, 0x42, 0x2b, 0x2d, 
	0xb0, 0x66, 0x2c, 0xb3, 0x00, 0x01, 0x00, 0x42, 0x2b, 0x2d, 0xb0, 0x67, 0x2c, 0xb3, 0x01, 0x00, 
	0x00, 0x42, 0x2b, 0x2d, 0xb0, 0x68, 0x2c, 0xb3, 0x01, 0x01, 0x00, 0x42, 0x2b, 0x2d, 0xb0, 0x69, 
	0x2c, 0xb3, 0x00, 0x00, 0x01, 0x42, 0x2b, 0x2d, 0xb0, 0x6a, 0x2c, 0xb3, 0x00, 0x01, 0x01, 0x42, 
	0x2b, 0x2d, 0xb0, 0x6b, 0x2c, 0xb3, 0x01, 0x00, 0x01, 0x42, 0x2b, 0x2d, 0xb0, 0x6c, 0x2c, 0xb3, 
	0x01, 0x01, 0x01, 0x42, 0x2b, 0x2d, 0xb0, 0x6d, 0x2c, 0xb1, 0x00, 0x3a, 0x2b, 0x2e, 0xb1, 0x2e, 
	0x01, 0x14, 0x2b, 0x2d, 0xb0, 0x6e, 0x2c, 0xb1, 0x00, 0x3a, 0x2b, 0xb0, 0x3e, 0x2b, 0x2d, 0xb0, 
	0x6f, 0x2c, 0xb1, 0x00, 0x3a, 0x2b, 0xb0, 0x3f, 0x2b, 0x2d, 0xb0, 0x70, 0x2c, 0xb0, 0x00, 0x16, 
	0xb1, 0x00, 0x3a, 0x2b, 0xb0, 0x40, 0x2b, 0x2d, 0xb0, 0x71, 0x2c, 0xb1, 0x01, 0x3a, 0x2b, 0xb0, 
	0x3e, 0x2b, 0x2d, 0xb0, 0x72, 0x2c, 0xb1, 0x01, 0x3a, 0x2b, 0xb0, 0x3f, 0x2b, 0x2d, 0xb0, 0x73, 
	0x2c, 0xb0, 0x00, 0x16, 0xb1, 0x01, 0x3a, 0x2b, 0xb0, 0x40, 0x2b, 0x2d, 0xb0, 0x74, 0x2c, 0xb1, 
	0x00, 0x3b, 0x2b, 0x2e, 0xb1, 0x2e, 0x01, 0x14, 0x2b, 0x2d, 0xb0, 0x75, 0x2c, 0xb1, 0x00, 0x3b, 
	0x2b, 0xb0, 0x3e, 0x2b, 0x2d, 0xb0, 0x76, 0x2c, 0xb1, 0x00, 0x3b, 0x2b, 0xb0, 0x3f, 0x2b, 0x2d, 
	0xb0, 0x77, 0x2c, 0xb1, 0x00, 0x3b, 0x2b, 0xb0, 0x40, 0x2b, 0x2d, 0xb0, 0x78, 0x2c, 0xb1, 0x01, 
	0x3b, 0x2b, 0xb0, 0x3e, 0x2b, 0x2d, 0xb0, 0x79, 0x2c, 0xb1, 0x01, 0x3b, 0x2b, 0xb0, 0x3f, 0x2b, 
	0x2d, 0xb0, 0x7a, 0x2c, 0xb1, 0x01, 0x3b, 0x2b, 0xb0, 0x40, 0x2b, 0x2d, 0xb0, 0x7b, 0x2c, 0xb1, 
	0x00, 0x3c, 0x2b, 0x2e, 0xb1, 0x2e, 0x01, 0x14, 0x2b, 0x2d, 0xb0, 0x7c, 0x2c, 0xb1, 0x00, 0x3c, 
	0x2b, 0xb0, 0x3e, 0x2b, 0x2d, 0xb0, 0x7d, 0x2c, 0xb1, 0x00, 0x3c, 0x2b, 0xb0, 0x3f, 0x2b, 0x2d, 
	0xb0, 0x7e, 0x2c, 0xb1, 0x00, 0x3c, 0x2b, 0xb0, 0x40, 0x2b, 0x2d, 0xb0, 0x7f, 0x2c, 0xb1, 0x01, 
	0x3c, 0x2b, 0xb0, 0x3e, 0x2b, 0x2d, 0xb0, 0x80, 0x2c, 0xb1, 0x01, 0x3c, 0x2b, 0xb0, 0x3f, 0x2b, 
	0x2d, 0xb0, 0x81, 0x2c, 0xb1, 0x01, 0x3c, 0x2b, 0xb0, 0x40, 0x2b, 0x2d, 0xb0, 0x82, 0x2c, 0xb1, 
	0x00, 0x3d, 0x2b, 0x2e, 0xb1, 0x2e, 0x01, 0x14, 0x2b, 0x2d, 0xb0, 0x83, 0x2c, 0xb1, 0x00, 0x3d, 
	0x2b, 0xb0, 0x3e, 0x2b, 0x2d, 0xb0, 0x84, 0x2c, 0xb1, 0x00, 0x3d, 0x2b, 0xb0, 0x3f, 0x2b, 0x2d, 
	0xb0, 0x85, 0x2c, 0xb1, 0x00, 0x3d, 0x2b, 0xb0, 0x40, 0x2b, 0x2d, 0xb0, 0x86, 0x2c, 0xb1, 0x01, 
	0x3d, 0x2b, 0xb0, 0x3e, 0x2b, 0x2d, 0xb0, 0x87, 0x2c, 0xb1, 0x01, 0x3d, 0x2b, 0xb0, 0x3f, 0x2b, 
	0x2d, 0xb0, 0x88, 0x2c, 0xb1, 0x01, 0x3d, 0x2b, 0xb0, 0x40, 0x2b, 0x2d, 0xb0, 0x89, 0x2c, 0xb3, 
	0x09, 0x04, 0x02, 0x03, 0x45, 0x58, 0x21, 0x1b, 0x23, 0x21, 0x59, 0x42, 0x2b, 0xb0, 0x08, 0x65, 
	0xb0, 0x03, 0x24, 0x50, 0x78, 0xb1, 0x05, 0x01, 0x15, 0x45, 0x58, 0x30, 0x59, 0x2d, 0x00, 0x00, 
	0x00, 0x4b, 0xb8, 0x00, 0xc8, 0x52, 0x58, 0xb1, 0x01, 0x01, 0x8e, 0x59, 0xb0, 0x01, 0xb9, 0x08, 
	0x00, 0x08, 0x00, 0x63, 0x70, 0xb1, 0x00, 0x07, 0x42, 0xb5, 0x6c, 0x54, 0x3c, 0x24, 0x04, 0x00, 
	0x2a, 0xb1, 0x00, 0x07, 0x42, 0x40, 0x0a, 0x5d, 0x0a, 0x45, 0x0a, 0x2d, 0x0a, 0x17, 0x09, 0x04, 
	0x08, 0x2a, 0xb1, 0x00, 0x07, 0x42, 0x40, 0x0a, 0x69, 0x06, 0x51, 0x06, 0x39, 0x06, 0x22, 0x05, 
	0x04, 0x08, 0x2a, 0xb1, 0x00, 0x0b, 0x42, 0xbd, 0x17, 0x80, 0x11, 0x80, 0x0b, 0x80, 0x06, 0x00, 
	0x00, 0x04, 0x00, 0x09, 0x2a, 0xb1, 0x00, 0x0f, 0x42, 0xbd, 0x00, 0xc0, 0x00, 0xc0, 0x00, 0xc0, 
	0x00, 0xc0, 0x00, 0x04, 0x00, 0x09, 0x2a, 0xb1, 0x03, 0x00, 0x44, 0xb1, 0x24, 0x01, 0x88, 0x51, 
	0x58, 0xb0, 0x40, 0x88, 0x58, 0xb1, 0x03, 0x64, 0x44, 0xb1, 0x26, 0x01, 0x88, 0x51, 0x58, 0xba, 
	0x08, 0x80, 0x00, 0x01, 0x04, 0x40, 0x88, 0x63, 0x54, 0x58, 0xb1, 0x03, 0x00, 0x44, 0x59, 0x59, 
	0x59, 0x59, 0x40, 0x0a, 0x61, 0x08, 0x49, 0x08, 0x31, 0x08, 0x1b, 0x07, 0x04, 0x0c, 0x2a, 0xb8, 
	0x01, 0xff, 0x85, 0xb0, 0x04, 0x8d, 0xb1, 0x02, 0x00, 0x44, 0xb3, 0x05, 0x64, 0x06, 0x00, 0x44, 
	0x44, 0x00, 0x00, 0x00, 0x00, 0x00, 0x00, 0x01, 0x00, 0x00, 0x00, 0x00
};
const int PressStart2P_size = sizeof(PressStart2P);
